STARTFONT 2.1
COMMENT This font was automatically resized by bdfresize-1.5
COMMENT   mag_x = 2/1, mag_y = 2/1, blackness = 4
COMMENT /*
COMMENT  * Spleen 12x24 2.1.0
COMMENT  * Copyright (c) 2018-2024, Frederic Cambus
COMMENT  * https://www.cambus.net/
COMMENT  *
COMMENT  * Created:      2018-08-15
COMMENT  * Last Updated: 2024-03-22
COMMENT  *
COMMENT  * Spleen is released under the BSD 2-Clause license.
COMMENT  * See LICENSE file for details.
COMMENT  *
COMMENT  * SPDX-License-Identifier: BSD-2-Clause
COMMENT  */
FONT -misc-spleen-medium-r-normal--48-480-72-72-C-240-ISO10646-1
SIZE 48 72 72
FONTBOUNDINGBOX 24 48 0 -10
STARTPROPERTIES 20
FAMILY_NAME "Spleen"
WEIGHT_NAME "Medium"
FONT_VERSION "2.1.0"
FOUNDRY "misc"
SLANT "R"
SETWIDTH_NAME "Normal"
PIXEL_SIZE 48
POINT_SIZE 480
RESOLUTION_X 72
RESOLUTION_Y 72
SPACING "C"
AVERAGE_WIDTH 240
CHARSET_REGISTRY "ISO10646"
CHARSET_ENCODING "1"
MIN_SPACE 12
FONT_ASCENT 38
FONT_DESCENT 10
COPYRIGHT "Copyright (c) 2018-2024, Frederic Cambus"
DEFAULT_CHAR 32
_GBDFED_INFO "Edited with gbdfed 1.6."
ENDPROPERTIES
CHARS 916
STARTCHAR SPACE
ENCODING 32
SWIDTH 1000 0
DWIDTH 24 0
BBX 24 48 0 -10
BITMAP
000000
000000
000000
000000
000000
000000
000000
000000
000000
000000
000000
000000
000000
000000
000000
000000
000000
000000
000000
000000
000000
000000
000000
000000
000000
000000
000000
000000
000000
000000
000000
000000
000000
000000
000000
000000
000000
000000
000000
000000
000000
000000
000000
000000
000000
000000
000000
000000
ENDCHAR
STARTCHAR EXCLAMATION MARK
ENCODING 33
SWIDTH 1000 0
DWIDTH 24 0
BBX 24 48 0 -10
BITMAP
000000
000000
000000
000000
000000
000000
000000
000000
003C00
003C00
003C00
003C00
003C00
003C00
003C00
003C00
003C00
003C00
003C00
003C00
003C00
003C00
003C00
003C00
003C00
003C00
003C00
003C00
003C00
003C00
000000
000000
000000
000000
003C00
003C00
003C00
003C00
000000
000000
000000
000000
000000
000000
000000
000000
000000
000000
ENDCHAR
STARTCHAR QUOTATION MARK
ENCODING 34
SWIDTH 1000 0
DWIDTH 24 0
BBX 24 48 0 -10
BITMAP
000000
000000
000000
000000
0F00F0
0F00F0
0F00F0
0F00F0
0F00F0
0F00F0
0F00F0
0F00F0
0F00F0
0F00F0
0F00F0
0F00F0
0F00F0
0F00F0
000000
000000
000000
000000
000000
000000
000000
000000
000000
000000
000000
000000
000000
000000
000000
000000
000000
000000
000000
000000
000000
000000
000000
000000
000000
000000
000000
000000
000000
000000
ENDCHAR
STARTCHAR NUMBER SIGN
ENCODING 35
SWIDTH 1000 0
DWIDTH 24 0
BBX 24 48 0 -10
BITMAP
000000
000000
000000
000000
000000
000000
000000
000000
0F00F0
0F00F0
0F00F0
0F00F0
0F00F0
0F00F0
3FFFFC
3FFFFC
0F00F0
0F00F0
0F00F0
0F00F0
0F00F0
0F00F0
0F00F0
0F00F0
0F00F0
0F00F0
0F00F0
0F00F0
0F00F0
0F00F0
3FFFFC
3FFFFC
0F00F0
0F00F0
0F00F0
0F00F0
0F00F0
0F00F0
000000
000000
000000
000000
000000
000000
000000
000000
000000
000000
ENDCHAR
STARTCHAR DOLLAR SIGN
ENCODING 36
SWIDTH 1000 0
DWIDTH 24 0
BBX 24 48 0 -10
BITMAP
000000
000000
000000
000000
003C00
003C00
003C00
003C00
03FFFC
03FFFC
0F3C00
0F3C00
3C3C00
3C3C00
3C3C00
3C3C00
3C3C00
3C3C00
3C3C00
3C3C00
0F3C00
0F3C00
03FFC0
03FFC0
003CF0
003CF0
003C3C
003C3C
003C3C
003C3C
003C3C
003C3C
003C3C
003C3C
003CF0
003CF0
3FFFC0
3FFFC0
003C00
003C00
003C00
003C00
000000
000000
000000
000000
000000
000000
ENDCHAR
STARTCHAR PERCENT SIGN
ENCODING 37
SWIDTH 1000 0
DWIDTH 24 0
BBX 24 48 0 -10
BITMAP
000000
000000
000000
000000
000000
000000
000000
000000
000000
000000
0000F0
0000F0
0FC0F0
0FC0F0
3CF3C0
3CF3C0
3CF3C0
3CF3C0
0FCF00
0FCF00
000F00
000F00
003C00
003C00
003C00
003C00
00F000
00F000
00F3F0
00F3F0
03CF3C
03CF3C
03CF3C
03CF3C
0F03F0
0F03F0
0F0000
0F0000
000000
000000
000000
000000
000000
000000
000000
000000
000000
000000
ENDCHAR
STARTCHAR AMPERSAND
ENCODING 38
SWIDTH 1000 0
DWIDTH 24 0
BBX 24 48 0 -10
BITMAP
000000
000000
000000
000000
000000
000000
000000
000000
00FF00
00FF00
03C3C0
03C3C0
0F00F0
0F00F0
0F00F0
0F00F0
0F00F0
0F00F0
0F00F0
0F00F0
03C3C0
03C3C0
00FF00
00FF00
0F0F00
0F0F00
3C03CC
3C03CC
3C00FC
3C00FC
3C00F0
3C00F0
3C00F0
3C00F0
0F03FC
0F03FC
03FF0F
03FF0F
000000
000000
000000
000000
000000
000000
000000
000000
000000
000000
ENDCHAR
STARTCHAR APOSTROPHE
ENCODING 39
SWIDTH 1000 0
DWIDTH 24 0
BBX 24 48 0 -10
BITMAP
000000
000000
000000
000000
003C00
003C00
003C00
003C00
003C00
003C00
003C00
003C00
003C00
003C00
003C00
003C00
003C00
003C00
000000
000000
000000
000000
000000
000000
000000
000000
000000
000000
000000
000000
000000
000000
000000
000000
000000
000000
000000
000000
000000
000000
000000
000000
000000
000000
000000
000000
000000
000000
ENDCHAR
STARTCHAR LEFT PARENTHESIS
ENCODING 40
SWIDTH 1000 0
DWIDTH 24 0
BBX 24 48 0 -10
BITMAP
000000
000000
000000
000000
0000FC
0000FC
0003C0
0003C0
000F00
000F00
003C00
003C00
00F000
00F000
00F000
00F000
03C000
03C000
03C000
03C000
03C000
03C000
03C000
03C000
03C000
03C000
03C000
03C000
03C000
03C000
03C000
03C000
00F000
00F000
00F000
00F000
003C00
003C00
000F00
000F00
0003C0
0003C0
0000FC
0000FC
000000
000000
000000
000000
ENDCHAR
STARTCHAR RIGHT PARENTHESIS
ENCODING 41
SWIDTH 1000 0
DWIDTH 24 0
BBX 24 48 0 -10
BITMAP
000000
000000
000000
000000
3F0000
3F0000
03C000
03C000
00F000
00F000
003C00
003C00
000F00
000F00
000F00
000F00
0003C0
0003C0
0003C0
0003C0
0003C0
0003C0
0003C0
0003C0
0003C0
0003C0
0003C0
0003C0
0003C0
0003C0
0003C0
0003C0
000F00
000F00
000F00
000F00
003C00
003C00
00F000
00F000
03C000
03C000
3F0000
3F0000
000000
000000
000000
000000
ENDCHAR
STARTCHAR ASTERISK
ENCODING 42
SWIDTH 1000 0
DWIDTH 24 0
BBX 24 48 0 -10
BITMAP
000000
000000
000000
000000
000000
000000
000000
000000
000000
000000
000000
000000
000000
000000
000000
000000
0F00F0
0F00F0
03C3C0
03C3C0
00FF00
00FF00
003C00
003C00
3FFFFC
3FFFFC
003C00
003C00
00FF00
00FF00
03C3C0
03C3C0
0F00F0
0F00F0
000000
000000
000000
000000
000000
000000
000000
000000
000000
000000
000000
000000
000000
000000
ENDCHAR
STARTCHAR PLUS SIGN
ENCODING 43
SWIDTH 1000 0
DWIDTH 24 0
BBX 24 48 0 -10
BITMAP
000000
000000
000000
000000
000000
000000
000000
000000
000000
000000
000000
000000
000000
000000
000000
000000
000000
000000
003C00
003C00
003C00
003C00
003C00
003C00
0FFFF0
0FFFF0
003C00
003C00
003C00
003C00
003C00
003C00
000000
000000
000000
000000
000000
000000
000000
000000
000000
000000
000000
000000
000000
000000
000000
000000
ENDCHAR
STARTCHAR COMMA
ENCODING 44
SWIDTH 1000 0
DWIDTH 24 0
BBX 24 48 0 -10
BITMAP
000000
000000
000000
000000
000000
000000
000000
000000
000000
000000
000000
000000
000000
000000
000000
000000
000000
000000
000000
000000
000000
000000
000000
000000
000000
000000
000000
000000
000000
000000
000000
000000
003C00
003C00
003C00
003C00
003C00
003C00
00F000
00F000
03C000
03C000
000000
000000
000000
000000
000000
000000
ENDCHAR
STARTCHAR HYPHEN-MINUS
ENCODING 45
SWIDTH 1000 0
DWIDTH 24 0
BBX 24 48 0 -10
BITMAP
000000
000000
000000
000000
000000
000000
000000
000000
000000
000000
000000
000000
000000
000000
000000
000000
000000
000000
000000
000000
000000
000000
000000
000000
0FFFF0
0FFFF0
000000
000000
000000
000000
000000
000000
000000
000000
000000
000000
000000
000000
000000
000000
000000
000000
000000
000000
000000
000000
000000
000000
ENDCHAR
STARTCHAR FULL STOP
ENCODING 46
SWIDTH 1000 0
DWIDTH 24 0
BBX 24 48 0 -10
BITMAP
000000
000000
000000
000000
000000
000000
000000
000000
000000
000000
000000
000000
000000
000000
000000
000000
000000
000000
000000
000000
000000
000000
000000
000000
000000
000000
000000
000000
000000
000000
000000
000000
000000
000000
003C00
003C00
003C00
003C00
000000
000000
000000
000000
000000
000000
000000
000000
000000
000000
ENDCHAR
STARTCHAR SOLIDUS
ENCODING 47
SWIDTH 1000 0
DWIDTH 24 0
BBX 24 48 0 -10
BITMAP
000000
000000
000000
000000
00000F
00000F
00000F
00000F
00003C
00003C
00003C
00003C
0000F0
0000F0
0000F0
0000F0
0003C0
0003C0
0003C0
0003C0
000F00
000F00
000F00
000F00
003C00
003C00
003C00
003C00
00F000
00F000
00F000
00F000
03C000
03C000
03C000
03C000
0F0000
0F0000
0F0000
0F0000
3C0000
3C0000
3C0000
3C0000
000000
000000
000000
000000
ENDCHAR
STARTCHAR DIGIT ZERO
ENCODING 48
SWIDTH 1000 0
DWIDTH 24 0
BBX 24 48 0 -10
BITMAP
000000
000000
000000
000000
000000
000000
000000
000000
03FFC0
03FFC0
0F00F0
0F00F0
3C003C
3C003C
3C003C
3C003C
3C00FC
3C00FC
3C03FC
3C03FC
3C0F3C
3C0F3C
3C3C3C
3C3C3C
3CF03C
3CF03C
3FC03C
3FC03C
3F003C
3F003C
3C003C
3C003C
3C003C
3C003C
0F00F0
0F00F0
03FFC0
03FFC0
000000
000000
000000
000000
000000
000000
000000
000000
000000
000000
ENDCHAR
STARTCHAR DIGIT ONE
ENCODING 49
SWIDTH 1000 0
DWIDTH 24 0
BBX 24 48 0 -10
BITMAP
000000
000000
000000
000000
000000
000000
000000
000000
00FC00
00FC00
03FC00
03FC00
0F3C00
0F3C00
0C3C00
0C3C00
003C00
003C00
003C00
003C00
003C00
003C00
003C00
003C00
003C00
003C00
003C00
003C00
003C00
003C00
003C00
003C00
003C00
003C00
003C00
003C00
0FFFF0
0FFFF0
000000
000000
000000
000000
000000
000000
000000
000000
000000
000000
ENDCHAR
STARTCHAR DIGIT TWO
ENCODING 50
SWIDTH 1000 0
DWIDTH 24 0
BBX 24 48 0 -10
BITMAP
000000
000000
000000
000000
000000
000000
000000
000000
03FFC0
03FFC0
0F00F0
0F00F0
3C003C
3C003C
00003C
00003C
00003C
00003C
00003C
00003C
0000F0
0000F0
0003C0
0003C0
000F00
000F00
003C00
003C00
00F000
00F000
03C000
03C000
0F0000
0F0000
3C003C
3C003C
3FFFFC
3FFFFC
000000
000000
000000
000000
000000
000000
000000
000000
000000
000000
ENDCHAR
STARTCHAR DIGIT THREE
ENCODING 51
SWIDTH 1000 0
DWIDTH 24 0
BBX 24 48 0 -10
BITMAP
000000
000000
000000
000000
000000
000000
000000
000000
03FFC0
03FFC0
0F00F0
0F00F0
3C003C
3C003C
00003C
00003C
00003C
00003C
0000F0
0000F0
00FFC0
00FFC0
0000F0
0000F0
00003C
00003C
00003C
00003C
00003C
00003C
00003C
00003C
3C003C
3C003C
0F00F0
0F00F0
03FFC0
03FFC0
000000
000000
000000
000000
000000
000000
000000
000000
000000
000000
ENDCHAR
STARTCHAR DIGIT FOUR
ENCODING 52
SWIDTH 1000 0
DWIDTH 24 0
BBX 24 48 0 -10
BITMAP
000000
000000
000000
000000
000000
000000
000000
000000
3C0000
3C0000
3C0000
3C0000
3C0000
3C0000
3C03C0
3C03C0
3C03C0
3C03C0
3C03C0
3C03C0
3C03C0
3C03C0
3C03C0
3C03C0
3C03C0
3C03C0
3C03C0
3C03C0
3FFFFC
3FFFFC
0003C0
0003C0
0003C0
0003C0
0003C0
0003C0
0003C0
0003C0
000000
000000
000000
000000
000000
000000
000000
000000
000000
000000
ENDCHAR
STARTCHAR DIGIT FIVE
ENCODING 53
SWIDTH 1000 0
DWIDTH 24 0
BBX 24 48 0 -10
BITMAP
000000
000000
000000
000000
000000
000000
000000
000000
3FFFFC
3FFFFC
3C003C
3C003C
3C0000
3C0000
3C0000
3C0000
3C0000
3C0000
3C0000
3C0000
3FFFC0
3FFFC0
0000F0
0000F0
00003C
00003C
00003C
00003C
00003C
00003C
00003C
00003C
3C003C
3C003C
0F00F0
0F00F0
03FFC0
03FFC0
000000
000000
000000
000000
000000
000000
000000
000000
000000
000000
ENDCHAR
STARTCHAR DIGIT SIX
ENCODING 54
SWIDTH 1000 0
DWIDTH 24 0
BBX 24 48 0 -10
BITMAP
000000
000000
000000
000000
000000
000000
000000
000000
03FFF0
03FFF0
0F003C
0F003C
3C0000
3C0000
3C0000
3C0000
3C0000
3C0000
3C0000
3C0000
3FFFC0
3FFFC0
3C00F0
3C00F0
3C003C
3C003C
3C003C
3C003C
3C003C
3C003C
3C003C
3C003C
3C003C
3C003C
0F00F0
0F00F0
03FFC0
03FFC0
000000
000000
000000
000000
000000
000000
000000
000000
000000
000000
ENDCHAR
STARTCHAR DIGIT SEVEN
ENCODING 55
SWIDTH 1000 0
DWIDTH 24 0
BBX 24 48 0 -10
BITMAP
000000
000000
000000
000000
000000
000000
000000
000000
3FFFFC
3FFFFC
3C003C
3C003C
00003C
00003C
00003C
00003C
00003C
00003C
0000F0
0000F0
0003C0
0003C0
000F00
000F00
003C00
003C00
00F000
00F000
00F000
00F000
00F000
00F000
00F000
00F000
00F000
00F000
00F000
00F000
000000
000000
000000
000000
000000
000000
000000
000000
000000
000000
ENDCHAR
STARTCHAR DIGIT EIGHT
ENCODING 56
SWIDTH 1000 0
DWIDTH 24 0
BBX 24 48 0 -10
BITMAP
000000
000000
000000
000000
000000
000000
000000
000000
03FFC0
03FFC0
0F00F0
0F00F0
3C003C
3C003C
3C003C
3C003C
3C003C
3C003C
0F00F0
0F00F0
03FFC0
03FFC0
0F00F0
0F00F0
3C003C
3C003C
3C003C
3C003C
3C003C
3C003C
3C003C
3C003C
3C003C
3C003C
0F00F0
0F00F0
03FFC0
03FFC0
000000
000000
000000
000000
000000
000000
000000
000000
000000
000000
ENDCHAR
STARTCHAR DIGIT NINE
ENCODING 57
SWIDTH 1000 0
DWIDTH 24 0
BBX 24 48 0 -10
BITMAP
000000
000000
000000
000000
000000
000000
000000
000000
03FFC0
03FFC0
0F00F0
0F00F0
3C003C
3C003C
3C003C
3C003C
3C003C
3C003C
3C003C
3C003C
3C003C
3C003C
0F003C
0F003C
03FFFC
03FFFC
00003C
00003C
00003C
00003C
00003C
00003C
00003C
00003C
3C00F0
3C00F0
0FFFC0
0FFFC0
000000
000000
000000
000000
000000
000000
000000
000000
000000
000000
ENDCHAR
STARTCHAR COLON
ENCODING 58
SWIDTH 1000 0
DWIDTH 24 0
BBX 24 48 0 -10
BITMAP
000000
000000
000000
000000
000000
000000
000000
000000
000000
000000
000000
000000
000000
000000
000000
000000
000000
000000
000000
000000
003C00
003C00
003C00
003C00
000000
000000
000000
000000
000000
000000
000000
000000
000000
000000
003C00
003C00
003C00
003C00
000000
000000
000000
000000
000000
000000
000000
000000
000000
000000
ENDCHAR
STARTCHAR SEMICOLON
ENCODING 59
SWIDTH 1000 0
DWIDTH 24 0
BBX 24 48 0 -10
BITMAP
000000
000000
000000
000000
000000
000000
000000
000000
000000
000000
000000
000000
000000
000000
000000
000000
000000
000000
000000
000000
003C00
003C00
003C00
003C00
000000
000000
000000
000000
000000
000000
000000
000000
003C00
003C00
003C00
003C00
003C00
003C00
00F000
00F000
03C000
03C000
000000
000000
000000
000000
000000
000000
ENDCHAR
STARTCHAR LESS-THAN SIGN
ENCODING 60
SWIDTH 1000 0
DWIDTH 24 0
BBX 24 48 0 -10
BITMAP
000000
000000
000000
000000
000000
000000
000000
000000
00003C
00003C
0000F0
0000F0
0003C0
0003C0
000F00
000F00
003C00
003C00
00F000
00F000
03C000
03C000
0F0000
0F0000
03C000
03C000
00F000
00F000
003C00
003C00
000F00
000F00
0003C0
0003C0
0000F0
0000F0
00003C
00003C
000000
000000
000000
000000
000000
000000
000000
000000
000000
000000
ENDCHAR
STARTCHAR EQUALS SIGN
ENCODING 61
SWIDTH 1000 0
DWIDTH 24 0
BBX 24 48 0 -10
BITMAP
000000
000000
000000
000000
000000
000000
000000
000000
000000
000000
000000
000000
000000
000000
000000
000000
000000
000000
3FFFFC
3FFFFC
000000
000000
000000
000000
000000
000000
000000
000000
3FFFFC
3FFFFC
000000
000000
000000
000000
000000
000000
000000
000000
000000
000000
000000
000000
000000
000000
000000
000000
000000
000000
ENDCHAR
STARTCHAR GREATER-THAN SIGN
ENCODING 62
SWIDTH 1000 0
DWIDTH 24 0
BBX 24 48 0 -10
BITMAP
000000
000000
000000
000000
000000
000000
000000
000000
0F0000
0F0000
03C000
03C000
00F000
00F000
003C00
003C00
000F00
000F00
0003C0
0003C0
0000F0
0000F0
00003C
00003C
0000F0
0000F0
0003C0
0003C0
000F00
000F00
003C00
003C00
00F000
00F000
03C000
03C000
0F0000
0F0000
000000
000000
000000
000000
000000
000000
000000
000000
000000
000000
ENDCHAR
STARTCHAR QUESTION MARK
ENCODING 63
SWIDTH 1000 0
DWIDTH 24 0
BBX 24 48 0 -10
BITMAP
000000
000000
000000
000000
000000
000000
000000
000000
03FFC0
03FFC0
0F00F0
0F00F0
3C003C
3C003C
00003C
00003C
00003C
00003C
0000F0
0000F0
0003C0
0003C0
000F00
000F00
003C00
003C00
003C00
003C00
003C00
003C00
000000
000000
000000
000000
003C00
003C00
003C00
003C00
000000
000000
000000
000000
000000
000000
000000
000000
000000
000000
ENDCHAR
STARTCHAR COMMERCIAL AT
ENCODING 64
SWIDTH 1000 0
DWIDTH 24 0
BBX 24 48 0 -10
BITMAP
000000
000000
000000
000000
000000
000000
000000
000000
000000
000000
03FFC0
03FFC0
0F00F0
0F00F0
3C003C
3C003C
3C003C
3C003C
3C3F3C
3C3F3C
3C3F3C
3C3F3C
3C3F3C
3C3F3C
3C3F3C
3C3F3C
3C3F3C
3C3F3C
3C3F3C
3C3F3C
3C3FFC
3C3FFC
3C0000
3C0000
0F0000
0F0000
03FFF0
03FFF0
000000
000000
000000
000000
000000
000000
000000
000000
000000
000000
ENDCHAR
STARTCHAR LATIN CAPITAL LETTER A
ENCODING 65
SWIDTH 1000 0
DWIDTH 24 0
BBX 24 48 0 -10
BITMAP
000000
000000
000000
000000
000000
000000
000000
000000
03FFC0
03FFC0
0F00F0
0F00F0
3C003C
3C003C
3C003C
3C003C
3C003C
3C003C
3C003C
3C003C
3C003C
3C003C
3FFFFC
3FFFFC
3C003C
3C003C
3C003C
3C003C
3C003C
3C003C
3C003C
3C003C
3C003C
3C003C
3C003C
3C003C
3C003C
3C003C
000000
000000
000000
000000
000000
000000
000000
000000
000000
000000
ENDCHAR
STARTCHAR LATIN CAPITAL LETTER B
ENCODING 66
SWIDTH 1000 0
DWIDTH 24 0
BBX 24 48 0 -10
BITMAP
000000
000000
000000
000000
000000
000000
000000
000000
3FFFC0
3FFFC0
3C00F0
3C00F0
3C003C
3C003C
3C003C
3C003C
3C003C
3C003C
3C003C
3C003C
3C00F0
3C00F0
3FFFC0
3FFFC0
3C00F0
3C00F0
3C003C
3C003C
3C003C
3C003C
3C003C
3C003C
3C003C
3C003C
3C00F0
3C00F0
3FFFC0
3FFFC0
000000
000000
000000
000000
000000
000000
000000
000000
000000
000000
ENDCHAR
STARTCHAR LATIN CAPITAL LETTER C
ENCODING 67
SWIDTH 1000 0
DWIDTH 24 0
BBX 24 48 0 -10
BITMAP
000000
000000
000000
000000
000000
000000
000000
000000
03FFFC
03FFFC
0F0000
0F0000
3C0000
3C0000
3C0000
3C0000
3C0000
3C0000
3C0000
3C0000
3C0000
3C0000
3C0000
3C0000
3C0000
3C0000
3C0000
3C0000
3C0000
3C0000
3C0000
3C0000
3C0000
3C0000
0F0000
0F0000
03FFFC
03FFFC
000000
000000
000000
000000
000000
000000
000000
000000
000000
000000
ENDCHAR
STARTCHAR LATIN CAPITAL LETTER D
ENCODING 68
SWIDTH 1000 0
DWIDTH 24 0
BBX 24 48 0 -10
BITMAP
000000
000000
000000
000000
000000
000000
000000
000000
3FFFC0
3FFFC0
3C00F0
3C00F0
3C003C
3C003C
3C003C
3C003C
3C003C
3C003C
3C003C
3C003C
3C003C
3C003C
3C003C
3C003C
3C003C
3C003C
3C003C
3C003C
3C003C
3C003C
3C003C
3C003C
3C003C
3C003C
3C00F0
3C00F0
3FFFC0
3FFFC0
000000
000000
000000
000000
000000
000000
000000
000000
000000
000000
ENDCHAR
STARTCHAR LATIN CAPITAL LETTER E
ENCODING 69
SWIDTH 1000 0
DWIDTH 24 0
BBX 24 48 0 -10
BITMAP
000000
000000
000000
000000
000000
000000
000000
000000
03FFFC
03FFFC
0F0000
0F0000
3C0000
3C0000
3C0000
3C0000
3C0000
3C0000
3C0000
3C0000
3C0000
3C0000
3FFFC0
3FFFC0
3C0000
3C0000
3C0000
3C0000
3C0000
3C0000
3C0000
3C0000
3C0000
3C0000
0F0000
0F0000
03FFFC
03FFFC
000000
000000
000000
000000
000000
000000
000000
000000
000000
000000
ENDCHAR
STARTCHAR LATIN CAPITAL LETTER F
ENCODING 70
SWIDTH 1000 0
DWIDTH 24 0
BBX 24 48 0 -10
BITMAP
000000
000000
000000
000000
000000
000000
000000
000000
03FFFC
03FFFC
0F0000
0F0000
3C0000
3C0000
3C0000
3C0000
3C0000
3C0000
3C0000
3C0000
3C0000
3C0000
3FFFC0
3FFFC0
3C0000
3C0000
3C0000
3C0000
3C0000
3C0000
3C0000
3C0000
3C0000
3C0000
3C0000
3C0000
3C0000
3C0000
000000
000000
000000
000000
000000
000000
000000
000000
000000
000000
ENDCHAR
STARTCHAR LATIN CAPITAL LETTER G
ENCODING 71
SWIDTH 1000 0
DWIDTH 24 0
BBX 24 48 0 -10
BITMAP
000000
000000
000000
000000
000000
000000
000000
000000
03FFFC
03FFFC
0F0000
0F0000
3C0000
3C0000
3C0000
3C0000
3C0000
3C0000
3C0000
3C0000
3C0000
3C0000
3C0FFC
3C0FFC
3C003C
3C003C
3C003C
3C003C
3C003C
3C003C
3C003C
3C003C
3C003C
3C003C
0F003C
0F003C
03FFFC
03FFFC
000000
000000
000000
000000
000000
000000
000000
000000
000000
000000
ENDCHAR
STARTCHAR LATIN CAPITAL LETTER H
ENCODING 72
SWIDTH 1000 0
DWIDTH 24 0
BBX 24 48 0 -10
BITMAP
000000
000000
000000
000000
000000
000000
000000
000000
3C003C
3C003C
3C003C
3C003C
3C003C
3C003C
3C003C
3C003C
3C003C
3C003C
3C003C
3C003C
3C003C
3C003C
3FFFFC
3FFFFC
3C003C
3C003C
3C003C
3C003C
3C003C
3C003C
3C003C
3C003C
3C003C
3C003C
3C003C
3C003C
3C003C
3C003C
000000
000000
000000
000000
000000
000000
000000
000000
000000
000000
ENDCHAR
STARTCHAR LATIN CAPITAL LETTER I
ENCODING 73
SWIDTH 1000 0
DWIDTH 24 0
BBX 24 48 0 -10
BITMAP
000000
000000
000000
000000
000000
000000
000000
000000
0FFFF0
0FFFF0
003C00
003C00
003C00
003C00
003C00
003C00
003C00
003C00
003C00
003C00
003C00
003C00
003C00
003C00
003C00
003C00
003C00
003C00
003C00
003C00
003C00
003C00
003C00
003C00
003C00
003C00
0FFFF0
0FFFF0
000000
000000
000000
000000
000000
000000
000000
000000
000000
000000
ENDCHAR
STARTCHAR LATIN CAPITAL LETTER J
ENCODING 74
SWIDTH 1000 0
DWIDTH 24 0
BBX 24 48 0 -10
BITMAP
000000
000000
000000
000000
000000
000000
000000
000000
0FFFF0
0FFFF0
003C00
003C00
003C00
003C00
003C00
003C00
003C00
003C00
003C00
003C00
003C00
003C00
003C00
003C00
003C00
003C00
003C00
003C00
003C00
003C00
003C00
003C00
003C00
003C00
00FC00
00FC00
3FF000
3FF000
000000
000000
000000
000000
000000
000000
000000
000000
000000
000000
ENDCHAR
STARTCHAR LATIN CAPITAL LETTER K
ENCODING 75
SWIDTH 1000 0
DWIDTH 24 0
BBX 24 48 0 -10
BITMAP
000000
000000
000000
000000
000000
000000
000000
000000
3C003C
3C003C
3C003C
3C003C
3C003C
3C003C
3C003C
3C003C
3C003C
3C003C
3C00F0
3C00F0
3C03C0
3C03C0
3FFF00
3FFF00
3C03C0
3C03C0
3C00F0
3C00F0
3C003C
3C003C
3C003C
3C003C
3C003C
3C003C
3C003C
3C003C
3C003C
3C003C
000000
000000
000000
000000
000000
000000
000000
000000
000000
000000
ENDCHAR
STARTCHAR LATIN CAPITAL LETTER L
ENCODING 76
SWIDTH 1000 0
DWIDTH 24 0
BBX 24 48 0 -10
BITMAP
000000
000000
000000
000000
000000
000000
000000
000000
3C0000
3C0000
3C0000
3C0000
3C0000
3C0000
3C0000
3C0000
3C0000
3C0000
3C0000
3C0000
3C0000
3C0000
3C0000
3C0000
3C0000
3C0000
3C0000
3C0000
3C0000
3C0000
3C0000
3C0000
3C0000
3C0000
0F0000
0F0000
03FFFC
03FFFC
000000
000000
000000
000000
000000
000000
000000
000000
000000
000000
ENDCHAR
STARTCHAR LATIN CAPITAL LETTER M
ENCODING 77
SWIDTH 1000 0
DWIDTH 24 0
BBX 24 48 0 -10
BITMAP
000000
000000
000000
000000
000000
000000
000000
000000
3C003C
3C003C
3F00FC
3F00FC
3FC3FC
3FC3FC
3CFF3C
3CFF3C
3C3C3C
3C3C3C
3C003C
3C003C
3C003C
3C003C
3C003C
3C003C
3C003C
3C003C
3C003C
3C003C
3C003C
3C003C
3C003C
3C003C
3C003C
3C003C
3C003C
3C003C
3C003C
3C003C
000000
000000
000000
000000
000000
000000
000000
000000
000000
000000
ENDCHAR
STARTCHAR LATIN CAPITAL LETTER N
ENCODING 78
SWIDTH 1000 0
DWIDTH 24 0
BBX 24 48 0 -10
BITMAP
000000
000000
000000
000000
000000
000000
000000
000000
3C003C
3C003C
3F003C
3F003C
3F003C
3F003C
3FC03C
3FC03C
3FC03C
3FC03C
3CF03C
3CF03C
3CF03C
3CF03C
3C3C3C
3C3C3C
3C3C3C
3C3C3C
3C0F3C
3C0F3C
3C0F3C
3C0F3C
3C03FC
3C03FC
3C03FC
3C03FC
3C00FC
3C00FC
3C00FC
3C00FC
000000
000000
000000
000000
000000
000000
000000
000000
000000
000000
ENDCHAR
STARTCHAR LATIN CAPITAL LETTER O
ENCODING 79
SWIDTH 1000 0
DWIDTH 24 0
BBX 24 48 0 -10
BITMAP
000000
000000
000000
000000
000000
000000
000000
000000
03FFC0
03FFC0
0F00F0
0F00F0
3C003C
3C003C
3C003C
3C003C
3C003C
3C003C
3C003C
3C003C
3C003C
3C003C
3C003C
3C003C
3C003C
3C003C
3C003C
3C003C
3C003C
3C003C
3C003C
3C003C
3C003C
3C003C
0F00F0
0F00F0
03FFC0
03FFC0
000000
000000
000000
000000
000000
000000
000000
000000
000000
000000
ENDCHAR
STARTCHAR LATIN CAPITAL LETTER P
ENCODING 80
SWIDTH 1000 0
DWIDTH 24 0
BBX 24 48 0 -10
BITMAP
000000
000000
000000
000000
000000
000000
000000
000000
3FFFC0
3FFFC0
3C00F0
3C00F0
3C003C
3C003C
3C003C
3C003C
3C003C
3C003C
3C003C
3C003C
3C00F0
3C00F0
3FFFC0
3FFFC0
3C0000
3C0000
3C0000
3C0000
3C0000
3C0000
3C0000
3C0000
3C0000
3C0000
3C0000
3C0000
3C0000
3C0000
000000
000000
000000
000000
000000
000000
000000
000000
000000
000000
ENDCHAR
STARTCHAR LATIN CAPITAL LETTER Q
ENCODING 81
SWIDTH 1000 0
DWIDTH 24 0
BBX 24 48 0 -10
BITMAP
000000
000000
000000
000000
000000
000000
000000
000000
03FFC0
03FFC0
0F00F0
0F00F0
3C003C
3C003C
3C003C
3C003C
3C003C
3C003C
3C003C
3C003C
3C003C
3C003C
3C003C
3C003C
3C003C
3C003C
3C003C
3C003C
3C3C3C
3C3C3C
3C3C3C
3C3C3C
3C0F3C
3C0F3C
0F0FF0
0F0FF0
03FFC0
03FFC0
0003C0
0003C0
0000F0
0000F0
0000F0
0000F0
000000
000000
000000
000000
ENDCHAR
STARTCHAR LATIN CAPITAL LETTER R
ENCODING 82
SWIDTH 1000 0
DWIDTH 24 0
BBX 24 48 0 -10
BITMAP
000000
000000
000000
000000
000000
000000
000000
000000
3FFFC0
3FFFC0
3C00F0
3C00F0
3C003C
3C003C
3C003C
3C003C
3C003C
3C003C
3C003C
3C003C
3C00F0
3C00F0
3FFFC0
3FFFC0
3C00F0
3C00F0
3C003C
3C003C
3C003C
3C003C
3C003C
3C003C
3C003C
3C003C
3C003C
3C003C
3C003C
3C003C
000000
000000
000000
000000
000000
000000
000000
000000
000000
000000
ENDCHAR
STARTCHAR LATIN CAPITAL LETTER S
ENCODING 83
SWIDTH 1000 0
DWIDTH 24 0
BBX 24 48 0 -10
BITMAP
000000
000000
000000
000000
000000
000000
000000
000000
03FFFC
03FFFC
0F0000
0F0000
3C0000
3C0000
3C0000
3C0000
3C0000
3C0000
3C0000
3C0000
0F0000
0F0000
03FFC0
03FFC0
0000F0
0000F0
00003C
00003C
00003C
00003C
00003C
00003C
00003C
00003C
0000F0
0000F0
3FFFC0
3FFFC0
000000
000000
000000
000000
000000
000000
000000
000000
000000
000000
ENDCHAR
STARTCHAR LATIN CAPITAL LETTER T
ENCODING 84
SWIDTH 1000 0
DWIDTH 24 0
BBX 24 48 0 -10
BITMAP
000000
000000
000000
000000
000000
000000
000000
000000
3FFFFC
3FFFFC
003C00
003C00
003C00
003C00
003C00
003C00
003C00
003C00
003C00
003C00
003C00
003C00
003C00
003C00
003C00
003C00
003C00
003C00
003C00
003C00
003C00
003C00
003C00
003C00
003C00
003C00
003C00
003C00
000000
000000
000000
000000
000000
000000
000000
000000
000000
000000
ENDCHAR
STARTCHAR LATIN CAPITAL LETTER U
ENCODING 85
SWIDTH 1000 0
DWIDTH 24 0
BBX 24 48 0 -10
BITMAP
000000
000000
000000
000000
000000
000000
000000
000000
3C003C
3C003C
3C003C
3C003C
3C003C
3C003C
3C003C
3C003C
3C003C
3C003C
3C003C
3C003C
3C003C
3C003C
3C003C
3C003C
3C003C
3C003C
3C003C
3C003C
3C003C
3C003C
3C003C
3C003C
3C003C
3C003C
0F003C
0F003C
03FFFC
03FFFC
000000
000000
000000
000000
000000
000000
000000
000000
000000
000000
ENDCHAR
STARTCHAR LATIN CAPITAL LETTER V
ENCODING 86
SWIDTH 1000 0
DWIDTH 24 0
BBX 24 48 0 -10
BITMAP
000000
000000
000000
000000
000000
000000
000000
000000
3C003C
3C003C
3C003C
3C003C
3C003C
3C003C
3C003C
3C003C
3C003C
3C003C
3C003C
3C003C
3C003C
3C003C
3C003C
3C003C
3C003C
3C003C
3C003C
3C003C
0F00F0
0F00F0
0F00F0
0F00F0
03C3C0
03C3C0
00FF00
00FF00
003C00
003C00
000000
000000
000000
000000
000000
000000
000000
000000
000000
000000
ENDCHAR
STARTCHAR LATIN CAPITAL LETTER W
ENCODING 87
SWIDTH 1000 0
DWIDTH 24 0
BBX 24 48 0 -10
BITMAP
000000
000000
000000
000000
000000
000000
000000
000000
3C003C
3C003C
3C003C
3C003C
3C003C
3C003C
3C003C
3C003C
3C003C
3C003C
3C003C
3C003C
3C003C
3C003C
3C003C
3C003C
3C003C
3C003C
3C003C
3C003C
3C3C3C
3C3C3C
3CFF3C
3CFF3C
3FC3FC
3FC3FC
3F00FC
3F00FC
3C003C
3C003C
000000
000000
000000
000000
000000
000000
000000
000000
000000
000000
ENDCHAR
STARTCHAR LATIN CAPITAL LETTER X
ENCODING 88
SWIDTH 1000 0
DWIDTH 24 0
BBX 24 48 0 -10
BITMAP
000000
000000
000000
000000
000000
000000
000000
000000
3C003C
3C003C
3C003C
3C003C
3C003C
3C003C
3C003C
3C003C
3C003C
3C003C
3C003C
3C003C
0F00F0
0F00F0
03FFC0
03FFC0
0F00F0
0F00F0
3C003C
3C003C
3C003C
3C003C
3C003C
3C003C
3C003C
3C003C
3C003C
3C003C
3C003C
3C003C
000000
000000
000000
000000
000000
000000
000000
000000
000000
000000
ENDCHAR
STARTCHAR LATIN CAPITAL LETTER Y
ENCODING 89
SWIDTH 1000 0
DWIDTH 24 0
BBX 24 48 0 -10
BITMAP
000000
000000
000000
000000
000000
000000
000000
000000
3C003C
3C003C
3C003C
3C003C
3C003C
3C003C
3C003C
3C003C
3C003C
3C003C
3C003C
3C003C
0F003C
0F003C
03FFFC
03FFFC
00003C
00003C
00003C
00003C
00003C
00003C
00003C
00003C
00003C
00003C
0000FC
0000FC
3FFFF0
3FFFF0
000000
000000
000000
000000
000000
000000
000000
000000
000000
000000
ENDCHAR
STARTCHAR LATIN CAPITAL LETTER Z
ENCODING 90
SWIDTH 1000 0
DWIDTH 24 0
BBX 24 48 0 -10
BITMAP
000000
000000
000000
000000
000000
000000
000000
000000
3FFFFC
3FFFFC
00003C
00003C
00003C
00003C
00003C
00003C
0000F0
0000F0
0003C0
0003C0
000F00
000F00
003C00
003C00
00F000
00F000
03C000
03C000
0F0000
0F0000
3C0000
3C0000
3C0000
3C0000
3C0000
3C0000
3FFFFC
3FFFFC
000000
000000
000000
000000
000000
000000
000000
000000
000000
000000
ENDCHAR
STARTCHAR LEFT SQUARE BRACKET
ENCODING 91
SWIDTH 1000 0
DWIDTH 24 0
BBX 24 48 0 -10
BITMAP
000000
000000
03FFFC
03FFFC
03C000
03C000
03C000
03C000
03C000
03C000
03C000
03C000
03C000
03C000
03C000
03C000
03C000
03C000
03C000
03C000
03C000
03C000
03C000
03C000
03C000
03C000
03C000
03C000
03C000
03C000
03C000
03C000
03C000
03C000
03C000
03C000
03C000
03C000
03C000
03C000
03C000
03C000
03C000
03C000
03FFFC
03FFFC
000000
000000
ENDCHAR
STARTCHAR REVERSE SOLIDUS
ENCODING 92
SWIDTH 1000 0
DWIDTH 24 0
BBX 24 48 0 -10
BITMAP
000000
000000
000000
000000
F00000
F00000
F00000
F00000
3C0000
3C0000
3C0000
3C0000
0F0000
0F0000
0F0000
0F0000
03C000
03C000
03C000
03C000
00F000
00F000
00F000
00F000
003C00
003C00
003C00
003C00
000F00
000F00
000F00
000F00
0003C0
0003C0
0003C0
0003C0
0000F0
0000F0
0000F0
0000F0
00003C
00003C
00003C
00003C
000000
000000
000000
000000
ENDCHAR
STARTCHAR RIGHT SQUARE BRACKET
ENCODING 93
SWIDTH 1000 0
DWIDTH 24 0
BBX 24 48 0 -10
BITMAP
000000
000000
3FFFC0
3FFFC0
0003C0
0003C0
0003C0
0003C0
0003C0
0003C0
0003C0
0003C0
0003C0
0003C0
0003C0
0003C0
0003C0
0003C0
0003C0
0003C0
0003C0
0003C0
0003C0
0003C0
0003C0
0003C0
0003C0
0003C0
0003C0
0003C0
0003C0
0003C0
0003C0
0003C0
0003C0
0003C0
0003C0
0003C0
0003C0
0003C0
0003C0
0003C0
0003C0
0003C0
3FFFC0
3FFFC0
000000
000000
ENDCHAR
STARTCHAR CIRCUMFLEX ACCENT
ENCODING 94
SWIDTH 1000 0
DWIDTH 24 0
BBX 24 48 0 -10
BITMAP
000000
000000
000000
000000
003000
003000
00FC00
00FC00
03CF00
03CF00
0F03C0
0F03C0
3C00F0
3C00F0
F0003C
F0003C
000000
000000
000000
000000
000000
000000
000000
000000
000000
000000
000000
000000
000000
000000
000000
000000
000000
000000
000000
000000
000000
000000
000000
000000
000000
000000
000000
000000
000000
000000
000000
000000
ENDCHAR
STARTCHAR LOW LINE
ENCODING 95
SWIDTH 1000 0
DWIDTH 24 0
BBX 24 48 0 -10
BITMAP
000000
000000
000000
000000
000000
000000
000000
000000
000000
000000
000000
000000
000000
000000
000000
000000
000000
000000
000000
000000
000000
000000
000000
000000
000000
000000
000000
000000
000000
000000
000000
000000
000000
000000
000000
000000
000000
000000
000000
000000
000000
000000
000000
000000
3FFFFC
3FFFFC
000000
000000
ENDCHAR
STARTCHAR GRAVE ACCENT
ENCODING 96
SWIDTH 1000 0
DWIDTH 24 0
BBX 24 48 0 -10
BITMAP
000000
000000
000000
000000
03C000
03C000
00F000
00F000
003C00
003C00
000F00
000F00
000000
000000
000000
000000
000000
000000
000000
000000
000000
000000
000000
000000
000000
000000
000000
000000
000000
000000
000000
000000
000000
000000
000000
000000
000000
000000
000000
000000
000000
000000
000000
000000
000000
000000
000000
000000
ENDCHAR
STARTCHAR LATIN SMALL LETTER A
ENCODING 97
SWIDTH 1000 0
DWIDTH 24 0
BBX 24 48 0 -10
BITMAP
000000
000000
000000
000000
000000
000000
000000
000000
000000
000000
000000
000000
000000
000000
000000
000000
0FFFC0
0FFFC0
0000F0
0000F0
00003C
00003C
00003C
00003C
03FFFC
03FFFC
0F003C
0F003C
3C003C
3C003C
3C003C
3C003C
3C003C
3C003C
0F003C
0F003C
03FFFC
03FFFC
000000
000000
000000
000000
000000
000000
000000
000000
000000
000000
ENDCHAR
STARTCHAR LATIN SMALL LETTER B
ENCODING 98
SWIDTH 1000 0
DWIDTH 24 0
BBX 24 48 0 -10
BITMAP
000000
000000
000000
000000
000000
000000
000000
000000
3C0000
3C0000
3C0000
3C0000
3C0000
3C0000
3C0000
3C0000
3FFFC0
3FFFC0
3C00F0
3C00F0
3C003C
3C003C
3C003C
3C003C
3C003C
3C003C
3C003C
3C003C
3C003C
3C003C
3C003C
3C003C
3C003C
3C003C
3C00F0
3C00F0
3FFFC0
3FFFC0
000000
000000
000000
000000
000000
000000
000000
000000
000000
000000
ENDCHAR
STARTCHAR LATIN SMALL LETTER C
ENCODING 99
SWIDTH 1000 0
DWIDTH 24 0
BBX 24 48 0 -10
BITMAP
000000
000000
000000
000000
000000
000000
000000
000000
000000
000000
000000
000000
000000
000000
000000
000000
03FFFC
03FFFC
0F0000
0F0000
3C0000
3C0000
3C0000
3C0000
3C0000
3C0000
3C0000
3C0000
3C0000
3C0000
3C0000
3C0000
3C0000
3C0000
0F0000
0F0000
03FFFC
03FFFC
000000
000000
000000
000000
000000
000000
000000
000000
000000
000000
ENDCHAR
STARTCHAR LATIN SMALL LETTER D
ENCODING 100
SWIDTH 1000 0
DWIDTH 24 0
BBX 24 48 0 -10
BITMAP
000000
000000
000000
000000
000000
000000
000000
000000
00003C
00003C
00003C
00003C
00003C
00003C
00003C
00003C
03FFFC
03FFFC
0F003C
0F003C
3C003C
3C003C
3C003C
3C003C
3C003C
3C003C
3C003C
3C003C
3C003C
3C003C
3C003C
3C003C
3C003C
3C003C
0F003C
0F003C
03FFFC
03FFFC
000000
000000
000000
000000
000000
000000
000000
000000
000000
000000
ENDCHAR
STARTCHAR LATIN SMALL LETTER E
ENCODING 101
SWIDTH 1000 0
DWIDTH 24 0
BBX 24 48 0 -10
BITMAP
000000
000000
000000
000000
000000
000000
000000
000000
000000
000000
000000
000000
000000
000000
000000
000000
03FFFC
03FFFC
0F003C
0F003C
3C003C
3C003C
3C003C
3C003C
3C003C
3C003C
3FFFFC
3FFFFC
3C0000
3C0000
3C0000
3C0000
3C0000
3C0000
0F0000
0F0000
03FFFC
03FFFC
000000
000000
000000
000000
000000
000000
000000
000000
000000
000000
ENDCHAR
STARTCHAR LATIN SMALL LETTER F
ENCODING 102
SWIDTH 1000 0
DWIDTH 24 0
BBX 24 48 0 -10
BITMAP
000000
000000
000000
000000
000000
000000
000000
000000
003FF0
003FF0
00FC00
00FC00
00F000
00F000
00F000
00F000
00F000
00F000
00F000
00F000
0FFFC0
0FFFC0
00F000
00F000
00F000
00F000
00F000
00F000
00F000
00F000
00F000
00F000
00F000
00F000
00F000
00F000
00F000
00F000
000000
000000
000000
000000
000000
000000
000000
000000
000000
000000
ENDCHAR
STARTCHAR LATIN SMALL LETTER G
ENCODING 103
SWIDTH 1000 0
DWIDTH 24 0
BBX 24 48 0 -10
BITMAP
000000
000000
000000
000000
000000
000000
000000
000000
000000
000000
000000
000000
000000
000000
000000
000000
03FFFC
03FFFC
0F003C
0F003C
3C003C
3C003C
3C003C
3C003C
3C003C
3C003C
3C003C
3C003C
3C003C
3C003C
3C003C
3C003C
3C003C
3C003C
0F003C
0F003C
03FFF0
03FFF0
0000F0
0000F0
00003C
00003C
00003C
00003C
0000F0
0000F0
0FFFC0
0FFFC0
ENDCHAR
STARTCHAR LATIN SMALL LETTER H
ENCODING 104
SWIDTH 1000 0
DWIDTH 24 0
BBX 24 48 0 -10
BITMAP
000000
000000
000000
000000
000000
000000
000000
000000
3C0000
3C0000
3C0000
3C0000
3C0000
3C0000
3C0000
3C0000
3FFFC0
3FFFC0
3C00F0
3C00F0
3C003C
3C003C
3C003C
3C003C
3C003C
3C003C
3C003C
3C003C
3C003C
3C003C
3C003C
3C003C
3C003C
3C003C
3C003C
3C003C
3C003C
3C003C
000000
000000
000000
000000
000000
000000
000000
000000
000000
000000
ENDCHAR
STARTCHAR LATIN SMALL LETTER I
ENCODING 105
SWIDTH 1000 0
DWIDTH 24 0
BBX 24 48 0 -10
BITMAP
000000
000000
000000
000000
000000
000000
000000
000000
003C00
003C00
003C00
003C00
000000
000000
000000
000000
03FC00
03FC00
003C00
003C00
003C00
003C00
003C00
003C00
003C00
003C00
003C00
003C00
003C00
003C00
003C00
003C00
003C00
003C00
003C00
003C00
003FC0
003FC0
000000
000000
000000
000000
000000
000000
000000
000000
000000
000000
ENDCHAR
STARTCHAR LATIN SMALL LETTER J
ENCODING 106
SWIDTH 1000 0
DWIDTH 24 0
BBX 24 48 0 -10
BITMAP
000000
000000
000000
000000
000000
000000
000000
000000
003C00
003C00
003C00
003C00
000000
000000
000000
000000
003C00
003C00
003C00
003C00
003C00
003C00
003C00
003C00
003C00
003C00
003C00
003C00
003C00
003C00
003C00
003C00
003C00
003C00
003C00
003C00
003C00
003C00
003C00
003C00
003C00
003C00
003C00
003C00
00F000
00F000
3FC000
3FC000
ENDCHAR
STARTCHAR LATIN SMALL LETTER K
ENCODING 107
SWIDTH 1000 0
DWIDTH 24 0
BBX 24 48 0 -10
BITMAP
000000
000000
000000
000000
000000
000000
000000
000000
0F0000
0F0000
0F0000
0F0000
0F0000
0F0000
0F0000
0F0000
0F00F0
0F00F0
0F00F0
0F00F0
0F03C0
0F03C0
0F0F00
0F0F00
0FFC00
0FFC00
0F3C00
0F3C00
0F0F00
0F0F00
0F03C0
0F03C0
0F00F0
0F00F0
0F003C
0F003C
0F003C
0F003C
000000
000000
000000
000000
000000
000000
000000
000000
000000
000000
ENDCHAR
STARTCHAR LATIN SMALL LETTER L
ENCODING 108
SWIDTH 1000 0
DWIDTH 24 0
BBX 24 48 0 -10
BITMAP
000000
000000
000000
000000
000000
000000
000000
000000
00F000
00F000
00F000
00F000
00F000
00F000
00F000
00F000
00F000
00F000
00F000
00F000
00F000
00F000
00F000
00F000
00F000
00F000
00F000
00F000
00F000
00F000
00F000
00F000
00F000
00F000
00FC00
00FC00
003FF0
003FF0
000000
000000
000000
000000
000000
000000
000000
000000
000000
000000
ENDCHAR
STARTCHAR LATIN SMALL LETTER M
ENCODING 109
SWIDTH 1000 0
DWIDTH 24 0
BBX 24 48 0 -10
BITMAP
000000
000000
000000
000000
000000
000000
000000
000000
000000
000000
000000
000000
000000
000000
000000
000000
3FC3C0
3FC3C0
3C3CF0
3C3CF0
3C3C3C
3C3C3C
3C3C3C
3C3C3C
3C3C3C
3C3C3C
3C3C3C
3C3C3C
3C3C3C
3C3C3C
3C3C3C
3C3C3C
3C003C
3C003C
3C003C
3C003C
3C003C
3C003C
000000
000000
000000
000000
000000
000000
000000
000000
000000
000000
ENDCHAR
STARTCHAR LATIN SMALL LETTER N
ENCODING 110
SWIDTH 1000 0
DWIDTH 24 0
BBX 24 48 0 -10
BITMAP
000000
000000
000000
000000
000000
000000
000000
000000
000000
000000
000000
000000
000000
000000
000000
000000
3FFFC0
3FFFC0
3C00F0
3C00F0
3C003C
3C003C
3C003C
3C003C
3C003C
3C003C
3C003C
3C003C
3C003C
3C003C
3C003C
3C003C
3C003C
3C003C
3C003C
3C003C
3C003C
3C003C
000000
000000
000000
000000
000000
000000
000000
000000
000000
000000
ENDCHAR
STARTCHAR LATIN SMALL LETTER O
ENCODING 111
SWIDTH 1000 0
DWIDTH 24 0
BBX 24 48 0 -10
BITMAP
000000
000000
000000
000000
000000
000000
000000
000000
000000
000000
000000
000000
000000
000000
000000
000000
03FFC0
03FFC0
0F00F0
0F00F0
3C003C
3C003C
3C003C
3C003C
3C003C
3C003C
3C003C
3C003C
3C003C
3C003C
3C003C
3C003C
3C003C
3C003C
0F00F0
0F00F0
03FFC0
03FFC0
000000
000000
000000
000000
000000
000000
000000
000000
000000
000000
ENDCHAR
STARTCHAR LATIN SMALL LETTER P
ENCODING 112
SWIDTH 1000 0
DWIDTH 24 0
BBX 24 48 0 -10
BITMAP
000000
000000
000000
000000
000000
000000
000000
000000
000000
000000
000000
000000
000000
000000
000000
000000
3FFFC0
3FFFC0
3C00F0
3C00F0
3C003C
3C003C
3C003C
3C003C
3C003C
3C003C
3C003C
3C003C
3C003C
3C003C
3C003C
3C003C
3C003C
3C003C
3C00F0
3C00F0
3FFFC0
3FFFC0
3C0000
3C0000
3C0000
3C0000
3C0000
3C0000
3C0000
3C0000
3C0000
3C0000
ENDCHAR
STARTCHAR LATIN SMALL LETTER Q
ENCODING 113
SWIDTH 1000 0
DWIDTH 24 0
BBX 24 48 0 -10
BITMAP
000000
000000
000000
000000
000000
000000
000000
000000
000000
000000
000000
000000
000000
000000
000000
000000
03FFFC
03FFFC
0F003C
0F003C
3C003C
3C003C
3C003C
3C003C
3C003C
3C003C
3C003C
3C003C
3C003C
3C003C
3C003C
3C003C
3C003C
3C003C
0F003C
0F003C
03FFFC
03FFFC
00003C
00003C
00003C
00003C
00003C
00003C
00003C
00003C
00003C
00003C
ENDCHAR
STARTCHAR LATIN SMALL LETTER R
ENCODING 114
SWIDTH 1000 0
DWIDTH 24 0
BBX 24 48 0 -10
BITMAP
000000
000000
000000
000000
000000
000000
000000
000000
000000
000000
000000
000000
000000
000000
000000
000000
03FFFC
03FFFC
0F003C
0F003C
3C0000
3C0000
3C0000
3C0000
3C0000
3C0000
3C0000
3C0000
3C0000
3C0000
3C0000
3C0000
3C0000
3C0000
3C0000
3C0000
3C0000
3C0000
000000
000000
000000
000000
000000
000000
000000
000000
000000
000000
ENDCHAR
STARTCHAR LATIN SMALL LETTER S
ENCODING 115
SWIDTH 1000 0
DWIDTH 24 0
BBX 24 48 0 -10
BITMAP
000000
000000
000000
000000
000000
000000
000000
000000
000000
000000
000000
000000
000000
000000
000000
000000
0FFFFC
0FFFFC
3C0000
3C0000
3C0000
3C0000
3C0000
3C0000
3C0000
3C0000
0FFFF0
0FFFF0
00003C
00003C
00003C
00003C
00003C
00003C
00003C
00003C
3FFFF0
3FFFF0
000000
000000
000000
000000
000000
000000
000000
000000
000000
000000
ENDCHAR
STARTCHAR LATIN SMALL LETTER T
ENCODING 116
SWIDTH 1000 0
DWIDTH 24 0
BBX 24 48 0 -10
BITMAP
000000
000000
000000
000000
000000
000000
000000
000000
00F000
00F000
00F000
00F000
00F000
00F000
00F000
00F000
0FFFC0
0FFFC0
00F000
00F000
00F000
00F000
00F000
00F000
00F000
00F000
00F000
00F000
00F000
00F000
00F000
00F000
00F000
00F000
00FC00
00FC00
003FF0
003FF0
000000
000000
000000
000000
000000
000000
000000
000000
000000
000000
ENDCHAR
STARTCHAR LATIN SMALL LETTER U
ENCODING 117
SWIDTH 1000 0
DWIDTH 24 0
BBX 24 48 0 -10
BITMAP
000000
000000
000000
000000
000000
000000
000000
000000
000000
000000
000000
000000
000000
000000
000000
000000
3C003C
3C003C
3C003C
3C003C
3C003C
3C003C
3C003C
3C003C
3C003C
3C003C
3C003C
3C003C
3C003C
3C003C
3C003C
3C003C
3C003C
3C003C
0F003C
0F003C
03FFFC
03FFFC
000000
000000
000000
000000
000000
000000
000000
000000
000000
000000
ENDCHAR
STARTCHAR LATIN SMALL LETTER V
ENCODING 118
SWIDTH 1000 0
DWIDTH 24 0
BBX 24 48 0 -10
BITMAP
000000
000000
000000
000000
000000
000000
000000
000000
000000
000000
000000
000000
000000
000000
000000
000000
3C003C
3C003C
3C003C
3C003C
3C003C
3C003C
3C003C
3C003C
3C003C
3C003C
3C003C
3C003C
0F00F0
0F00F0
0F00F0
0F00F0
03C3C0
03C3C0
00FF00
00FF00
003C00
003C00
000000
000000
000000
000000
000000
000000
000000
000000
000000
000000
ENDCHAR
STARTCHAR LATIN SMALL LETTER W
ENCODING 119
SWIDTH 1000 0
DWIDTH 24 0
BBX 24 48 0 -10
BITMAP
000000
000000
000000
000000
000000
000000
000000
000000
000000
000000
000000
000000
000000
000000
000000
000000
3C003C
3C003C
3C003C
3C003C
3C003C
3C003C
3C3C3C
3C3C3C
3C3C3C
3C3C3C
3C3C3C
3C3C3C
3C3C3C
3C3C3C
3C3C3C
3C3C3C
3C3C3C
3C3C3C
0F3C3C
0F3C3C
03C3FC
03C3FC
000000
000000
000000
000000
000000
000000
000000
000000
000000
000000
ENDCHAR
STARTCHAR LATIN SMALL LETTER X
ENCODING 120
SWIDTH 1000 0
DWIDTH 24 0
BBX 24 48 0 -10
BITMAP
000000
000000
000000
000000
000000
000000
000000
000000
000000
000000
000000
000000
000000
000000
000000
000000
3C003C
3C003C
3C003C
3C003C
0F00F0
0F00F0
03C3C0
03C3C0
00FF00
00FF00
00FF00
00FF00
03C3C0
03C3C0
0F00F0
0F00F0
0F00F0
0F00F0
3C003C
3C003C
3C003C
3C003C
000000
000000
000000
000000
000000
000000
000000
000000
000000
000000
ENDCHAR
STARTCHAR LATIN SMALL LETTER Y
ENCODING 121
SWIDTH 1000 0
DWIDTH 24 0
BBX 24 48 0 -10
BITMAP
000000
000000
000000
000000
000000
000000
000000
000000
000000
000000
000000
000000
000000
000000
000000
000000
3C003C
3C003C
3C003C
3C003C
3C003C
3C003C
3C003C
3C003C
3C003C
3C003C
3C003C
3C003C
3C003C
3C003C
3C003C
3C003C
3C003C
3C003C
0F003C
0F003C
03FFFC
03FFFC
00003C
00003C
00003C
00003C
00003C
00003C
0000F0
0000F0
3FFFC0
3FFFC0
ENDCHAR
STARTCHAR LATIN SMALL LETTER Z
ENCODING 122
SWIDTH 1000 0
DWIDTH 24 0
BBX 24 48 0 -10
BITMAP
000000
000000
000000
000000
000000
000000
000000
000000
000000
000000
000000
000000
000000
000000
000000
000000
3FFFFC
3FFFFC
00003C
00003C
0000F0
0000F0
0003C0
0003C0
000F00
000F00
003C00
003C00
00F000
00F000
03C000
03C000
0F0000
0F0000
3C0000
3C0000
3FFFFC
3FFFFC
000000
000000
000000
000000
000000
000000
000000
000000
000000
000000
ENDCHAR
STARTCHAR LEFT CURLY BRACKET
ENCODING 123
SWIDTH 1000 0
DWIDTH 24 0
BBX 24 48 0 -10
BITMAP
000000
000000
0003FC
0003FC
000F00
000F00
003C00
003C00
003C00
003C00
003C00
003C00
003C00
003C00
003C00
003C00
003C00
003C00
003C00
003C00
00F000
00F000
0FC000
0FC000
0FC000
0FC000
00F000
00F000
003C00
003C00
003C00
003C00
003C00
003C00
003C00
003C00
003C00
003C00
003C00
003C00
003C00
003C00
000F00
000F00
0003FC
0003FC
000000
000000
ENDCHAR
STARTCHAR VERTICAL LINE
ENCODING 124
SWIDTH 1000 0
DWIDTH 24 0
BBX 24 48 0 -10
BITMAP
000000
000000
000000
000000
000000
000000
003C00
003C00
003C00
003C00
003C00
003C00
003C00
003C00
003C00
003C00
003C00
003C00
003C00
003C00
003C00
003C00
003C00
003C00
003C00
003C00
003C00
003C00
003C00
003C00
003C00
003C00
003C00
003C00
003C00
003C00
003C00
003C00
003C00
003C00
003C00
003C00
000000
000000
000000
000000
000000
000000
ENDCHAR
STARTCHAR RIGHT CURLY BRACKET
ENCODING 125
SWIDTH 1000 0
DWIDTH 24 0
BBX 24 48 0 -10
BITMAP
000000
000000
0FF000
0FF000
003C00
003C00
000F00
000F00
000F00
000F00
000F00
000F00
000F00
000F00
000F00
000F00
000F00
000F00
000F00
000F00
0003C0
0003C0
0000FC
0000FC
0000FC
0000FC
0003C0
0003C0
000F00
000F00
000F00
000F00
000F00
000F00
000F00
000F00
000F00
000F00
000F00
000F00
000F00
000F00
003C00
003C00
0FF000
0FF000
000000
000000
ENDCHAR
STARTCHAR TILDE
ENCODING 126
SWIDTH 1000 0
DWIDTH 24 0
BBX 24 48 0 -10
BITMAP
000000
000000
000000
000000
000000
000000
000000
000000
000000
000000
000000
000000
000000
000000
000000
000000
000000
000000
000000
000000
0FC03C
0FC03C
3CF03C
3CF03C
F03CF0
F03CF0
F00FC0
F00FC0
000000
000000
000000
000000
000000
000000
000000
000000
000000
000000
000000
000000
000000
000000
000000
000000
000000
000000
000000
000000
ENDCHAR
STARTCHAR <control>
ENCODING 127
SWIDTH 1000 0
DWIDTH 24 0
BBX 24 48 0 -10
BITMAP
000000
000000
000000
000000
000000
000000
000000
000000
000000
000000
000000
000000
000000
000000
000000
000000
000000
000000
000000
000000
000000
000000
000000
000000
000000
000000
000000
000000
000000
000000
000000
000000
000000
000000
000000
000000
000000
000000
000000
000000
000000
000000
000000
000000
000000
000000
000000
000000
ENDCHAR
STARTCHAR NO-BREAK SPACE
ENCODING 160
SWIDTH 1000 0
DWIDTH 24 0
BBX 24 48 0 -10
BITMAP
000000
000000
000000
000000
000000
000000
000000
000000
000000
000000
000000
000000
000000
000000
000000
000000
000000
000000
000000
000000
000000
000000
000000
000000
000000
000000
000000
000000
000000
000000
000000
000000
000000
000000
000000
000000
000000
000000
000000
000000
000000
000000
000000
000000
000000
000000
000000
000000
ENDCHAR
STARTCHAR INVERTED EXCLAMATION MARK
ENCODING 161
SWIDTH 1000 0
DWIDTH 24 0
BBX 24 48 0 -10
BITMAP
000000
000000
000000
000000
000000
000000
000000
000000
003C00
003C00
003C00
003C00
000000
000000
000000
000000
003C00
003C00
003C00
003C00
003C00
003C00
003C00
003C00
003C00
003C00
003C00
003C00
003C00
003C00
003C00
003C00
003C00
003C00
003C00
003C00
003C00
003C00
000000
000000
000000
000000
000000
000000
000000
000000
000000
000000
ENDCHAR
STARTCHAR CENT SIGN
ENCODING 162
SWIDTH 1000 0
DWIDTH 24 0
BBX 24 48 0 -10
BITMAP
000000
000000
000000
000000
000000
000000
000000
000000
000000
000000
000000
000000
000F00
000F00
000F00
000F00
03FFFC
03FFFC
0F0F00
0F0F00
3C0F00
3C0F00
3C0F00
3C0F00
3C0F00
3C0F00
3C0F00
3C0F00
3C0F00
3C0F00
3C0F00
3C0F00
3C0F00
3C0F00
0F0F00
0F0F00
03FFFC
03FFFC
000F00
000F00
000F00
000F00
000000
000000
000000
000000
000000
000000
ENDCHAR
STARTCHAR POUND SIGN
ENCODING 163
SWIDTH 1000 0
DWIDTH 24 0
BBX 24 48 0 -10
BITMAP
000000
000000
000000
000000
000000
000000
000000
000000
003F00
003F00
00F3C0
00F3C0
03C0F0
03C0F0
03C0F0
03C0F0
03C000
03C000
03C000
03C000
03C000
03C000
3FFFC0
3FFFC0
03C000
03C000
03C000
03C000
03C000
03C000
03C000
03C000
0F0000
0F0000
0F0000
0F0000
3FFFFC
3FFFFC
000000
000000
000000
000000
000000
000000
000000
000000
000000
000000
ENDCHAR
STARTCHAR CURRENCY SIGN
ENCODING 164
SWIDTH 1000 0
DWIDTH 24 0
BBX 24 48 0 -10
BITMAP
000000
000000
000000
000000
000000
000000
000000
000000
000000
000000
000000
000000
0F00F0
0F00F0
03C3C0
03C3C0
00FF00
00FF00
03FFC0
03FFC0
0F00F0
0F00F0
0F00F0
0F00F0
0F00F0
0F00F0
0F00F0
0F00F0
03FFC0
03FFC0
00FF00
00FF00
03C3C0
03C3C0
0F00F0
0F00F0
000000
000000
000000
000000
000000
000000
000000
000000
000000
000000
000000
000000
ENDCHAR
STARTCHAR YEN SIGN
ENCODING 165
SWIDTH 1000 0
DWIDTH 24 0
BBX 24 48 0 -10
BITMAP
000000
000000
000000
000000
000000
000000
000000
000000
3C003C
3C003C
3C003C
3C003C
0F00F0
0F00F0
0F00F0
0F00F0
03C3C0
03C3C0
03C3C0
03C3C0
00FF00
00FF00
00FF00
00FF00
003C00
003C00
0FFFF0
0FFFF0
003C00
003C00
003C00
003C00
0FFFF0
0FFFF0
003C00
003C00
003C00
003C00
000000
000000
000000
000000
000000
000000
000000
000000
000000
000000
ENDCHAR
STARTCHAR BROKEN BAR
ENCODING 166
SWIDTH 1000 0
DWIDTH 24 0
BBX 24 48 0 -10
BITMAP
000000
000000
000000
000000
000000
000000
003C00
003C00
003C00
003C00
003C00
003C00
003C00
003C00
003C00
003C00
003C00
003C00
003C00
003C00
003C00
003C00
000000
000000
000000
000000
003C00
003C00
003C00
003C00
003C00
003C00
003C00
003C00
003C00
003C00
003C00
003C00
003C00
003C00
003C00
003C00
000000
000000
000000
000000
000000
000000
ENDCHAR
STARTCHAR SECTION SIGN
ENCODING 167
SWIDTH 1000 0
DWIDTH 24 0
BBX 24 48 0 -10
BITMAP
000000
000000
000000
000000
000000
000000
00FFC0
00FFC0
03C3C0
03C3C0
0F03C0
0F03C0
0F0000
0F0000
03C000
03C000
00FC00
00FC00
03FFC0
03FFC0
0F00F0
0F00F0
0F00F0
0F00F0
0F00F0
0F00F0
0F00F0
0F00F0
03FFC0
03FFC0
003F00
003F00
0003C0
0003C0
0000F0
0000F0
03C0F0
03C0F0
03C3C0
03C3C0
03FF00
03FF00
000000
000000
000000
000000
000000
000000
ENDCHAR
STARTCHAR DIAERESIS
ENCODING 168
SWIDTH 1000 0
DWIDTH 24 0
BBX 24 48 0 -10
BITMAP
000000
000000
000000
000000
000000
000000
0F00F0
0F00F0
0F00F0
0F00F0
000000
000000
000000
000000
000000
000000
000000
000000
000000
000000
000000
000000
000000
000000
000000
000000
000000
000000
000000
000000
000000
000000
000000
000000
000000
000000
000000
000000
000000
000000
000000
000000
000000
000000
000000
000000
000000
000000
ENDCHAR
STARTCHAR COPYRIGHT SIGN
ENCODING 169
SWIDTH 1000 0
DWIDTH 24 0
BBX 24 48 0 -10
BITMAP
000000
000000
000000
000000
000000
000000
000000
000000
000000
000000
000000
000000
000000
000000
03FFC0
03FFC0
0F00F0
0F00F0
3C003C
3C003C
3C3F3C
3C3F3C
3CF03C
3CF03C
3CF03C
3CF03C
3CF03C
3CF03C
3CF03C
3CF03C
3C3F3C
3C3F3C
3C003C
3C003C
0F00F0
0F00F0
03FFC0
03FFC0
000000
000000
000000
000000
000000
000000
000000
000000
000000
000000
ENDCHAR
STARTCHAR FEMININE ORDINAL INDICATOR
ENCODING 170
SWIDTH 1000 0
DWIDTH 24 0
BBX 24 48 0 -10
BITMAP
000000
000000
000000
000000
00FF00
00FF00
0003C0
0003C0
0003C0
0003C0
00FFC0
00FFC0
03C3C0
03C3C0
03C3C0
03C3C0
00FFC0
00FFC0
000000
000000
03FFC0
03FFC0
000000
000000
000000
000000
000000
000000
000000
000000
000000
000000
000000
000000
000000
000000
000000
000000
000000
000000
000000
000000
000000
000000
000000
000000
000000
000000
ENDCHAR
STARTCHAR LEFT-POINTING DOUBLE ANGLE QUOTATION MARK
ENCODING 171
SWIDTH 1000 0
DWIDTH 24 0
BBX 24 48 0 -10
BITMAP
000000
000000
000000
000000
000000
000000
000000
000000
000000
000000
000000
000000
000000
000000
000000
000000
000000
000000
003C3C
003C3C
00F0F0
00F0F0
03C3C0
03C3C0
0F0F00
0F0F00
3C3C00
3C3C00
0F0F00
0F0F00
03C3C0
03C3C0
00F0F0
00F0F0
003C3C
003C3C
000000
000000
000000
000000
000000
000000
000000
000000
000000
000000
000000
000000
ENDCHAR
STARTCHAR NOT SIGN
ENCODING 172
SWIDTH 1000 0
DWIDTH 24 0
BBX 24 48 0 -10
BITMAP
000000
000000
000000
000000
000000
000000
000000
000000
000000
000000
000000
000000
000000
000000
000000
000000
000000
000000
3FFFFC
3FFFFC
00003C
00003C
00003C
00003C
00003C
00003C
00003C
00003C
00003C
00003C
000000
000000
000000
000000
000000
000000
000000
000000
000000
000000
000000
000000
000000
000000
000000
000000
000000
000000
ENDCHAR
STARTCHAR SOFT HYPHEN
ENCODING 173
SWIDTH 1000 0
DWIDTH 24 0
BBX 24 48 0 -10
BITMAP
000000
000000
000000
000000
000000
000000
000000
000000
000000
000000
000000
000000
000000
000000
000000
000000
000000
000000
000000
000000
000000
000000
000000
000000
03FFC0
03FFC0
000000
000000
000000
000000
000000
000000
000000
000000
000000
000000
000000
000000
000000
000000
000000
000000
000000
000000
000000
000000
000000
000000
ENDCHAR
STARTCHAR REGISTERED SIGN
ENCODING 174
SWIDTH 1000 0
DWIDTH 24 0
BBX 24 48 0 -10
BITMAP
000000
000000
000000
000000
000000
000000
000000
000000
000000
000000
000000
000000
000000
000000
03FFC0
03FFC0
0F00F0
0F00F0
3C003C
3C003C
3CFC3C
3CFC3C
3CF33C
3CF33C
3CF33C
3CF33C
3CFC3C
3CFC3C
3CF33C
3CF33C
3CF33C
3CF33C
3C003C
3C003C
0F00F0
0F00F0
03FFC0
03FFC0
000000
000000
000000
000000
000000
000000
000000
000000
000000
000000
ENDCHAR
STARTCHAR MACRON
ENCODING 175
SWIDTH 1000 0
DWIDTH 24 0
BBX 24 48 0 -10
BITMAP
000000
000000
000000
000000
03FFC0
03FFC0
000000
000000
000000
000000
000000
000000
000000
000000
000000
000000
000000
000000
000000
000000
000000
000000
000000
000000
000000
000000
000000
000000
000000
000000
000000
000000
000000
000000
000000
000000
000000
000000
000000
000000
000000
000000
000000
000000
000000
000000
000000
000000
ENDCHAR
STARTCHAR DEGREE SIGN
ENCODING 176
SWIDTH 1000 0
DWIDTH 24 0
BBX 24 48 0 -10
BITMAP
000000
000000
000000
000000
000000
000000
00FF00
00FF00
03C3C0
03C3C0
03C3C0
03C3C0
03C3C0
03C3C0
03C3C0
03C3C0
00FF00
00FF00
000000
000000
000000
000000
000000
000000
000000
000000
000000
000000
000000
000000
000000
000000
000000
000000
000000
000000
000000
000000
000000
000000
000000
000000
000000
000000
000000
000000
000000
000000
ENDCHAR
STARTCHAR PLUS-MINUS SIGN
ENCODING 177
SWIDTH 1000 0
DWIDTH 24 0
BBX 24 48 0 -10
BITMAP
000000
000000
000000
000000
000000
000000
000000
000000
000000
000000
000000
000000
000000
000000
003C00
003C00
003C00
003C00
003C00
003C00
0FFFF0
0FFFF0
003C00
003C00
003C00
003C00
003C00
003C00
000000
000000
000000
000000
0FFFF0
0FFFF0
000000
000000
000000
000000
000000
000000
000000
000000
000000
000000
000000
000000
000000
000000
ENDCHAR
STARTCHAR SUPERSCRIPT TWO
ENCODING 178
SWIDTH 1000 0
DWIDTH 24 0
BBX 24 48 0 -10
BITMAP
000000
000000
000000
000000
000000
000000
00FF00
00FF00
03C3C0
03C3C0
0003C0
0003C0
000F00
000F00
003C00
003C00
00F000
00F000
03C3C0
03C3C0
03FFC0
03FFC0
000000
000000
000000
000000
000000
000000
000000
000000
000000
000000
000000
000000
000000
000000
000000
000000
000000
000000
000000
000000
000000
000000
000000
000000
000000
000000
ENDCHAR
STARTCHAR SUPERSCRIPT THREE
ENCODING 179
SWIDTH 1000 0
DWIDTH 24 0
BBX 24 48 0 -10
BITMAP
000000
000000
000000
000000
000000
000000
00FF00
00FF00
03C3C0
03C3C0
0003C0
0003C0
003F00
003F00
0003C0
0003C0
0003C0
0003C0
03C3C0
03C3C0
00FF00
00FF00
000000
000000
000000
000000
000000
000000
000000
000000
000000
000000
000000
000000
000000
000000
000000
000000
000000
000000
000000
000000
000000
000000
000000
000000
000000
000000
ENDCHAR
STARTCHAR ACUTE ACCENT
ENCODING 180
SWIDTH 1000 0
DWIDTH 24 0
BBX 24 48 0 -10
BITMAP
000000
000000
000000
000000
0003C0
0003C0
000F00
000F00
003C00
003C00
00F000
00F000
000000
000000
000000
000000
000000
000000
000000
000000
000000
000000
000000
000000
000000
000000
000000
000000
000000
000000
000000
000000
000000
000000
000000
000000
000000
000000
000000
000000
000000
000000
000000
000000
000000
000000
000000
000000
ENDCHAR
STARTCHAR MICRO SIGN
ENCODING 181
SWIDTH 1000 0
DWIDTH 24 0
BBX 24 48 0 -10
BITMAP
000000
000000
000000
000000
000000
000000
000000
000000
000000
000000
000000
000000
000000
000000
000000
000000
3C03C0
3C03C0
3C03C0
3C03C0
3C03C0
3C03C0
3C03C0
3C03C0
3C03C0
3C03C0
3C03C0
3C03C0
3C03C0
3C03C0
3C03C0
3C03C0
3C03C0
3C03C0
3F0FF0
3F0FF0
3CFC3C
3CFC3C
3C0000
3C0000
3C0000
3C0000
3C0000
3C0000
3C0000
3C0000
3C0000
3C0000
ENDCHAR
STARTCHAR PILCROW SIGN
ENCODING 182
SWIDTH 1000 0
DWIDTH 24 0
BBX 24 48 0 -10
BITMAP
000000
000000
000000
000000
000000
000000
000000
000000
03FFFC
03FFFC
0F3C3C
0F3C3C
3C3C3C
3C3C3C
3C3C3C
3C3C3C
3C3C3C
3C3C3C
3C3C3C
3C3C3C
0F3C3C
0F3C3C
03FC3C
03FC3C
003C3C
003C3C
003C3C
003C3C
003C3C
003C3C
003C3C
003C3C
003C3C
003C3C
003C3C
003C3C
003C3C
003C3C
000000
000000
000000
000000
000000
000000
000000
000000
000000
000000
ENDCHAR
STARTCHAR MIDDLE DOT
ENCODING 183
SWIDTH 1000 0
DWIDTH 24 0
BBX 24 48 0 -10
BITMAP
000000
000000
000000
000000
000000
000000
000000
000000
000000
000000
000000
000000
000000
000000
000000
000000
000000
000000
000000
000000
000000
000000
003C00
003C00
003C00
003C00
000000
000000
000000
000000
000000
000000
000000
000000
000000
000000
000000
000000
000000
000000
000000
000000
000000
000000
000000
000000
000000
000000
ENDCHAR
STARTCHAR CEDILLA
ENCODING 184
SWIDTH 1000 0
DWIDTH 24 0
BBX 24 48 0 -10
BITMAP
000000
000000
000000
000000
000000
000000
000000
000000
000000
000000
000000
000000
000000
000000
000000
000000
000000
000000
000000
000000
000000
000000
000000
000000
000000
000000
000000
000000
000000
000000
000000
000000
000000
000000
000000
000000
000000
000000
000F00
000F00
000F00
000F00
000F00
000F00
003C00
003C00
00F000
00F000
ENDCHAR
STARTCHAR SUPERSCRIPT ONE
ENCODING 185
SWIDTH 1000 0
DWIDTH 24 0
BBX 24 48 0 -10
BITMAP
000000
000000
000000
000000
000000
000000
003C00
003C00
00FC00
00FC00
03FC00
03FC00
003C00
003C00
003C00
003C00
003C00
003C00
003C00
003C00
00FF00
00FF00
000000
000000
000000
000000
000000
000000
000000
000000
000000
000000
000000
000000
000000
000000
000000
000000
000000
000000
000000
000000
000000
000000
000000
000000
000000
000000
ENDCHAR
STARTCHAR MASCULINE ORDINAL INDICATOR
ENCODING 186
SWIDTH 1000 0
DWIDTH 24 0
BBX 24 48 0 -10
BITMAP
000000
000000
000000
000000
000000
000000
00FF00
00FF00
03C3C0
03C3C0
03C3C0
03C3C0
03C3C0
03C3C0
03C3C0
03C3C0
00FF00
00FF00
000000
000000
03FFC0
03FFC0
000000
000000
000000
000000
000000
000000
000000
000000
000000
000000
000000
000000
000000
000000
000000
000000
000000
000000
000000
000000
000000
000000
000000
000000
000000
000000
ENDCHAR
STARTCHAR RIGHT-POINTING DOUBLE ANGLE QUOTATION MARK
ENCODING 187
SWIDTH 1000 0
DWIDTH 24 0
BBX 24 48 0 -10
BITMAP
000000
000000
000000
000000
000000
000000
000000
000000
000000
000000
000000
000000
000000
000000
000000
000000
000000
000000
3C3C00
3C3C00
0F0F00
0F0F00
03C3C0
03C3C0
00F0F0
00F0F0
003C3C
003C3C
00F0F0
00F0F0
03C3C0
03C3C0
0F0F00
0F0F00
3C3C00
3C3C00
000000
000000
000000
000000
000000
000000
000000
000000
000000
000000
000000
000000
ENDCHAR
STARTCHAR VULGAR FRACTION ONE QUARTER
ENCODING 188
SWIDTH 1000 0
DWIDTH 24 0
BBX 24 48 0 -10
BITMAP
000000
000000
000000
000000
03C000
03C000
0FC000
0FC000
3FC000
3FC000
03C000
03C000
03C000
03C000
03C03C
03C03C
03C0F0
03C0F0
0FF3C0
0FF3C0
000F00
000F00
003C00
003C00
00F000
00F000
03C000
03C000
0F0000
0F0000
3C3C00
3C3C00
003C00
003C00
003CF0
003CF0
003CF0
003CF0
003FFC
003FFC
0000F0
0000F0
0000F0
0000F0
000000
000000
000000
000000
ENDCHAR
STARTCHAR VULGAR FRACTION ONE HALF
ENCODING 189
SWIDTH 1000 0
DWIDTH 24 0
BBX 24 48 0 -10
BITMAP
000000
000000
000000
000000
03C000
03C000
0FC000
0FC000
3FC000
3FC000
03C000
03C000
03C000
03C000
03C03C
03C03C
03C0F0
03C0F0
0FF3C0
0FF3C0
000F00
000F00
003C00
003C00
00F000
00F000
03C000
03C000
0F0FF0
0F0FF0
3C3C3C
3C3C3C
00003C
00003C
0000F0
0000F0
0003C0
0003C0
000F00
000F00
003C3C
003C3C
003FFC
003FFC
000000
000000
000000
000000
ENDCHAR
STARTCHAR VULGAR FRACTION THREE QUARTERS
ENCODING 190
SWIDTH 1000 0
DWIDTH 24 0
BBX 24 48 0 -10
BITMAP
000000
000000
000000
000000
0FF000
0FF000
3C3C00
3C3C00
003C00
003C00
03F000
03F000
003C00
003C00
3C3C3C
3C3C3C
0FF0F0
0FF0F0
0003C0
0003C0
000F00
000F00
003C00
003C00
00F000
00F000
03C000
03C000
0F0000
0F0000
3C3C00
3C3C00
003C00
003C00
003CF0
003CF0
003CF0
003CF0
003FFC
003FFC
0000F0
0000F0
0000F0
0000F0
000000
000000
000000
000000
ENDCHAR
STARTCHAR INVERTED QUESTION MARK
ENCODING 191
SWIDTH 1000 0
DWIDTH 24 0
BBX 24 48 0 -10
BITMAP
000000
000000
000000
000000
000000
000000
000000
000000
003C00
003C00
003C00
003C00
000000
000000
000000
000000
003C00
003C00
003C00
003C00
003C00
003C00
00F000
00F000
03C000
03C000
0F0000
0F0000
3C0000
3C0000
3C0000
3C0000
3C003C
3C003C
0F00F0
0F00F0
03FFC0
03FFC0
000000
000000
000000
000000
000000
000000
000000
000000
000000
000000
ENDCHAR
STARTCHAR LATIN CAPITAL LETTER A WITH GRAVE
ENCODING 192
SWIDTH 1000 0
DWIDTH 24 0
BBX 24 48 0 -10
BITMAP
03C000
03C000
00F000
00F000
003C00
003C00
000000
000000
03FFC0
03FFC0
0F00F0
0F00F0
3C003C
3C003C
3C003C
3C003C
3C003C
3C003C
3C003C
3C003C
3C003C
3C003C
3FFFFC
3FFFFC
3C003C
3C003C
3C003C
3C003C
3C003C
3C003C
3C003C
3C003C
3C003C
3C003C
3C003C
3C003C
3C003C
3C003C
000000
000000
000000
000000
000000
000000
000000
000000
000000
000000
ENDCHAR
STARTCHAR LATIN CAPITAL LETTER A WITH ACUTE
ENCODING 193
SWIDTH 1000 0
DWIDTH 24 0
BBX 24 48 0 -10
BITMAP
0003C0
0003C0
000F00
000F00
003C00
003C00
000000
000000
03FFC0
03FFC0
0F00F0
0F00F0
3C003C
3C003C
3C003C
3C003C
3C003C
3C003C
3C003C
3C003C
3C003C
3C003C
3FFFFC
3FFFFC
3C003C
3C003C
3C003C
3C003C
3C003C
3C003C
3C003C
3C003C
3C003C
3C003C
3C003C
3C003C
3C003C
3C003C
000000
000000
000000
000000
000000
000000
000000
000000
000000
000000
ENDCHAR
STARTCHAR LATIN CAPITAL LETTER A WITH CIRCUMFLEX
ENCODING 194
SWIDTH 1000 0
DWIDTH 24 0
BBX 24 48 0 -10
BITMAP
00FF00
00FF00
03C3C0
03C3C0
0F00F0
0F00F0
000000
000000
03FFC0
03FFC0
0F00F0
0F00F0
3C003C
3C003C
3C003C
3C003C
3C003C
3C003C
3C003C
3C003C
3C003C
3C003C
3FFFFC
3FFFFC
3C003C
3C003C
3C003C
3C003C
3C003C
3C003C
3C003C
3C003C
3C003C
3C003C
3C003C
3C003C
3C003C
3C003C
000000
000000
000000
000000
000000
000000
000000
000000
000000
000000
ENDCHAR
STARTCHAR LATIN CAPITAL LETTER A WITH TILDE
ENCODING 195
SWIDTH 1000 0
DWIDTH 24 0
BBX 24 48 0 -10
BITMAP
03F03C
03F03C
0FFFF0
0FFFF0
3C0FC0
3C0FC0
000000
000000
03FFC0
03FFC0
0F00F0
0F00F0
3C003C
3C003C
3C003C
3C003C
3C003C
3C003C
3C003C
3C003C
3C003C
3C003C
3FFFFC
3FFFFC
3C003C
3C003C
3C003C
3C003C
3C003C
3C003C
3C003C
3C003C
3C003C
3C003C
3C003C
3C003C
3C003C
3C003C
000000
000000
000000
000000
000000
000000
000000
000000
000000
000000
ENDCHAR
STARTCHAR LATIN CAPITAL LETTER A WITH DIAERESIS
ENCODING 196
SWIDTH 1000 0
DWIDTH 24 0
BBX 24 48 0 -10
BITMAP
000000
000000
0F00F0
0F00F0
0F00F0
0F00F0
000000
000000
03FFC0
03FFC0
0F00F0
0F00F0
3C003C
3C003C
3C003C
3C003C
3C003C
3C003C
3C003C
3C003C
3C003C
3C003C
3FFFFC
3FFFFC
3C003C
3C003C
3C003C
3C003C
3C003C
3C003C
3C003C
3C003C
3C003C
3C003C
3C003C
3C003C
3C003C
3C003C
000000
000000
000000
000000
000000
000000
000000
000000
000000
000000
ENDCHAR
STARTCHAR LATIN CAPITAL LETTER A WITH RING ABOVE
ENCODING 197
SWIDTH 1000 0
DWIDTH 24 0
BBX 24 48 0 -10
BITMAP
00FF00
00FF00
03C3C0
03C3C0
03C3C0
03C3C0
00FF00
00FF00
03FFC0
03FFC0
0F00F0
0F00F0
3C003C
3C003C
3C003C
3C003C
3C003C
3C003C
3C003C
3C003C
3C003C
3C003C
3FFFFC
3FFFFC
3C003C
3C003C
3C003C
3C003C
3C003C
3C003C
3C003C
3C003C
3C003C
3C003C
3C003C
3C003C
3C003C
3C003C
000000
000000
000000
000000
000000
000000
000000
000000
000000
000000
ENDCHAR
STARTCHAR LATIN CAPITAL LETTER AE
ENCODING 198
SWIDTH 1000 0
DWIDTH 24 0
BBX 24 48 0 -10
BITMAP
000000
000000
000000
000000
000000
000000
000000
000000
03FFFC
03FFFC
0F0F00
0F0F00
3C0F00
3C0F00
3C0F00
3C0F00
3C0F00
3C0F00
3C0F00
3C0F00
3C0F00
3C0F00
3FFFF0
3FFFF0
3C0F00
3C0F00
3C0F00
3C0F00
3C0F00
3C0F00
3C0F00
3C0F00
3C0F00
3C0F00
3C0F00
3C0F00
3C0FFC
3C0FFC
000000
000000
000000
000000
000000
000000
000000
000000
000000
000000
ENDCHAR
STARTCHAR LATIN CAPITAL LETTER C WITH CEDILLA
ENCODING 199
SWIDTH 1000 0
DWIDTH 24 0
BBX 24 48 0 -10
BITMAP
000000
000000
000000
000000
000000
000000
000000
000000
03FFFC
03FFFC
0F0000
0F0000
3C0000
3C0000
3C0000
3C0000
3C0000
3C0000
3C0000
3C0000
3C0000
3C0000
3C0000
3C0000
3C0000
3C0000
3C0000
3C0000
3C0000
3C0000
3C0000
3C0000
3C0000
3C0000
0F0000
0F0000
03FFFC
03FFFC
000F00
000F00
000F00
000F00
000F00
000F00
003C00
003C00
00F000
00F000
ENDCHAR
STARTCHAR LATIN CAPITAL LETTER E WITH GRAVE
ENCODING 200
SWIDTH 1000 0
DWIDTH 24 0
BBX 24 48 0 -10
BITMAP
03C000
03C000
00F000
00F000
003C00
003C00
000000
000000
03FFFC
03FFFC
0F0000
0F0000
3C0000
3C0000
3C0000
3C0000
3C0000
3C0000
3C0000
3C0000
3C0000
3C0000
3FFFC0
3FFFC0
3C0000
3C0000
3C0000
3C0000
3C0000
3C0000
3C0000
3C0000
3C0000
3C0000
0F0000
0F0000
03FFFC
03FFFC
000000
000000
000000
000000
000000
000000
000000
000000
000000
000000
ENDCHAR
STARTCHAR LATIN CAPITAL LETTER E WITH ACUTE
ENCODING 201
SWIDTH 1000 0
DWIDTH 24 0
BBX 24 48 0 -10
BITMAP
0003C0
0003C0
000F00
000F00
003C00
003C00
000000
000000
03FFFC
03FFFC
0F0000
0F0000
3C0000
3C0000
3C0000
3C0000
3C0000
3C0000
3C0000
3C0000
3C0000
3C0000
3FFFC0
3FFFC0
3C0000
3C0000
3C0000
3C0000
3C0000
3C0000
3C0000
3C0000
3C0000
3C0000
0F0000
0F0000
03FFFC
03FFFC
000000
000000
000000
000000
000000
000000
000000
000000
000000
000000
ENDCHAR
STARTCHAR LATIN CAPITAL LETTER E WITH CIRCUMFLEX
ENCODING 202
SWIDTH 1000 0
DWIDTH 24 0
BBX 24 48 0 -10
BITMAP
00FF00
00FF00
03C3C0
03C3C0
0F00F0
0F00F0
000000
000000
03FFFC
03FFFC
0F0000
0F0000
3C0000
3C0000
3C0000
3C0000
3C0000
3C0000
3C0000
3C0000
3C0000
3C0000
3FFFC0
3FFFC0
3C0000
3C0000
3C0000
3C0000
3C0000
3C0000
3C0000
3C0000
3C0000
3C0000
0F0000
0F0000
03FFFC
03FFFC
000000
000000
000000
000000
000000
000000
000000
000000
000000
000000
ENDCHAR
STARTCHAR LATIN CAPITAL LETTER E WITH DIAERESIS
ENCODING 203
SWIDTH 1000 0
DWIDTH 24 0
BBX 24 48 0 -10
BITMAP
000000
000000
0F00F0
0F00F0
0F00F0
0F00F0
000000
000000
03FFFC
03FFFC
0F0000
0F0000
3C0000
3C0000
3C0000
3C0000
3C0000
3C0000
3C0000
3C0000
3C0000
3C0000
3FFFC0
3FFFC0
3C0000
3C0000
3C0000
3C0000
3C0000
3C0000
3C0000
3C0000
3C0000
3C0000
0F0000
0F0000
03FFFC
03FFFC
000000
000000
000000
000000
000000
000000
000000
000000
000000
000000
ENDCHAR
STARTCHAR LATIN CAPITAL LETTER I WITH GRAVE
ENCODING 204
SWIDTH 1000 0
DWIDTH 24 0
BBX 24 48 0 -10
BITMAP
00F000
00F000
003C00
003C00
000F00
000F00
000000
000000
0FFFF0
0FFFF0
003C00
003C00
003C00
003C00
003C00
003C00
003C00
003C00
003C00
003C00
003C00
003C00
003C00
003C00
003C00
003C00
003C00
003C00
003C00
003C00
003C00
003C00
003C00
003C00
003C00
003C00
0FFFF0
0FFFF0
000000
000000
000000
000000
000000
000000
000000
000000
000000
000000
ENDCHAR
STARTCHAR LATIN CAPITAL LETTER I WITH ACUTE
ENCODING 205
SWIDTH 1000 0
DWIDTH 24 0
BBX 24 48 0 -10
BITMAP
000F00
000F00
003C00
003C00
00F000
00F000
000000
000000
0FFFF0
0FFFF0
003C00
003C00
003C00
003C00
003C00
003C00
003C00
003C00
003C00
003C00
003C00
003C00
003C00
003C00
003C00
003C00
003C00
003C00
003C00
003C00
003C00
003C00
003C00
003C00
003C00
003C00
0FFFF0
0FFFF0
000000
000000
000000
000000
000000
000000
000000
000000
000000
000000
ENDCHAR
STARTCHAR LATIN CAPITAL LETTER I WITH CIRCUMFLEX
ENCODING 206
SWIDTH 1000 0
DWIDTH 24 0
BBX 24 48 0 -10
BITMAP
00FF00
00FF00
03C3C0
03C3C0
0F00F0
0F00F0
000000
000000
0FFFF0
0FFFF0
003C00
003C00
003C00
003C00
003C00
003C00
003C00
003C00
003C00
003C00
003C00
003C00
003C00
003C00
003C00
003C00
003C00
003C00
003C00
003C00
003C00
003C00
003C00
003C00
003C00
003C00
0FFFF0
0FFFF0
000000
000000
000000
000000
000000
000000
000000
000000
000000
000000
ENDCHAR
STARTCHAR LATIN CAPITAL LETTER I WITH DIAERESIS
ENCODING 207
SWIDTH 1000 0
DWIDTH 24 0
BBX 24 48 0 -10
BITMAP
000000
000000
0F00F0
0F00F0
0F00F0
0F00F0
000000
000000
0FFFF0
0FFFF0
003C00
003C00
003C00
003C00
003C00
003C00
003C00
003C00
003C00
003C00
003C00
003C00
003C00
003C00
003C00
003C00
003C00
003C00
003C00
003C00
003C00
003C00
003C00
003C00
003C00
003C00
0FFFF0
0FFFF0
000000
000000
000000
000000
000000
000000
000000
000000
000000
000000
ENDCHAR
STARTCHAR LATIN CAPITAL LETTER ETH
ENCODING 208
SWIDTH 1000 0
DWIDTH 24 0
BBX 24 48 0 -10
BITMAP
000000
000000
000000
000000
000000
000000
000000
000000
3FFFF0
3FFFF0
3C00FC
3C00FC
3C003C
3C003C
3C003C
3C003C
3C003C
3C003C
3C003C
3C003C
3C003C
3C003C
FFF03C
FFF03C
3C003C
3C003C
3C003C
3C003C
3C003C
3C003C
3C003C
3C003C
3C003C
3C003C
3C00FC
3C00FC
3FFFF0
3FFFF0
000000
000000
000000
000000
000000
000000
000000
000000
000000
000000
ENDCHAR
STARTCHAR LATIN CAPITAL LETTER N WITH TILDE
ENCODING 209
SWIDTH 1000 0
DWIDTH 24 0
BBX 24 48 0 -10
BITMAP
03F03C
03F03C
0FFFF0
0FFFF0
3C0FC0
3C0FC0
000000
000000
3C003C
3C003C
3F003C
3F003C
3F003C
3F003C
3FC03C
3FC03C
3FC03C
3FC03C
3CF03C
3CF03C
3CF03C
3CF03C
3C3C3C
3C3C3C
3C3C3C
3C3C3C
3C0F3C
3C0F3C
3C0F3C
3C0F3C
3C03FC
3C03FC
3C03FC
3C03FC
3C00FC
3C00FC
3C00FC
3C00FC
000000
000000
000000
000000
000000
000000
000000
000000
000000
000000
ENDCHAR
STARTCHAR LATIN CAPITAL LETTER O WITH GRAVE
ENCODING 210
SWIDTH 1000 0
DWIDTH 24 0
BBX 24 48 0 -10
BITMAP
03C000
03C000
00F000
00F000
003C00
003C00
000000
000000
03FFC0
03FFC0
0F00F0
0F00F0
3C003C
3C003C
3C003C
3C003C
3C003C
3C003C
3C003C
3C003C
3C003C
3C003C
3C003C
3C003C
3C003C
3C003C
3C003C
3C003C
3C003C
3C003C
3C003C
3C003C
3C003C
3C003C
0F00F0
0F00F0
03FFC0
03FFC0
000000
000000
000000
000000
000000
000000
000000
000000
000000
000000
ENDCHAR
STARTCHAR LATIN CAPITAL LETTER O WITH ACUTE
ENCODING 211
SWIDTH 1000 0
DWIDTH 24 0
BBX 24 48 0 -10
BITMAP
0003C0
0003C0
000F00
000F00
003C00
003C00
000000
000000
03FFC0
03FFC0
0F00F0
0F00F0
3C003C
3C003C
3C003C
3C003C
3C003C
3C003C
3C003C
3C003C
3C003C
3C003C
3C003C
3C003C
3C003C
3C003C
3C003C
3C003C
3C003C
3C003C
3C003C
3C003C
3C003C
3C003C
0F00F0
0F00F0
03FFC0
03FFC0
000000
000000
000000
000000
000000
000000
000000
000000
000000
000000
ENDCHAR
STARTCHAR LATIN CAPITAL LETTER O WITH CIRCUMFLEX
ENCODING 212
SWIDTH 1000 0
DWIDTH 24 0
BBX 24 48 0 -10
BITMAP
00FF00
00FF00
03C3C0
03C3C0
0F00F0
0F00F0
000000
000000
03FFC0
03FFC0
0F00F0
0F00F0
3C003C
3C003C
3C003C
3C003C
3C003C
3C003C
3C003C
3C003C
3C003C
3C003C
3C003C
3C003C
3C003C
3C003C
3C003C
3C003C
3C003C
3C003C
3C003C
3C003C
3C003C
3C003C
0F00F0
0F00F0
03FFC0
03FFC0
000000
000000
000000
000000
000000
000000
000000
000000
000000
000000
ENDCHAR
STARTCHAR LATIN CAPITAL LETTER O WITH TILDE
ENCODING 213
SWIDTH 1000 0
DWIDTH 24 0
BBX 24 48 0 -10
BITMAP
03F03C
03F03C
0FFFF0
0FFFF0
3C0FC0
3C0FC0
000000
000000
03FFC0
03FFC0
0F00F0
0F00F0
3C003C
3C003C
3C003C
3C003C
3C003C
3C003C
3C003C
3C003C
3C003C
3C003C
3C003C
3C003C
3C003C
3C003C
3C003C
3C003C
3C003C
3C003C
3C003C
3C003C
3C003C
3C003C
0F00F0
0F00F0
03FFC0
03FFC0
000000
000000
000000
000000
000000
000000
000000
000000
000000
000000
ENDCHAR
STARTCHAR LATIN CAPITAL LETTER O WITH DIAERESIS
ENCODING 214
SWIDTH 1000 0
DWIDTH 24 0
BBX 24 48 0 -10
BITMAP
000000
000000
0F00F0
0F00F0
0F00F0
0F00F0
000000
000000
03FFC0
03FFC0
0F00F0
0F00F0
3C003C
3C003C
3C003C
3C003C
3C003C
3C003C
3C003C
3C003C
3C003C
3C003C
3C003C
3C003C
3C003C
3C003C
3C003C
3C003C
3C003C
3C003C
3C003C
3C003C
3C003C
3C003C
0F00F0
0F00F0
03FFC0
03FFC0
000000
000000
000000
000000
000000
000000
000000
000000
000000
000000
ENDCHAR
STARTCHAR MULTIPLICATION SIGN
ENCODING 215
SWIDTH 1000 0
DWIDTH 24 0
BBX 24 48 0 -10
BITMAP
000000
000000
000000
000000
000000
000000
000000
000000
000000
000000
000000
000000
000000
000000
3C003C
3C003C
0F00F0
0F00F0
03C3C0
03C3C0
00FF00
00FF00
003C00
003C00
003C00
003C00
00FF00
00FF00
03C3C0
03C3C0
0F00F0
0F00F0
3C003C
3C003C
000000
000000
000000
000000
000000
000000
000000
000000
000000
000000
000000
000000
000000
000000
ENDCHAR
STARTCHAR LATIN CAPITAL LETTER O WITH STROKE
ENCODING 216
SWIDTH 1000 0
DWIDTH 24 0
BBX 24 48 0 -10
BITMAP
000000
000000
000000
000000
000000
000000
00003C
00003C
03FFFC
03FFFC
0F00F0
0F00F0
3C00FC
3C00FC
3C03FC
3C03FC
3C03FC
3C03FC
3C0F3C
3C0F3C
3C0F3C
3C0F3C
3C3C3C
3C3C3C
3C3C3C
3C3C3C
3CF03C
3CF03C
3CF03C
3CF03C
3FC03C
3FC03C
3FC03C
3FC03C
0F00F0
0F00F0
0FFFC0
0FFFC0
3C0000
3C0000
3C0000
3C0000
000000
000000
000000
000000
000000
000000
ENDCHAR
STARTCHAR LATIN CAPITAL LETTER U WITH GRAVE
ENCODING 217
SWIDTH 1000 0
DWIDTH 24 0
BBX 24 48 0 -10
BITMAP
03C000
03C000
00F000
00F000
003C00
003C00
000000
000000
3C003C
3C003C
3C003C
3C003C
3C003C
3C003C
3C003C
3C003C
3C003C
3C003C
3C003C
3C003C
3C003C
3C003C
3C003C
3C003C
3C003C
3C003C
3C003C
3C003C
3C003C
3C003C
3C003C
3C003C
3C003C
3C003C
0F003C
0F003C
03FFFC
03FFFC
000000
000000
000000
000000
000000
000000
000000
000000
000000
000000
ENDCHAR
STARTCHAR LATIN CAPITAL LETTER U WITH ACUTE
ENCODING 218
SWIDTH 1000 0
DWIDTH 24 0
BBX 24 48 0 -10
BITMAP
0003C0
0003C0
000F00
000F00
003C00
003C00
000000
000000
3C003C
3C003C
3C003C
3C003C
3C003C
3C003C
3C003C
3C003C
3C003C
3C003C
3C003C
3C003C
3C003C
3C003C
3C003C
3C003C
3C003C
3C003C
3C003C
3C003C
3C003C
3C003C
3C003C
3C003C
3C003C
3C003C
0F003C
0F003C
03FFFC
03FFFC
000000
000000
000000
000000
000000
000000
000000
000000
000000
000000
ENDCHAR
STARTCHAR LATIN CAPITAL LETTER U WITH CIRCUMFLEX
ENCODING 219
SWIDTH 1000 0
DWIDTH 24 0
BBX 24 48 0 -10
BITMAP
00FF00
00FF00
03C3C0
03C3C0
0F00F0
0F00F0
000000
000000
3C003C
3C003C
3C003C
3C003C
3C003C
3C003C
3C003C
3C003C
3C003C
3C003C
3C003C
3C003C
3C003C
3C003C
3C003C
3C003C
3C003C
3C003C
3C003C
3C003C
3C003C
3C003C
3C003C
3C003C
3C003C
3C003C
0F003C
0F003C
03FFFC
03FFFC
000000
000000
000000
000000
000000
000000
000000
000000
000000
000000
ENDCHAR
STARTCHAR LATIN CAPITAL LETTER U WITH DIAERESIS
ENCODING 220
SWIDTH 1000 0
DWIDTH 24 0
BBX 24 48 0 -10
BITMAP
000000
000000
0F00F0
0F00F0
0F00F0
0F00F0
000000
000000
3C003C
3C003C
3C003C
3C003C
3C003C
3C003C
3C003C
3C003C
3C003C
3C003C
3C003C
3C003C
3C003C
3C003C
3C003C
3C003C
3C003C
3C003C
3C003C
3C003C
3C003C
3C003C
3C003C
3C003C
3C003C
3C003C
0F003C
0F003C
03FFFC
03FFFC
000000
000000
000000
000000
000000
000000
000000
000000
000000
000000
ENDCHAR
STARTCHAR LATIN CAPITAL LETTER Y WITH ACUTE
ENCODING 221
SWIDTH 1000 0
DWIDTH 24 0
BBX 24 48 0 -10
BITMAP
0003C0
0003C0
000F00
000F00
003C00
003C00
000000
000000
3C003C
3C003C
3C003C
3C003C
3C003C
3C003C
3C003C
3C003C
3C003C
3C003C
3C003C
3C003C
0F003C
0F003C
03FFFC
03FFFC
00003C
00003C
00003C
00003C
00003C
00003C
00003C
00003C
00003C
00003C
0000FC
0000FC
3FFFF0
3FFFF0
000000
000000
000000
000000
000000
000000
000000
000000
000000
000000
ENDCHAR
STARTCHAR LATIN CAPITAL LETTER THORN
ENCODING 222
SWIDTH 1000 0
DWIDTH 24 0
BBX 24 48 0 -10
BITMAP
000000
000000
000000
000000
000000
000000
000000
000000
000000
000000
3C0000
3C0000
3C0000
3C0000
3C0000
3C0000
3FFFC0
3FFFC0
3C00F0
3C00F0
3C003C
3C003C
3C003C
3C003C
3C003C
3C003C
3C003C
3C003C
3C003C
3C003C
3C003C
3C003C
3C003C
3C003C
3C00F0
3C00F0
3FFFC0
3FFFC0
3C0000
3C0000
3C0000
3C0000
3C0000
3C0000
000000
000000
000000
000000
ENDCHAR
STARTCHAR LATIN SMALL LETTER SHARP S
ENCODING 223
SWIDTH 1000 0
DWIDTH 24 0
BBX 24 48 0 -10
BITMAP
000000
000000
000000
000000
000000
000000
000000
000000
03FC00
03FC00
0F0F00
0F0F00
3C03C0
3C03C0
3C03C0
3C03C0
3C03C0
3C03C0
3C03C0
3C03C0
3C0F00
3C0F00
3CFF00
3CFF00
3C0FC0
3C0FC0
3C00F0
3C00F0
3C003C
3C003C
3C003C
3C003C
3C003C
3C003C
3CC03C
3CC03C
3CF0F0
3CF0F0
3C3FC0
3C3FC0
000000
000000
000000
000000
000000
000000
000000
000000
ENDCHAR
STARTCHAR LATIN SMALL LETTER A WITH GRAVE
ENCODING 224
SWIDTH 1000 0
DWIDTH 24 0
BBX 24 48 0 -10
BITMAP
000000
000000
000000
000000
03C000
03C000
00F000
00F000
003C00
003C00
000F00
000F00
000000
000000
000000
000000
0FFFC0
0FFFC0
0000F0
0000F0
00003C
00003C
00003C
00003C
03FFFC
03FFFC
0F003C
0F003C
3C003C
3C003C
3C003C
3C003C
3C003C
3C003C
0F003C
0F003C
03FFFC
03FFFC
000000
000000
000000
000000
000000
000000
000000
000000
000000
000000
ENDCHAR
STARTCHAR LATIN SMALL LETTER A WITH ACUTE
ENCODING 225
SWIDTH 1000 0
DWIDTH 24 0
BBX 24 48 0 -10
BITMAP
000000
000000
000000
000000
0003C0
0003C0
000F00
000F00
003C00
003C00
00F000
00F000
000000
000000
000000
000000
0FFFC0
0FFFC0
0000F0
0000F0
00003C
00003C
00003C
00003C
03FFFC
03FFFC
0F003C
0F003C
3C003C
3C003C
3C003C
3C003C
3C003C
3C003C
0F003C
0F003C
03FFFC
03FFFC
000000
000000
000000
000000
000000
000000
000000
000000
000000
000000
ENDCHAR
STARTCHAR LATIN SMALL LETTER A WITH CIRCUMFLEX
ENCODING 226
SWIDTH 1000 0
DWIDTH 24 0
BBX 24 48 0 -10
BITMAP
000000
000000
000000
000000
003C00
003C00
00FF00
00FF00
03C3C0
03C3C0
0F00F0
0F00F0
000000
000000
000000
000000
0FFFC0
0FFFC0
0000F0
0000F0
00003C
00003C
00003C
00003C
03FFFC
03FFFC
0F003C
0F003C
3C003C
3C003C
3C003C
3C003C
3C003C
3C003C
0F003C
0F003C
03FFFC
03FFFC
000000
000000
000000
000000
000000
000000
000000
000000
000000
000000
ENDCHAR
STARTCHAR LATIN SMALL LETTER A WITH TILDE
ENCODING 227
SWIDTH 1000 0
DWIDTH 24 0
BBX 24 48 0 -10
BITMAP
000000
000000
000000
000000
03C03C
03C03C
0FF03C
0FF03C
3C3CF0
3C3CF0
3C0FC0
3C0FC0
000000
000000
000000
000000
0FFFC0
0FFFC0
0000F0
0000F0
00003C
00003C
00003C
00003C
03FFFC
03FFFC
0F003C
0F003C
3C003C
3C003C
3C003C
3C003C
3C003C
3C003C
0F003C
0F003C
03FFFC
03FFFC
000000
000000
000000
000000
000000
000000
000000
000000
000000
000000
ENDCHAR
STARTCHAR LATIN SMALL LETTER A WITH DIAERESIS
ENCODING 228
SWIDTH 1000 0
DWIDTH 24 0
BBX 24 48 0 -10
BITMAP
000000
000000
000000
000000
000000
000000
0F00F0
0F00F0
0F00F0
0F00F0
000000
000000
000000
000000
000000
000000
0FFFC0
0FFFC0
0000F0
0000F0
00003C
00003C
00003C
00003C
03FFFC
03FFFC
0F003C
0F003C
3C003C
3C003C
3C003C
3C003C
3C003C
3C003C
0F003C
0F003C
03FFFC
03FFFC
000000
000000
000000
000000
000000
000000
000000
000000
000000
000000
ENDCHAR
STARTCHAR LATIN SMALL LETTER A WITH RING ABOVE
ENCODING 229
SWIDTH 1000 0
DWIDTH 24 0
BBX 24 48 0 -10
BITMAP
000000
000000
000000
000000
00FF00
00FF00
03C3C0
03C3C0
03C3C0
03C3C0
00FF00
00FF00
000000
000000
000000
000000
0FFFC0
0FFFC0
0000F0
0000F0
00003C
00003C
00003C
00003C
03FFFC
03FFFC
0F003C
0F003C
3C003C
3C003C
3C003C
3C003C
3C003C
3C003C
0F003C
0F003C
03FFFC
03FFFC
000000
000000
000000
000000
000000
000000
000000
000000
000000
000000
ENDCHAR
STARTCHAR LATIN SMALL LETTER AE
ENCODING 230
SWIDTH 1000 0
DWIDTH 24 0
BBX 24 48 0 -10
BITMAP
000000
000000
000000
000000
000000
000000
000000
000000
000000
000000
000000
000000
000000
000000
000000
000000
0FC3FC
0FC3FC
00FF3C
00FF3C
003C3C
003C3C
003C3C
003C3C
03FFFC
03FFFC
0F3C00
0F3C00
3C3C00
3C3C00
3C3C00
3C3C00
3C3C00
3C3C00
0F3F00
0F3F00
03F3FC
03F3FC
000000
000000
000000
000000
000000
000000
000000
000000
000000
000000
ENDCHAR
STARTCHAR LATIN SMALL LETTER C WITH CEDILLA
ENCODING 231
SWIDTH 1000 0
DWIDTH 24 0
BBX 24 48 0 -10
BITMAP
000000
000000
000000
000000
000000
000000
000000
000000
000000
000000
000000
000000
000000
000000
000000
000000
03FFFC
03FFFC
0F0000
0F0000
3C0000
3C0000
3C0000
3C0000
3C0000
3C0000
3C0000
3C0000
3C0000
3C0000
3C0000
3C0000
3C0000
3C0000
0F0000
0F0000
03FFFC
03FFFC
000F00
000F00
000F00
000F00
000F00
000F00
003C00
003C00
00F000
00F000
ENDCHAR
STARTCHAR LATIN SMALL LETTER E WITH GRAVE
ENCODING 232
SWIDTH 1000 0
DWIDTH 24 0
BBX 24 48 0 -10
BITMAP
000000
000000
000000
000000
03C000
03C000
00F000
00F000
003C00
003C00
000F00
000F00
000000
000000
000000
000000
03FFFC
03FFFC
0F003C
0F003C
3C003C
3C003C
3C003C
3C003C
3C003C
3C003C
3FFFFC
3FFFFC
3C0000
3C0000
3C0000
3C0000
3C0000
3C0000
0F0000
0F0000
03FFFC
03FFFC
000000
000000
000000
000000
000000
000000
000000
000000
000000
000000
ENDCHAR
STARTCHAR LATIN SMALL LETTER E WITH ACUTE
ENCODING 233
SWIDTH 1000 0
DWIDTH 24 0
BBX 24 48 0 -10
BITMAP
000000
000000
000000
000000
0003C0
0003C0
000F00
000F00
003C00
003C00
00F000
00F000
000000
000000
000000
000000
03FFFC
03FFFC
0F003C
0F003C
3C003C
3C003C
3C003C
3C003C
3C003C
3C003C
3FFFFC
3FFFFC
3C0000
3C0000
3C0000
3C0000
3C0000
3C0000
0F0000
0F0000
03FFFC
03FFFC
000000
000000
000000
000000
000000
000000
000000
000000
000000
000000
ENDCHAR
STARTCHAR LATIN SMALL LETTER E WITH CIRCUMFLEX
ENCODING 234
SWIDTH 1000 0
DWIDTH 24 0
BBX 24 48 0 -10
BITMAP
000000
000000
000000
000000
003C00
003C00
00FF00
00FF00
03C3C0
03C3C0
0F00F0
0F00F0
000000
000000
000000
000000
03FFFC
03FFFC
0F003C
0F003C
3C003C
3C003C
3C003C
3C003C
3C003C
3C003C
3FFFFC
3FFFFC
3C0000
3C0000
3C0000
3C0000
3C0000
3C0000
0F0000
0F0000
03FFFC
03FFFC
000000
000000
000000
000000
000000
000000
000000
000000
000000
000000
ENDCHAR
STARTCHAR LATIN SMALL LETTER E WITH DIAERESIS
ENCODING 235
SWIDTH 1000 0
DWIDTH 24 0
BBX 24 48 0 -10
BITMAP
000000
000000
000000
000000
000000
000000
0F00F0
0F00F0
0F00F0
0F00F0
000000
000000
000000
000000
000000
000000
03FFFC
03FFFC
0F003C
0F003C
3C003C
3C003C
3C003C
3C003C
3C003C
3C003C
3FFFFC
3FFFFC
3C0000
3C0000
3C0000
3C0000
3C0000
3C0000
0F0000
0F0000
03FFFC
03FFFC
000000
000000
000000
000000
000000
000000
000000
000000
000000
000000
ENDCHAR
STARTCHAR LATIN SMALL LETTER I WITH GRAVE
ENCODING 236
SWIDTH 1000 0
DWIDTH 24 0
BBX 24 48 0 -10
BITMAP
000000
000000
000000
000000
03C000
03C000
00F000
00F000
003C00
003C00
000F00
000F00
000000
000000
000000
000000
03FC00
03FC00
003C00
003C00
003C00
003C00
003C00
003C00
003C00
003C00
003C00
003C00
003C00
003C00
003C00
003C00
003C00
003C00
003C00
003C00
003FC0
003FC0
000000
000000
000000
000000
000000
000000
000000
000000
000000
000000
ENDCHAR
STARTCHAR LATIN SMALL LETTER I WITH ACUTE
ENCODING 237
SWIDTH 1000 0
DWIDTH 24 0
BBX 24 48 0 -10
BITMAP
000000
000000
000000
000000
0003C0
0003C0
000F00
000F00
003C00
003C00
00F000
00F000
000000
000000
000000
000000
03FC00
03FC00
003C00
003C00
003C00
003C00
003C00
003C00
003C00
003C00
003C00
003C00
003C00
003C00
003C00
003C00
003C00
003C00
003C00
003C00
003FC0
003FC0
000000
000000
000000
000000
000000
000000
000000
000000
000000
000000
ENDCHAR
STARTCHAR LATIN SMALL LETTER I WITH CIRCUMFLEX
ENCODING 238
SWIDTH 1000 0
DWIDTH 24 0
BBX 24 48 0 -10
BITMAP
000000
000000
000000
000000
003C00
003C00
00FF00
00FF00
03C3C0
03C3C0
0F00F0
0F00F0
000000
000000
000000
000000
03FC00
03FC00
003C00
003C00
003C00
003C00
003C00
003C00
003C00
003C00
003C00
003C00
003C00
003C00
003C00
003C00
003C00
003C00
003C00
003C00
003FC0
003FC0
000000
000000
000000
000000
000000
000000
000000
000000
000000
000000
ENDCHAR
STARTCHAR LATIN SMALL LETTER I WITH DIAERESIS
ENCODING 239
SWIDTH 1000 0
DWIDTH 24 0
BBX 24 48 0 -10
BITMAP
000000
000000
000000
000000
000000
000000
0F00F0
0F00F0
0F00F0
0F00F0
000000
000000
000000
000000
000000
000000
03FC00
03FC00
003C00
003C00
003C00
003C00
003C00
003C00
003C00
003C00
003C00
003C00
003C00
003C00
003C00
003C00
003C00
003C00
003C00
003C00
003FC0
003FC0
000000
000000
000000
000000
000000
000000
000000
000000
000000
000000
ENDCHAR
STARTCHAR LATIN SMALL LETTER ETH
ENCODING 240
SWIDTH 1000 0
DWIDTH 24 0
BBX 24 48 0 -10
BITMAP
000000
000000
000000
000000
3C3C00
3C3C00
0FF000
0FF000
03C000
03C000
0FF000
0FF000
3C3C00
3C3C00
000F00
000F00
03FFC0
03FFC0
0F00F0
0F00F0
3C003C
3C003C
3C003C
3C003C
3C003C
3C003C
3C003C
3C003C
3C003C
3C003C
3C003C
3C003C
3C003C
3C003C
0F00F0
0F00F0
03FFC0
03FFC0
000000
000000
000000
000000
000000
000000
000000
000000
000000
000000
ENDCHAR
STARTCHAR LATIN SMALL LETTER N WITH TILDE
ENCODING 241
SWIDTH 1000 0
DWIDTH 24 0
BBX 24 48 0 -10
BITMAP
000000
000000
000000
000000
03C03C
03C03C
0FF03C
0FF03C
3C3CF0
3C3CF0
3C0FC0
3C0FC0
000000
000000
000000
000000
3FFFC0
3FFFC0
3C00F0
3C00F0
3C003C
3C003C
3C003C
3C003C
3C003C
3C003C
3C003C
3C003C
3C003C
3C003C
3C003C
3C003C
3C003C
3C003C
3C003C
3C003C
3C003C
3C003C
000000
000000
000000
000000
000000
000000
000000
000000
000000
000000
ENDCHAR
STARTCHAR LATIN SMALL LETTER O WITH GRAVE
ENCODING 242
SWIDTH 1000 0
DWIDTH 24 0
BBX 24 48 0 -10
BITMAP
000000
000000
000000
000000
03C000
03C000
00F000
00F000
003C00
003C00
000F00
000F00
000000
000000
000000
000000
03FFC0
03FFC0
0F00F0
0F00F0
3C003C
3C003C
3C003C
3C003C
3C003C
3C003C
3C003C
3C003C
3C003C
3C003C
3C003C
3C003C
3C003C
3C003C
0F00F0
0F00F0
03FFC0
03FFC0
000000
000000
000000
000000
000000
000000
000000
000000
000000
000000
ENDCHAR
STARTCHAR LATIN SMALL LETTER O WITH ACUTE
ENCODING 243
SWIDTH 1000 0
DWIDTH 24 0
BBX 24 48 0 -10
BITMAP
000000
000000
000000
000000
0003C0
0003C0
000F00
000F00
003C00
003C00
00F000
00F000
000000
000000
000000
000000
03FFC0
03FFC0
0F00F0
0F00F0
3C003C
3C003C
3C003C
3C003C
3C003C
3C003C
3C003C
3C003C
3C003C
3C003C
3C003C
3C003C
3C003C
3C003C
0F00F0
0F00F0
03FFC0
03FFC0
000000
000000
000000
000000
000000
000000
000000
000000
000000
000000
ENDCHAR
STARTCHAR LATIN SMALL LETTER O WITH CIRCUMFLEX
ENCODING 244
SWIDTH 1000 0
DWIDTH 24 0
BBX 24 48 0 -10
BITMAP
000000
000000
000000
000000
003C00
003C00
00FF00
00FF00
03C3C0
03C3C0
0F00F0
0F00F0
000000
000000
000000
000000
03FFC0
03FFC0
0F00F0
0F00F0
3C003C
3C003C
3C003C
3C003C
3C003C
3C003C
3C003C
3C003C
3C003C
3C003C
3C003C
3C003C
3C003C
3C003C
0F00F0
0F00F0
03FFC0
03FFC0
000000
000000
000000
000000
000000
000000
000000
000000
000000
000000
ENDCHAR
STARTCHAR LATIN SMALL LETTER O WITH TILDE
ENCODING 245
SWIDTH 1000 0
DWIDTH 24 0
BBX 24 48 0 -10
BITMAP
000000
000000
000000
000000
03C03C
03C03C
0FF03C
0FF03C
3C3CF0
3C3CF0
3C0FC0
3C0FC0
000000
000000
000000
000000
03FFC0
03FFC0
0F00F0
0F00F0
3C003C
3C003C
3C003C
3C003C
3C003C
3C003C
3C003C
3C003C
3C003C
3C003C
3C003C
3C003C
3C003C
3C003C
0F00F0
0F00F0
03FFC0
03FFC0
000000
000000
000000
000000
000000
000000
000000
000000
000000
000000
ENDCHAR
STARTCHAR LATIN SMALL LETTER O WITH DIAERESIS
ENCODING 246
SWIDTH 1000 0
DWIDTH 24 0
BBX 24 48 0 -10
BITMAP
000000
000000
000000
000000
000000
000000
0F00F0
0F00F0
0F00F0
0F00F0
000000
000000
000000
000000
000000
000000
03FFC0
03FFC0
0F00F0
0F00F0
3C003C
3C003C
3C003C
3C003C
3C003C
3C003C
3C003C
3C003C
3C003C
3C003C
3C003C
3C003C
3C003C
3C003C
0F00F0
0F00F0
03FFC0
03FFC0
000000
000000
000000
000000
000000
000000
000000
000000
000000
000000
ENDCHAR
STARTCHAR DIVISION SIGN
ENCODING 247
SWIDTH 1000 0
DWIDTH 24 0
BBX 24 48 0 -10
BITMAP
000000
000000
000000
000000
000000
000000
000000
000000
000000
000000
000000
000000
000000
000000
000000
000000
003C00
003C00
003C00
003C00
000000
000000
000000
000000
0FFFF0
0FFFF0
000000
000000
000000
000000
003C00
003C00
003C00
003C00
000000
000000
000000
000000
000000
000000
000000
000000
000000
000000
000000
000000
000000
000000
ENDCHAR
STARTCHAR LATIN SMALL LETTER O WITH STROKE
ENCODING 248
SWIDTH 1000 0
DWIDTH 24 0
BBX 24 48 0 -10
BITMAP
000000
000000
000000
000000
000000
000000
000000
000000
000000
000000
000000
000000
000000
000000
000003
000003
03FFCF
03FFCF
0F00FC
0F00FC
3C00FC
3C00FC
3C03FC
3C03FC
3C0F3C
3C0F3C
3C3C3C
3C3C3C
3CF03C
3CF03C
3FC03C
3FC03C
3F003C
3F003C
3F00F0
3F00F0
F3FFC0
F3FFC0
C00000
C00000
000000
000000
000000
000000
000000
000000
000000
000000
ENDCHAR
STARTCHAR LATIN SMALL LETTER U WITH GRAVE
ENCODING 249
SWIDTH 1000 0
DWIDTH 24 0
BBX 24 48 0 -10
BITMAP
000000
000000
000000
000000
03C000
03C000
00F000
00F000
003C00
003C00
000F00
000F00
000000
000000
000000
000000
3C003C
3C003C
3C003C
3C003C
3C003C
3C003C
3C003C
3C003C
3C003C
3C003C
3C003C
3C003C
3C003C
3C003C
3C003C
3C003C
3C003C
3C003C
0F003C
0F003C
03FFFC
03FFFC
000000
000000
000000
000000
000000
000000
000000
000000
000000
000000
ENDCHAR
STARTCHAR LATIN SMALL LETTER U WITH ACUTE
ENCODING 250
SWIDTH 1000 0
DWIDTH 24 0
BBX 24 48 0 -10
BITMAP
000000
000000
000000
000000
0003C0
0003C0
000F00
000F00
003C00
003C00
00F000
00F000
000000
000000
000000
000000
3C003C
3C003C
3C003C
3C003C
3C003C
3C003C
3C003C
3C003C
3C003C
3C003C
3C003C
3C003C
3C003C
3C003C
3C003C
3C003C
3C003C
3C003C
0F003C
0F003C
03FFFC
03FFFC
000000
000000
000000
000000
000000
000000
000000
000000
000000
000000
ENDCHAR
STARTCHAR LATIN SMALL LETTER U WITH CIRCUMFLEX
ENCODING 251
SWIDTH 1000 0
DWIDTH 24 0
BBX 24 48 0 -10
BITMAP
000000
000000
000000
000000
003C00
003C00
00FF00
00FF00
03C3C0
03C3C0
0F00F0
0F00F0
000000
000000
000000
000000
3C003C
3C003C
3C003C
3C003C
3C003C
3C003C
3C003C
3C003C
3C003C
3C003C
3C003C
3C003C
3C003C
3C003C
3C003C
3C003C
3C003C
3C003C
0F003C
0F003C
03FFFC
03FFFC
000000
000000
000000
000000
000000
000000
000000
000000
000000
000000
ENDCHAR
STARTCHAR LATIN SMALL LETTER U WITH DIAERESIS
ENCODING 252
SWIDTH 1000 0
DWIDTH 24 0
BBX 24 48 0 -10
BITMAP
000000
000000
000000
000000
000000
000000
0F00F0
0F00F0
0F00F0
0F00F0
000000
000000
000000
000000
000000
000000
3C003C
3C003C
3C003C
3C003C
3C003C
3C003C
3C003C
3C003C
3C003C
3C003C
3C003C
3C003C
3C003C
3C003C
3C003C
3C003C
3C003C
3C003C
0F003C
0F003C
03FFFC
03FFFC
000000
000000
000000
000000
000000
000000
000000
000000
000000
000000
ENDCHAR
STARTCHAR LATIN SMALL LETTER Y WITH ACUTE
ENCODING 253
SWIDTH 1000 0
DWIDTH 24 0
BBX 24 48 0 -10
BITMAP
000000
000000
000000
000000
0003C0
0003C0
000F00
000F00
003C00
003C00
00F000
00F000
000000
000000
000000
000000
3C003C
3C003C
3C003C
3C003C
3C003C
3C003C
3C003C
3C003C
3C003C
3C003C
3C003C
3C003C
3C003C
3C003C
3C003C
3C003C
3C003C
3C003C
0F003C
0F003C
03FFFC
03FFFC
00003C
00003C
00003C
00003C
00003C
00003C
0000F0
0000F0
3FFFC0
3FFFC0
ENDCHAR
STARTCHAR LATIN SMALL LETTER THORN
ENCODING 254
SWIDTH 1000 0
DWIDTH 24 0
BBX 24 48 0 -10
BITMAP
000000
000000
000000
000000
000000
000000
3C0000
3C0000
3C0000
3C0000
3C0000
3C0000
3C0000
3C0000
3C0000
3C0000
3FFFC0
3FFFC0
3C00F0
3C00F0
3C003C
3C003C
3C003C
3C003C
3C003C
3C003C
3C003C
3C003C
3C003C
3C003C
3C003C
3C003C
3C003C
3C003C
3C00F0
3C00F0
3FFFC0
3FFFC0
3C0000
3C0000
3C0000
3C0000
3C0000
3C0000
3C0000
3C0000
3C0000
3C0000
ENDCHAR
STARTCHAR LATIN SMALL LETTER Y WITH DIAERESIS
ENCODING 255
SWIDTH 1000 0
DWIDTH 24 0
BBX 24 48 0 -10
BITMAP
000000
000000
000000
000000
000000
000000
0F00F0
0F00F0
0F00F0
0F00F0
000000
000000
000000
000000
000000
000000
3C003C
3C003C
3C003C
3C003C
3C003C
3C003C
3C003C
3C003C
3C003C
3C003C
3C003C
3C003C
3C003C
3C003C
3C003C
3C003C
3C003C
3C003C
0F003C
0F003C
03FFFC
03FFFC
00003C
00003C
00003C
00003C
00003C
00003C
0000F0
0000F0
3FFFC0
3FFFC0
ENDCHAR
STARTCHAR LATIN CAPITAL LETTER A WITH MACRON
ENCODING 256
SWIDTH 1000 0
DWIDTH 24 0
BBX 24 48 0 -10
BITMAP
000000
000000
0FFFF0
0FFFF0
000000
000000
000000
000000
03FFC0
03FFC0
0F00F0
0F00F0
3C003C
3C003C
3C003C
3C003C
3C003C
3C003C
3C003C
3C003C
3C003C
3C003C
3FFFFC
3FFFFC
3C003C
3C003C
3C003C
3C003C
3C003C
3C003C
3C003C
3C003C
3C003C
3C003C
3C003C
3C003C
3C003C
3C003C
000000
000000
000000
000000
000000
000000
000000
000000
000000
000000
ENDCHAR
STARTCHAR LATIN SMALL LETTER A WITH MACRON
ENCODING 257
SWIDTH 1000 0
DWIDTH 24 0
BBX 24 48 0 -10
BITMAP
000000
000000
000000
000000
000000
000000
000000
000000
000000
000000
0FFFF0
0FFFF0
000000
000000
000000
000000
0FFFC0
0FFFC0
0000F0
0000F0
00003C
00003C
00003C
00003C
03FFFC
03FFFC
0F003C
0F003C
3C003C
3C003C
3C003C
3C003C
3C003C
3C003C
0F003C
0F003C
03FFFC
03FFFC
000000
000000
000000
000000
000000
000000
000000
000000
000000
000000
ENDCHAR
STARTCHAR LATIN CAPITAL LETTER A WITH BREVE
ENCODING 258
SWIDTH 1000 0
DWIDTH 24 0
BBX 24 48 0 -10
BITMAP
03C3C0
03C3C0
03C3C0
03C3C0
00FF00
00FF00
000000
000000
03FFC0
03FFC0
0F00F0
0F00F0
3C003C
3C003C
3C003C
3C003C
3C003C
3C003C
3C003C
3C003C
3C003C
3C003C
3FFFFC
3FFFFC
3C003C
3C003C
3C003C
3C003C
3C003C
3C003C
3C003C
3C003C
3C003C
3C003C
3C003C
3C003C
3C003C
3C003C
000000
000000
000000
000000
000000
000000
000000
000000
000000
000000
ENDCHAR
STARTCHAR LATIN SMALL LETTER A WITH BREVE
ENCODING 259
SWIDTH 1000 0
DWIDTH 24 0
BBX 24 48 0 -10
BITMAP
000000
000000
000000
000000
000000
000000
03C3C0
03C3C0
03C3C0
03C3C0
00FF00
00FF00
000000
000000
000000
000000
0FFFC0
0FFFC0
0000F0
0000F0
00003C
00003C
00003C
00003C
03FFFC
03FFFC
0F003C
0F003C
3C003C
3C003C
3C003C
3C003C
3C003C
3C003C
0F003C
0F003C
03FFFC
03FFFC
000000
000000
000000
000000
000000
000000
000000
000000
000000
000000
ENDCHAR
STARTCHAR LATIN CAPITAL LETTER A WITH OGONEK
ENCODING 260
SWIDTH 1000 0
DWIDTH 24 0
BBX 24 48 0 -10
BITMAP
000000
000000
000000
000000
000000
000000
000000
000000
03FFC0
03FFC0
0F00F0
0F00F0
3C003C
3C003C
3C003C
3C003C
3C003C
3C003C
3C003C
3C003C
3C003C
3C003C
3FFFFC
3FFFFC
3C003C
3C003C
3C003C
3C003C
3C003C
3C003C
3C003C
3C003C
3C003C
3C003C
3C003C
3C003C
3C003C
3C003C
0000FC
0000FC
0003C0
0003C0
0003C0
0003C0
0000FF
0000FF
000000
000000
ENDCHAR
STARTCHAR LATIN SMALL LETTER A WITH OGONEK
ENCODING 261
SWIDTH 1000 0
DWIDTH 24 0
BBX 24 48 0 -10
BITMAP
000000
000000
000000
000000
000000
000000
000000
000000
000000
000000
000000
000000
000000
000000
000000
000000
0FFFC0
0FFFC0
0000F0
0000F0
00003C
00003C
00003C
00003C
03FFFC
03FFFC
0F003C
0F003C
3C003C
3C003C
3C003C
3C003C
3C003C
3C003C
0F003C
0F003C
03FFFC
03FFFC
0000F0
0000F0
0003C0
0003C0
0003C0
0003C0
0000FF
0000FF
000000
000000
ENDCHAR
STARTCHAR LATIN CAPITAL LETTER C WITH ACUTE
ENCODING 262
SWIDTH 1000 0
DWIDTH 24 0
BBX 24 48 0 -10
BITMAP
0003C0
0003C0
000F00
000F00
003C00
003C00
000000
000000
03FFFC
03FFFC
0F0000
0F0000
3C0000
3C0000
3C0000
3C0000
3C0000
3C0000
3C0000
3C0000
3C0000
3C0000
3C0000
3C0000
3C0000
3C0000
3C0000
3C0000
3C0000
3C0000
3C0000
3C0000
3C0000
3C0000
0F0000
0F0000
03FFFC
03FFFC
000000
000000
000000
000000
000000
000000
000000
000000
000000
000000
ENDCHAR
STARTCHAR LATIN SMALL LETTER C WITH ACUTE
ENCODING 263
SWIDTH 1000 0
DWIDTH 24 0
BBX 24 48 0 -10
BITMAP
000000
000000
000000
000000
0003C0
0003C0
000F00
000F00
003C00
003C00
00F000
00F000
000000
000000
000000
000000
03FFFC
03FFFC
0F0000
0F0000
3C0000
3C0000
3C0000
3C0000
3C0000
3C0000
3C0000
3C0000
3C0000
3C0000
3C0000
3C0000
3C0000
3C0000
0F0000
0F0000
03FFFC
03FFFC
000000
000000
000000
000000
000000
000000
000000
000000
000000
000000
ENDCHAR
STARTCHAR LATIN CAPITAL LETTER C WITH CIRCUMFLEX
ENCODING 264
SWIDTH 1000 0
DWIDTH 24 0
BBX 24 48 0 -10
BITMAP
00FF00
00FF00
03C3C0
03C3C0
0F00F0
0F00F0
000000
000000
03FFFC
03FFFC
0F0000
0F0000
3C0000
3C0000
3C0000
3C0000
3C0000
3C0000
3C0000
3C0000
3C0000
3C0000
3C0000
3C0000
3C0000
3C0000
3C0000
3C0000
3C0000
3C0000
3C0000
3C0000
3C0000
3C0000
0F0000
0F0000
03FFFC
03FFFC
000000
000000
000000
000000
000000
000000
000000
000000
000000
000000
ENDCHAR
STARTCHAR LATIN SMALL LETTER C WITH CIRCUMFLEX
ENCODING 265
SWIDTH 1000 0
DWIDTH 24 0
BBX 24 48 0 -10
BITMAP
000000
000000
000000
000000
003C00
003C00
00FF00
00FF00
03C3C0
03C3C0
0F00F0
0F00F0
000000
000000
000000
000000
03FFFC
03FFFC
0F0000
0F0000
3C0000
3C0000
3C0000
3C0000
3C0000
3C0000
3C0000
3C0000
3C0000
3C0000
3C0000
3C0000
3C0000
3C0000
0F0000
0F0000
03FFFC
03FFFC
000000
000000
000000
000000
000000
000000
000000
000000
000000
000000
ENDCHAR
STARTCHAR LATIN CAPITAL LETTER C WITH DOT ABOVE
ENCODING 266
SWIDTH 1000 0
DWIDTH 24 0
BBX 24 48 0 -10
BITMAP
000000
000000
003C00
003C00
003C00
003C00
000000
000000
03FFFC
03FFFC
0F0000
0F0000
3C0000
3C0000
3C0000
3C0000
3C0000
3C0000
3C0000
3C0000
3C0000
3C0000
3C0000
3C0000
3C0000
3C0000
3C0000
3C0000
3C0000
3C0000
3C0000
3C0000
3C0000
3C0000
0F0000
0F0000
03FFFC
03FFFC
000000
000000
000000
000000
000000
000000
000000
000000
000000
000000
ENDCHAR
STARTCHAR LATIN SMALL LETTER C WITH DOT ABOVE
ENCODING 267
SWIDTH 1000 0
DWIDTH 24 0
BBX 24 48 0 -10
BITMAP
000000
000000
000000
000000
000000
000000
003C00
003C00
003C00
003C00
000000
000000
000000
000000
000000
000000
03FFFC
03FFFC
0F0000
0F0000
3C0000
3C0000
3C0000
3C0000
3C0000
3C0000
3C0000
3C0000
3C0000
3C0000
3C0000
3C0000
3C0000
3C0000
0F0000
0F0000
03FFFC
03FFFC
000000
000000
000000
000000
000000
000000
000000
000000
000000
000000
ENDCHAR
STARTCHAR LATIN CAPITAL LETTER C WITH CARON
ENCODING 268
SWIDTH 1000 0
DWIDTH 24 0
BBX 24 48 0 -10
BITMAP
0F00F0
0F00F0
03C3C0
03C3C0
00FF00
00FF00
000000
000000
03FFFC
03FFFC
0F0000
0F0000
3C0000
3C0000
3C0000
3C0000
3C0000
3C0000
3C0000
3C0000
3C0000
3C0000
3C0000
3C0000
3C0000
3C0000
3C0000
3C0000
3C0000
3C0000
3C0000
3C0000
3C0000
3C0000
0F0000
0F0000
03FFFC
03FFFC
000000
000000
000000
000000
000000
000000
000000
000000
000000
000000
ENDCHAR
STARTCHAR LATIN SMALL LETTER C WITH CARON
ENCODING 269
SWIDTH 1000 0
DWIDTH 24 0
BBX 24 48 0 -10
BITMAP
000000
000000
000000
000000
0F00F0
0F00F0
03C3C0
03C3C0
00FF00
00FF00
003C00
003C00
000000
000000
000000
000000
03FFFC
03FFFC
0F0000
0F0000
3C0000
3C0000
3C0000
3C0000
3C0000
3C0000
3C0000
3C0000
3C0000
3C0000
3C0000
3C0000
3C0000
3C0000
0F0000
0F0000
03FFFC
03FFFC
000000
000000
000000
000000
000000
000000
000000
000000
000000
000000
ENDCHAR
STARTCHAR LATIN CAPITAL LETTER D WITH CARON
ENCODING 270
SWIDTH 1000 0
DWIDTH 24 0
BBX 24 48 0 -10
BITMAP
0F00F0
0F00F0
03C3C0
03C3C0
00FF00
00FF00
000000
000000
3FFFC0
3FFFC0
3C00F0
3C00F0
3C003C
3C003C
3C003C
3C003C
3C003C
3C003C
3C003C
3C003C
3C003C
3C003C
3C003C
3C003C
3C003C
3C003C
3C003C
3C003C
3C003C
3C003C
3C003C
3C003C
3C003C
3C003C
3C00F0
3C00F0
3FFFC0
3FFFC0
000000
000000
000000
000000
000000
000000
000000
000000
000000
000000
ENDCHAR
STARTCHAR LATIN SMALL LETTER D WITH CARON
ENCODING 271
SWIDTH 1000 0
DWIDTH 24 0
BBX 24 48 0 -10
BITMAP
0F00F0
0F00F0
03C3C0
03C3C0
00FF00
00FF00
000000
000000
00003C
00003C
00003C
00003C
00003C
00003C
00003C
00003C
03FFFC
03FFFC
0F003C
0F003C
3C003C
3C003C
3C003C
3C003C
3C003C
3C003C
3C003C
3C003C
3C003C
3C003C
3C003C
3C003C
3C003C
3C003C
0F003C
0F003C
03FFFC
03FFFC
000000
000000
000000
000000
000000
000000
000000
000000
000000
000000
ENDCHAR
STARTCHAR LATIN CAPITAL LETTER D WITH STROKE
ENCODING 272
SWIDTH 1000 0
DWIDTH 24 0
BBX 24 48 0 -10
BITMAP
000000
000000
000000
000000
000000
000000
000000
000000
3FFFF0
3FFFF0
3C00FC
3C00FC
3C003C
3C003C
3C003C
3C003C
3C003C
3C003C
3C003C
3C003C
3C003C
3C003C
FFF03C
FFF03C
3C003C
3C003C
3C003C
3C003C
3C003C
3C003C
3C003C
3C003C
3C003C
3C003C
3C00FC
3C00FC
3FFFF0
3FFFF0
000000
000000
000000
000000
000000
000000
000000
000000
000000
000000
ENDCHAR
STARTCHAR LATIN SMALL LETTER D WITH STROKE
ENCODING 273
SWIDTH 1000 0
DWIDTH 24 0
BBX 24 48 0 -10
BITMAP
000000
000000
000000
000000
000000
000000
000000
000000
00003C
00003C
000FFF
000FFF
00003C
00003C
00003C
00003C
03FFFC
03FFFC
0F003C
0F003C
3C003C
3C003C
3C003C
3C003C
3C003C
3C003C
3C003C
3C003C
3C003C
3C003C
3C003C
3C003C
3C003C
3C003C
0F003C
0F003C
03FFFC
03FFFC
000000
000000
000000
000000
000000
000000
000000
000000
000000
000000
ENDCHAR
STARTCHAR LATIN CAPITAL LETTER E WITH MACRON
ENCODING 274
SWIDTH 1000 0
DWIDTH 24 0
BBX 24 48 0 -10
BITMAP
000000
000000
0FFFF0
0FFFF0
000000
000000
000000
000000
03FFFC
03FFFC
0F0000
0F0000
3C0000
3C0000
3C0000
3C0000
3C0000
3C0000
3C0000
3C0000
3C0000
3C0000
3FFFC0
3FFFC0
3C0000
3C0000
3C0000
3C0000
3C0000
3C0000
3C0000
3C0000
3C0000
3C0000
0F0000
0F0000
03FFFC
03FFFC
000000
000000
000000
000000
000000
000000
000000
000000
000000
000000
ENDCHAR
STARTCHAR LATIN SMALL LETTER E WITH MACRON
ENCODING 275
SWIDTH 1000 0
DWIDTH 24 0
BBX 24 48 0 -10
BITMAP
000000
000000
000000
000000
000000
000000
000000
000000
000000
000000
0FFFF0
0FFFF0
000000
000000
000000
000000
03FFFC
03FFFC
0F003C
0F003C
3C003C
3C003C
3C003C
3C003C
3C003C
3C003C
3FFFFC
3FFFFC
3C0000
3C0000
3C0000
3C0000
3C0000
3C0000
0F0000
0F0000
03FFFC
03FFFC
000000
000000
000000
000000
000000
000000
000000
000000
000000
000000
ENDCHAR
STARTCHAR LATIN CAPITAL LETTER E WITH BREVE
ENCODING 276
SWIDTH 1000 0
DWIDTH 24 0
BBX 24 48 0 -10
BITMAP
03C3C0
03C3C0
03C3C0
03C3C0
00FF00
00FF00
000000
000000
03FFFC
03FFFC
0F0000
0F0000
3C0000
3C0000
3C0000
3C0000
3C0000
3C0000
3C0000
3C0000
3C0000
3C0000
3FFFC0
3FFFC0
3C0000
3C0000
3C0000
3C0000
3C0000
3C0000
3C0000
3C0000
3C0000
3C0000
0F0000
0F0000
03FFFC
03FFFC
000000
000000
000000
000000
000000
000000
000000
000000
000000
000000
ENDCHAR
STARTCHAR LATIN SMALL LETTER E WITH BREVE
ENCODING 277
SWIDTH 1000 0
DWIDTH 24 0
BBX 24 48 0 -10
BITMAP
000000
000000
000000
000000
000000
000000
03C3C0
03C3C0
03C3C0
03C3C0
00FF00
00FF00
000000
000000
000000
000000
03FFFC
03FFFC
0F003C
0F003C
3C003C
3C003C
3C003C
3C003C
3C003C
3C003C
3FFFFC
3FFFFC
3C0000
3C0000
3C0000
3C0000
3C0000
3C0000
0F0000
0F0000
03FFFC
03FFFC
000000
000000
000000
000000
000000
000000
000000
000000
000000
000000
ENDCHAR
STARTCHAR LATIN CAPITAL LETTER E WITH DOT ABOVE
ENCODING 278
SWIDTH 1000 0
DWIDTH 24 0
BBX 24 48 0 -10
BITMAP
000000
000000
003C00
003C00
003C00
003C00
000000
000000
03FFFC
03FFFC
0F0000
0F0000
3C0000
3C0000
3C0000
3C0000
3C0000
3C0000
3C0000
3C0000
3C0000
3C0000
3FFFC0
3FFFC0
3C0000
3C0000
3C0000
3C0000
3C0000
3C0000
3C0000
3C0000
3C0000
3C0000
0F0000
0F0000
03FFFC
03FFFC
000000
000000
000000
000000
000000
000000
000000
000000
000000
000000
ENDCHAR
STARTCHAR LATIN SMALL LETTER E WITH DOT ABOVE
ENCODING 279
SWIDTH 1000 0
DWIDTH 24 0
BBX 24 48 0 -10
BITMAP
000000
000000
000000
000000
000000
000000
003C00
003C00
003C00
003C00
000000
000000
000000
000000
000000
000000
03FFFC
03FFFC
0F003C
0F003C
3C003C
3C003C
3C003C
3C003C
3C003C
3C003C
3FFFFC
3FFFFC
3C0000
3C0000
3C0000
3C0000
3C0000
3C0000
0F0000
0F0000
03FFFC
03FFFC
000000
000000
000000
000000
000000
000000
000000
000000
000000
000000
ENDCHAR
STARTCHAR LATIN CAPITAL LETTER E WITH OGONEK
ENCODING 280
SWIDTH 1000 0
DWIDTH 24 0
BBX 24 48 0 -10
BITMAP
000000
000000
000000
000000
000000
000000
000000
000000
03FFFC
03FFFC
0F0000
0F0000
3C0000
3C0000
3C0000
3C0000
3C0000
3C0000
3C0000
3C0000
3C0000
3C0000
3FFFC0
3FFFC0
3C0000
3C0000
3C0000
3C0000
3C0000
3C0000
3C0000
3C0000
3C0000
3C0000
0F0000
0F0000
03FFFC
03FFFC
0000F0
0000F0
0003C0
0003C0
0003C0
0003C0
0000FF
0000FF
000000
000000
ENDCHAR
STARTCHAR LATIN SMALL LETTER E WITH OGONEK
ENCODING 281
SWIDTH 1000 0
DWIDTH 24 0
BBX 24 48 0 -10
BITMAP
000000
000000
000000
000000
000000
000000
000000
000000
000000
000000
000000
000000
000000
000000
000000
000000
03FFFC
03FFFC
0F003C
0F003C
3C003C
3C003C
3C003C
3C003C
3C003C
3C003C
3FFFFC
3FFFFC
3C0000
3C0000
3C0000
3C0000
3C0000
3C0000
0F0000
0F0000
03FFFC
03FFFC
0000F0
0000F0
0003C0
0003C0
0003C0
0003C0
0000FF
0000FF
000000
000000
ENDCHAR
STARTCHAR LATIN CAPITAL LETTER E WITH CARON
ENCODING 282
SWIDTH 1000 0
DWIDTH 24 0
BBX 24 48 0 -10
BITMAP
0F00F0
0F00F0
03C3C0
03C3C0
00FF00
00FF00
000000
000000
03FFFC
03FFFC
0F0000
0F0000
3C0000
3C0000
3C0000
3C0000
3C0000
3C0000
3C0000
3C0000
3C0000
3C0000
3FFFC0
3FFFC0
3C0000
3C0000
3C0000
3C0000
3C0000
3C0000
3C0000
3C0000
3C0000
3C0000
0F0000
0F0000
03FFFC
03FFFC
000000
000000
000000
000000
000000
000000
000000
000000
000000
000000
ENDCHAR
STARTCHAR LATIN SMALL LETTER E WITH CARON
ENCODING 283
SWIDTH 1000 0
DWIDTH 24 0
BBX 24 48 0 -10
BITMAP
000000
000000
000000
000000
0F00F0
0F00F0
03C3C0
03C3C0
00FF00
00FF00
003C00
003C00
000000
000000
000000
000000
03FFFC
03FFFC
0F003C
0F003C
3C003C
3C003C
3C003C
3C003C
3C003C
3C003C
3FFFFC
3FFFFC
3C0000
3C0000
3C0000
3C0000
3C0000
3C0000
0F0000
0F0000
03FFFC
03FFFC
000000
000000
000000
000000
000000
000000
000000
000000
000000
000000
ENDCHAR
STARTCHAR LATIN CAPITAL LETTER G WITH CIRCUMFLEX
ENCODING 284
SWIDTH 1000 0
DWIDTH 24 0
BBX 24 48 0 -10
BITMAP
00FF00
00FF00
03C3C0
03C3C0
0F00F0
0F00F0
000000
000000
03FFFC
03FFFC
0F0000
0F0000
3C0000
3C0000
3C0000
3C0000
3C0000
3C0000
3C0000
3C0000
3C0000
3C0000
3C0FFC
3C0FFC
3C003C
3C003C
3C003C
3C003C
3C003C
3C003C
3C003C
3C003C
3C003C
3C003C
0F003C
0F003C
03FFFC
03FFFC
000000
000000
000000
000000
000000
000000
000000
000000
000000
000000
ENDCHAR
STARTCHAR LATIN SMALL LETTER G WITH CIRCUMFLEX
ENCODING 285
SWIDTH 1000 0
DWIDTH 24 0
BBX 24 48 0 -10
BITMAP
000000
000000
000000
000000
003C00
003C00
00FF00
00FF00
03C3C0
03C3C0
0F00F0
0F00F0
000000
000000
000000
000000
03FFFC
03FFFC
0F003C
0F003C
3C003C
3C003C
3C003C
3C003C
3C003C
3C003C
3C003C
3C003C
3C003C
3C003C
3C003C
3C003C
3C003C
3C003C
0F003C
0F003C
03FFF0
03FFF0
0000F0
0000F0
00003C
00003C
00003C
00003C
0000F0
0000F0
0FFFC0
0FFFC0
ENDCHAR
STARTCHAR LATIN CAPITAL LETTER G WITH BREVE
ENCODING 286
SWIDTH 1000 0
DWIDTH 24 0
BBX 24 48 0 -10
BITMAP
03C3C0
03C3C0
03C3C0
03C3C0
00FF00
00FF00
000000
000000
03FFFC
03FFFC
0F0000
0F0000
3C0000
3C0000
3C0000
3C0000
3C0000
3C0000
3C0000
3C0000
3C0000
3C0000
3C0FFC
3C0FFC
3C003C
3C003C
3C003C
3C003C
3C003C
3C003C
3C003C
3C003C
3C003C
3C003C
0F003C
0F003C
03FFFC
03FFFC
000000
000000
000000
000000
000000
000000
000000
000000
000000
000000
ENDCHAR
STARTCHAR LATIN SMALL LETTER G WITH BREVE
ENCODING 287
SWIDTH 1000 0
DWIDTH 24 0
BBX 24 48 0 -10
BITMAP
000000
000000
000000
000000
000000
000000
03C3C0
03C3C0
03C3C0
03C3C0
00FF00
00FF00
000000
000000
000000
000000
03FFFC
03FFFC
0F003C
0F003C
3C003C
3C003C
3C003C
3C003C
3C003C
3C003C
3C003C
3C003C
3C003C
3C003C
3C003C
3C003C
3C003C
3C003C
0F003C
0F003C
03FFF0
03FFF0
0000F0
0000F0
00003C
00003C
00003C
00003C
0000F0
0000F0
0FFFC0
0FFFC0
ENDCHAR
STARTCHAR LATIN CAPITAL LETTER G WITH DOT ABOVE
ENCODING 288
SWIDTH 1000 0
DWIDTH 24 0
BBX 24 48 0 -10
BITMAP
000000
000000
003C00
003C00
003C00
003C00
000000
000000
03FFFC
03FFFC
0F0000
0F0000
3C0000
3C0000
3C0000
3C0000
3C0000
3C0000
3C0000
3C0000
3C0000
3C0000
3C0FFC
3C0FFC
3C003C
3C003C
3C003C
3C003C
3C003C
3C003C
3C003C
3C003C
3C003C
3C003C
0F003C
0F003C
03FFFC
03FFFC
000000
000000
000000
000000
000000
000000
000000
000000
000000
000000
ENDCHAR
STARTCHAR LATIN SMALL LETTER G WITH DOT ABOVE
ENCODING 289
SWIDTH 1000 0
DWIDTH 24 0
BBX 24 48 0 -10
BITMAP
000000
000000
000000
000000
000000
000000
003C00
003C00
003C00
003C00
000000
000000
000000
000000
000000
000000
03FFFC
03FFFC
0F003C
0F003C
3C003C
3C003C
3C003C
3C003C
3C003C
3C003C
3C003C
3C003C
3C003C
3C003C
3C003C
3C003C
3C003C
3C003C
0F003C
0F003C
03FFF0
03FFF0
0000F0
0000F0
00003C
00003C
00003C
00003C
0000F0
0000F0
0FFFC0
0FFFC0
ENDCHAR
STARTCHAR LATIN CAPITAL LETTER G WITH CEDILLA
ENCODING 290
SWIDTH 1000 0
DWIDTH 24 0
BBX 24 48 0 -10
BITMAP
000000
000000
000000
000000
000000
000000
000000
000000
03FFFC
03FFFC
0F0000
0F0000
3C0000
3C0000
3C0000
3C0000
3C0000
3C0000
3C0000
3C0000
3C0000
3C0000
3C0FFC
3C0FFC
3C003C
3C003C
3C003C
3C003C
3C003C
3C003C
3C003C
3C003C
3C003C
3C003C
0F003C
0F003C
03FFFC
03FFFC
000F00
000F00
000F00
000F00
000F00
000F00
003C00
003C00
00F000
00F000
ENDCHAR
STARTCHAR LATIN SMALL LETTER G WITH CEDILLA
ENCODING 291
SWIDTH 1000 0
DWIDTH 24 0
BBX 24 48 0 -10
BITMAP
000000
000000
000F00
000F00
000F00
000F00
000F00
000F00
003C00
003C00
00F000
00F000
000000
000000
000000
000000
03FFFC
03FFFC
0F003C
0F003C
3C003C
3C003C
3C003C
3C003C
3C003C
3C003C
3C003C
3C003C
3C003C
3C003C
3C003C
3C003C
3C003C
3C003C
0F003C
0F003C
03FFF0
03FFF0
0000F0
0000F0
00003C
00003C
00003C
00003C
0000F0
0000F0
0FFFC0
0FFFC0
ENDCHAR
STARTCHAR LATIN CAPITAL LETTER H WITH CIRCUMFLEX
ENCODING 292
SWIDTH 1000 0
DWIDTH 24 0
BBX 24 48 0 -10
BITMAP
00FF00
00FF00
03C3C0
03C3C0
0F00F0
0F00F0
000000
000000
3C003C
3C003C
3C003C
3C003C
3C003C
3C003C
3C003C
3C003C
3C003C
3C003C
3C003C
3C003C
3C003C
3C003C
3FFFFC
3FFFFC
3C003C
3C003C
3C003C
3C003C
3C003C
3C003C
3C003C
3C003C
3C003C
3C003C
3C003C
3C003C
3C003C
3C003C
000000
000000
000000
000000
000000
000000
000000
000000
000000
000000
ENDCHAR
STARTCHAR LATIN SMALL LETTER H WITH CIRCUMFLEX
ENCODING 293
SWIDTH 1000 0
DWIDTH 24 0
BBX 24 48 0 -10
BITMAP
00FF00
00FF00
03C3C0
03C3C0
0F00F0
0F00F0
000000
000000
3C0000
3C0000
3C0000
3C0000
3C0000
3C0000
3C0000
3C0000
3FFFC0
3FFFC0
3C00F0
3C00F0
3C003C
3C003C
3C003C
3C003C
3C003C
3C003C
3C003C
3C003C
3C003C
3C003C
3C003C
3C003C
3C003C
3C003C
3C003C
3C003C
3C003C
3C003C
000000
000000
000000
000000
000000
000000
000000
000000
000000
000000
ENDCHAR
STARTCHAR LATIN CAPITAL LETTER H WITH STROKE
ENCODING 294
SWIDTH 1000 0
DWIDTH 24 0
BBX 24 48 0 -10
BITMAP
000000
000000
000000
000000
000000
000000
000000
000000
3C003C
3C003C
3C003C
3C003C
FFFFFF
FFFFFF
3C003C
3C003C
3C003C
3C003C
3C003C
3C003C
3C003C
3C003C
3FFFFC
3FFFFC
3C003C
3C003C
3C003C
3C003C
3C003C
3C003C
3C003C
3C003C
3C003C
3C003C
3C003C
3C003C
3C003C
3C003C
000000
000000
000000
000000
000000
000000
000000
000000
000000
000000
ENDCHAR
STARTCHAR LATIN SMALL LETTER H WITH STROKE
ENCODING 295
SWIDTH 1000 0
DWIDTH 24 0
BBX 24 48 0 -10
BITMAP
000000
000000
000000
000000
000000
000000
000000
000000
3C0000
3C0000
FFF000
FFF000
3C0000
3C0000
3C0000
3C0000
3FFFC0
3FFFC0
3C00F0
3C00F0
3C003C
3C003C
3C003C
3C003C
3C003C
3C003C
3C003C
3C003C
3C003C
3C003C
3C003C
3C003C
3C003C
3C003C
3C003C
3C003C
3C003C
3C003C
000000
000000
000000
000000
000000
000000
000000
000000
000000
000000
ENDCHAR
STARTCHAR LATIN CAPITAL LETTER I WITH TILDE
ENCODING 296
SWIDTH 1000 0
DWIDTH 24 0
BBX 24 48 0 -10
BITMAP
03F03C
03F03C
0FFFF0
0FFFF0
3C0FC0
3C0FC0
000000
000000
0FFFF0
0FFFF0
003C00
003C00
003C00
003C00
003C00
003C00
003C00
003C00
003C00
003C00
003C00
003C00
003C00
003C00
003C00
003C00
003C00
003C00
003C00
003C00
003C00
003C00
003C00
003C00
003C00
003C00
0FFFF0
0FFFF0
000000
000000
000000
000000
000000
000000
000000
000000
000000
000000
ENDCHAR
STARTCHAR LATIN SMALL LETTER I WITH TILDE
ENCODING 297
SWIDTH 1000 0
DWIDTH 24 0
BBX 24 48 0 -10
BITMAP
000000
000000
000000
000000
03C03C
03C03C
0FF03C
0FF03C
3C3CF0
3C3CF0
3C0FC0
3C0FC0
000000
000000
000000
000000
03FC00
03FC00
003C00
003C00
003C00
003C00
003C00
003C00
003C00
003C00
003C00
003C00
003C00
003C00
003C00
003C00
003C00
003C00
003C00
003C00
003FC0
003FC0
000000
000000
000000
000000
000000
000000
000000
000000
000000
000000
ENDCHAR
STARTCHAR LATIN CAPITAL LETTER I WITH MACRON
ENCODING 298
SWIDTH 1000 0
DWIDTH 24 0
BBX 24 48 0 -10
BITMAP
000000
000000
0FFFF0
0FFFF0
000000
000000
000000
000000
0FFFF0
0FFFF0
003C00
003C00
003C00
003C00
003C00
003C00
003C00
003C00
003C00
003C00
003C00
003C00
003C00
003C00
003C00
003C00
003C00
003C00
003C00
003C00
003C00
003C00
003C00
003C00
003C00
003C00
0FFFF0
0FFFF0
000000
000000
000000
000000
000000
000000
000000
000000
000000
000000
ENDCHAR
STARTCHAR LATIN SMALL LETTER I WITH MACRON
ENCODING 299
SWIDTH 1000 0
DWIDTH 24 0
BBX 24 48 0 -10
BITMAP
000000
000000
000000
000000
000000
000000
000000
000000
000000
000000
0FFFF0
0FFFF0
000000
000000
000000
000000
03FC00
03FC00
003C00
003C00
003C00
003C00
003C00
003C00
003C00
003C00
003C00
003C00
003C00
003C00
003C00
003C00
003C00
003C00
003C00
003C00
003FC0
003FC0
000000
000000
000000
000000
000000
000000
000000
000000
000000
000000
ENDCHAR
STARTCHAR LATIN CAPITAL LETTER I WITH BREVE
ENCODING 300
SWIDTH 1000 0
DWIDTH 24 0
BBX 24 48 0 -10
BITMAP
03C3C0
03C3C0
03C3C0
03C3C0
00FF00
00FF00
000000
000000
0FFFF0
0FFFF0
003C00
003C00
003C00
003C00
003C00
003C00
003C00
003C00
003C00
003C00
003C00
003C00
003C00
003C00
003C00
003C00
003C00
003C00
003C00
003C00
003C00
003C00
003C00
003C00
003C00
003C00
0FFFF0
0FFFF0
000000
000000
000000
000000
000000
000000
000000
000000
000000
000000
ENDCHAR
STARTCHAR LATIN SMALL LETTER I WITH BREVE
ENCODING 301
SWIDTH 1000 0
DWIDTH 24 0
BBX 24 48 0 -10
BITMAP
000000
000000
000000
000000
000000
000000
03C3C0
03C3C0
03C3C0
03C3C0
00FF00
00FF00
000000
000000
000000
000000
03FC00
03FC00
003C00
003C00
003C00
003C00
003C00
003C00
003C00
003C00
003C00
003C00
003C00
003C00
003C00
003C00
003C00
003C00
003C00
003C00
003FC0
003FC0
000000
000000
000000
000000
000000
000000
000000
000000
000000
000000
ENDCHAR
STARTCHAR LATIN CAPITAL LETTER I WITH OGONEK
ENCODING 302
SWIDTH 1000 0
DWIDTH 24 0
BBX 24 48 0 -10
BITMAP
000000
000000
000000
000000
000000
000000
000000
000000
0FFFF0
0FFFF0
003C00
003C00
003C00
003C00
003C00
003C00
003C00
003C00
003C00
003C00
003C00
003C00
003C00
003C00
003C00
003C00
003C00
003C00
003C00
003C00
003C00
003C00
003C00
003C00
003C00
003C00
0FFFF0
0FFFF0
0003C0
0003C0
000F00
000F00
000F00
000F00
0003FC
0003FC
000000
000000
ENDCHAR
STARTCHAR LATIN SMALL LETTER I WITH OGONEK
ENCODING 303
SWIDTH 1000 0
DWIDTH 24 0
BBX 24 48 0 -10
BITMAP
000000
000000
000000
000000
000000
000000
000000
000000
003C00
003C00
003C00
003C00
000000
000000
000000
000000
03FC00
03FC00
003C00
003C00
003C00
003C00
003C00
003C00
003C00
003C00
003C00
003C00
003C00
003C00
003C00
003C00
003C00
003C00
003C00
003C00
003FC0
003FC0
000F00
000F00
003C00
003C00
003C00
003C00
000FF0
000FF0
000000
000000
ENDCHAR
STARTCHAR LATIN CAPITAL LETTER I WITH DOT ABOVE
ENCODING 304
SWIDTH 1000 0
DWIDTH 24 0
BBX 24 48 0 -10
BITMAP
000000
000000
003C00
003C00
003C00
003C00
000000
000000
0FFFF0
0FFFF0
003C00
003C00
003C00
003C00
003C00
003C00
003C00
003C00
003C00
003C00
003C00
003C00
003C00
003C00
003C00
003C00
003C00
003C00
003C00
003C00
003C00
003C00
003C00
003C00
003C00
003C00
0FFFF0
0FFFF0
000000
000000
000000
000000
000000
000000
000000
000000
000000
000000
ENDCHAR
STARTCHAR LATIN SMALL LETTER DOTLESS I
ENCODING 305
SWIDTH 1000 0
DWIDTH 24 0
BBX 24 48 0 -10
BITMAP
000000
000000
000000
000000
000000
000000
000000
000000
000000
000000
000000
000000
000000
000000
000000
000000
03FC00
03FC00
003C00
003C00
003C00
003C00
003C00
003C00
003C00
003C00
003C00
003C00
003C00
003C00
003C00
003C00
003C00
003C00
003C00
003C00
003FC0
003FC0
000000
000000
000000
000000
000000
000000
000000
000000
000000
000000
ENDCHAR
STARTCHAR LATIN CAPITAL LIGATURE IJ
ENCODING 306
SWIDTH 1000 0
DWIDTH 24 0
BBX 24 48 0 -10
BITMAP
000000
000000
000000
000000
000000
000000
000000
000000
FF03FC
FF03FC
3C00F0
3C00F0
3C00F0
3C00F0
3C00F0
3C00F0
3C00F0
3C00F0
3C00F0
3C00F0
3C00F0
3C00F0
3C00F0
3C00F0
3C00F0
3C00F0
3C00F0
3C00F0
3C00F0
3C00F0
3C00F0
3C00F0
3C00F0
3C00F0
3C03F0
3C03F0
FF3FC0
FF3FC0
000000
000000
000000
000000
000000
000000
000000
000000
000000
000000
ENDCHAR
STARTCHAR LATIN SMALL LIGATURE IJ
ENCODING 307
SWIDTH 1000 0
DWIDTH 24 0
BBX 24 48 0 -10
BITMAP
000000
000000
000000
000000
000000
000000
000000
000000
0F00F0
0F00F0
0F00F0
0F00F0
000000
000000
000000
000000
FF00F0
FF00F0
0F00F0
0F00F0
0F00F0
0F00F0
0F00F0
0F00F0
0F00F0
0F00F0
0F00F0
0F00F0
0F00F0
0F00F0
0F00F0
0F00F0
0F00F0
0F00F0
0F00F0
0F00F0
0FF0F0
0FF0F0
0000F0
0000F0
0000F0
0000F0
0000F0
0000F0
0003C0
0003C0
00FF00
00FF00
ENDCHAR
STARTCHAR LATIN CAPITAL LETTER J WITH CIRCUMFLEX
ENCODING 308
SWIDTH 1000 0
DWIDTH 24 0
BBX 24 48 0 -10
BITMAP
00FF00
00FF00
03C3C0
03C3C0
0F00F0
0F00F0
000000
000000
0FFFF0
0FFFF0
003C00
003C00
003C00
003C00
003C00
003C00
003C00
003C00
003C00
003C00
003C00
003C00
003C00
003C00
003C00
003C00
003C00
003C00
003C00
003C00
003C00
003C00
003C00
003C00
00FC00
00FC00
3FF000
3FF000
000000
000000
000000
000000
000000
000000
000000
000000
000000
000000
ENDCHAR
STARTCHAR LATIN SMALL LETTER J WITH CIRCUMFLEX
ENCODING 309
SWIDTH 1000 0
DWIDTH 24 0
BBX 24 48 0 -10
BITMAP
000000
000000
000000
000000
003C00
003C00
00FF00
00FF00
03C3C0
03C3C0
0F00F0
0F00F0
000000
000000
000000
000000
003C00
003C00
003C00
003C00
003C00
003C00
003C00
003C00
003C00
003C00
003C00
003C00
003C00
003C00
003C00
003C00
003C00
003C00
003C00
003C00
003C00
003C00
003C00
003C00
003C00
003C00
003C00
003C00
00F000
00F000
3FC000
3FC000
ENDCHAR
STARTCHAR LATIN CAPITAL LETTER K WITH CEDILLA
ENCODING 310
SWIDTH 1000 0
DWIDTH 24 0
BBX 24 48 0 -10
BITMAP
000000
000000
000000
000000
000000
000000
000000
000000
3C003C
3C003C
3C003C
3C003C
3C003C
3C003C
3C003C
3C003C
3C003C
3C003C
3C00F0
3C00F0
3C03C0
3C03C0
3FFF00
3FFF00
3C03C0
3C03C0
3C00F0
3C00F0
3C003C
3C003C
3C003C
3C003C
3C003C
3C003C
3C003C
3C003C
3C003C
3C003C
003C00
003C00
003C00
003C00
003C00
003C00
00F000
00F000
03C000
03C000
ENDCHAR
STARTCHAR LATIN SMALL LETTER K WITH CEDILLA
ENCODING 311
SWIDTH 1000 0
DWIDTH 24 0
BBX 24 48 0 -10
BITMAP
000000
000000
000000
000000
000000
000000
000000
000000
0F0000
0F0000
0F0000
0F0000
0F0000
0F0000
0F0000
0F0000
0F00F0
0F00F0
0F00F0
0F00F0
0F03C0
0F03C0
0F0F00
0F0F00
0FFC00
0FFC00
0F3C00
0F3C00
0F0F00
0F0F00
0F03C0
0F03C0
0F00F0
0F00F0
0F003C
0F003C
0F003C
0F003C
000F00
000F00
000F00
000F00
000F00
000F00
003C00
003C00
00F000
00F000
ENDCHAR
STARTCHAR LATIN SMALL LETTER KRA
ENCODING 312
SWIDTH 1000 0
DWIDTH 24 0
BBX 24 48 0 -10
BITMAP
000000
000000
000000
000000
000000
000000
000000
000000
000000
000000
000000
000000
000000
000000
000000
000000
0F00F0
0F00F0
0F00F0
0F00F0
0F03C0
0F03C0
0F0F00
0F0F00
0F3C00
0F3C00
0FF000
0FF000
0F3C00
0F3C00
0F0F00
0F0F00
0F03C0
0F03C0
0F00F0
0F00F0
0F00F0
0F00F0
000000
000000
000000
000000
000000
000000
000000
000000
000000
000000
ENDCHAR
STARTCHAR LATIN CAPITAL LETTER L WITH ACUTE
ENCODING 313
SWIDTH 1000 0
DWIDTH 24 0
BBX 24 48 0 -10
BITMAP
0003C0
0003C0
000F00
000F00
003C00
003C00
000000
000000
3C0000
3C0000
3C0000
3C0000
3C0000
3C0000
3C0000
3C0000
3C0000
3C0000
3C0000
3C0000
3C0000
3C0000
3C0000
3C0000
3C0000
3C0000
3C0000
3C0000
3C0000
3C0000
3C0000
3C0000
3C0000
3C0000
0F0000
0F0000
03FFFC
03FFFC
000000
000000
000000
000000
000000
000000
000000
000000
000000
000000
ENDCHAR
STARTCHAR LATIN SMALL LETTER L WITH ACUTE
ENCODING 314
SWIDTH 1000 0
DWIDTH 24 0
BBX 24 48 0 -10
BITMAP
0003C0
0003C0
000F00
000F00
003C00
003C00
000000
000000
00F000
00F000
00F000
00F000
00F000
00F000
00F000
00F000
00F000
00F000
00F000
00F000
00F000
00F000
00F000
00F000
00F000
00F000
00F000
00F000
00F000
00F000
00F000
00F000
00F000
00F000
00FC00
00FC00
003FF0
003FF0
000000
000000
000000
000000
000000
000000
000000
000000
000000
000000
ENDCHAR
STARTCHAR LATIN CAPITAL LETTER L WITH CEDILLA
ENCODING 315
SWIDTH 1000 0
DWIDTH 24 0
BBX 24 48 0 -10
BITMAP
000000
000000
000000
000000
000000
000000
000000
000000
3C0000
3C0000
3C0000
3C0000
3C0000
3C0000
3C0000
3C0000
3C0000
3C0000
3C0000
3C0000
3C0000
3C0000
3C0000
3C0000
3C0000
3C0000
3C0000
3C0000
3C0000
3C0000
3C0000
3C0000
3C0000
3C0000
0F0000
0F0000
03FFFC
03FFFC
000F00
000F00
000F00
000F00
000F00
000F00
003C00
003C00
00F000
00F000
ENDCHAR
STARTCHAR LATIN SMALL LETTER L WITH CEDILLA
ENCODING 316
SWIDTH 1000 0
DWIDTH 24 0
BBX 24 48 0 -10
BITMAP
000000
000000
000000
000000
000000
000000
000000
000000
00F000
00F000
00F000
00F000
00F000
00F000
00F000
00F000
00F000
00F000
00F000
00F000
00F000
00F000
00F000
00F000
00F000
00F000
00F000
00F000
00F000
00F000
00F000
00F000
00F000
00F000
00FC00
00FC00
003FF0
003FF0
000F00
000F00
000F00
000F00
000F00
000F00
003C00
003C00
00F000
00F000
ENDCHAR
STARTCHAR LATIN CAPITAL LETTER L WITH CARON
ENCODING 317
SWIDTH 1000 0
DWIDTH 24 0
BBX 24 48 0 -10
BITMAP
0F00F0
0F00F0
03C3C0
03C3C0
00FF00
00FF00
000000
000000
3C0000
3C0000
3C0000
3C0000
3C0000
3C0000
3C0000
3C0000
3C0000
3C0000
3C0000
3C0000
3C0000
3C0000
3C0000
3C0000
3C0000
3C0000
3C0000
3C0000
3C0000
3C0000
3C0000
3C0000
3C0000
3C0000
0F0000
0F0000
03FFFC
03FFFC
000000
000000
000000
000000
000000
000000
000000
000000
000000
000000
ENDCHAR
STARTCHAR LATIN SMALL LETTER L WITH CARON
ENCODING 318
SWIDTH 1000 0
DWIDTH 24 0
BBX 24 48 0 -10
BITMAP
0F00F0
0F00F0
03C3C0
03C3C0
00FF00
00FF00
000000
000000
00F000
00F000
00F000
00F000
00F000
00F000
00F000
00F000
00F000
00F000
00F000
00F000
00F000
00F000
00F000
00F000
00F000
00F000
00F000
00F000
00F000
00F000
00F000
00F000
00F000
00F000
00FC00
00FC00
003FF0
003FF0
000000
000000
000000
000000
000000
000000
000000
000000
000000
000000
ENDCHAR
STARTCHAR LATIN CAPITAL LETTER L WITH MIDDLE DOT
ENCODING 319
SWIDTH 1000 0
DWIDTH 24 0
BBX 24 48 0 -10
BITMAP
000000
000000
000000
000000
000000
000000
000000
000000
3C0000
3C0000
3C0000
3C0000
3C0000
3C0000
3C0000
3C0000
3C0000
3C0000
3C0000
3C0000
3C0000
3C0000
3C03C0
3C03C0
3C03C0
3C03C0
3C0000
3C0000
3C0000
3C0000
3C0000
3C0000
3C0000
3C0000
0F0000
0F0000
03FFFC
03FFFC
000000
000000
000000
000000
000000
000000
000000
000000
000000
000000
ENDCHAR
STARTCHAR LATIN SMALL LETTER L WITH MIDDLE DOT
ENCODING 320
SWIDTH 1000 0
DWIDTH 24 0
BBX 24 48 0 -10
BITMAP
000000
000000
000000
000000
000000
000000
000000
000000
00F000
00F000
00F000
00F000
00F000
00F000
00F000
00F000
00F000
00F000
00F000
00F000
00F000
00F000
00F0F0
00F0F0
00F0F0
00F0F0
00F000
00F000
00F000
00F000
00F000
00F000
00F000
00F000
00FC00
00FC00
003FF0
003FF0
000000
000000
000000
000000
000000
000000
000000
000000
000000
000000
ENDCHAR
STARTCHAR LATIN CAPITAL LETTER L WITH STROKE
ENCODING 321
SWIDTH 1000 0
DWIDTH 24 0
BBX 24 48 0 -10
BITMAP
000000
000000
000000
000000
000000
000000
000000
000000
3C0000
3C0000
3C0000
3C0000
3C0000
3C0000
3C0000
3C0000
3CF000
3CF000
3FC000
3FC000
3F0000
3F0000
3C0000
3C0000
FC0000
FC0000
FC0000
FC0000
3C0000
3C0000
3C0000
3C0000
3C0000
3C0000
0F0000
0F0000
03FFFC
03FFFC
000000
000000
000000
000000
000000
000000
000000
000000
000000
000000
ENDCHAR
STARTCHAR LATIN SMALL LETTER L WITH STROKE
ENCODING 322
SWIDTH 1000 0
DWIDTH 24 0
BBX 24 48 0 -10
BITMAP
000000
000000
000000
000000
000000
000000
000000
000000
00F000
00F000
00F000
00F000
00F000
00F000
00F000
00F000
00F3C0
00F3C0
00FF00
00FF00
00FC00
00FC00
00F000
00F000
03F000
03F000
03F000
03F000
00F000
00F000
00F000
00F000
00F000
00F000
00FC00
00FC00
003FF0
003FF0
000000
000000
000000
000000
000000
000000
000000
000000
000000
000000
ENDCHAR
STARTCHAR LATIN CAPITAL LETTER N WITH ACUTE
ENCODING 323
SWIDTH 1000 0
DWIDTH 24 0
BBX 24 48 0 -10
BITMAP
000F00
000F00
003C00
003C00
00F000
00F000
000000
000000
3C003C
3C003C
3F003C
3F003C
3F003C
3F003C
3FC03C
3FC03C
3FC03C
3FC03C
3CF03C
3CF03C
3CF03C
3CF03C
3C3C3C
3C3C3C
3C3C3C
3C3C3C
3C0F3C
3C0F3C
3C0F3C
3C0F3C
3C03FC
3C03FC
3C03FC
3C03FC
3C00FC
3C00FC
3C00FC
3C00FC
000000
000000
000000
000000
000000
000000
000000
000000
000000
000000
ENDCHAR
STARTCHAR LATIN SMALL LETTER N WITH ACUTE
ENCODING 324
SWIDTH 1000 0
DWIDTH 24 0
BBX 24 48 0 -10
BITMAP
000000
000000
000000
000000
0003C0
0003C0
000F00
000F00
003C00
003C00
00F000
00F000
000000
000000
000000
000000
3FFFC0
3FFFC0
3C00F0
3C00F0
3C003C
3C003C
3C003C
3C003C
3C003C
3C003C
3C003C
3C003C
3C003C
3C003C
3C003C
3C003C
3C003C
3C003C
3C003C
3C003C
3C003C
3C003C
000000
000000
000000
000000
000000
000000
000000
000000
000000
000000
ENDCHAR
STARTCHAR LATIN CAPITAL LETTER N WITH CEDILLA
ENCODING 325
SWIDTH 1000 0
DWIDTH 24 0
BBX 24 48 0 -10
BITMAP
000000
000000
000000
000000
000000
000000
000000
000000
3C003C
3C003C
3F003C
3F003C
3F003C
3F003C
3FC03C
3FC03C
3FC03C
3FC03C
3CF03C
3CF03C
3CF03C
3CF03C
3C3C3C
3C3C3C
3C3C3C
3C3C3C
3C0F3C
3C0F3C
3C0F3C
3C0F3C
3C03FC
3C03FC
3C03FC
3C03FC
3C00FC
3C00FC
3C00FC
3C00FC
003C00
003C00
003C00
003C00
003C00
003C00
00F000
00F000
03C000
03C000
ENDCHAR
STARTCHAR LATIN SMALL LETTER N WITH CEDILLA
ENCODING 326
SWIDTH 1000 0
DWIDTH 24 0
BBX 24 48 0 -10
BITMAP
000000
000000
000000
000000
000000
000000
000000
000000
000000
000000
000000
000000
000000
000000
000000
000000
3FFFC0
3FFFC0
3C00F0
3C00F0
3C003C
3C003C
3C003C
3C003C
3C003C
3C003C
3C003C
3C003C
3C003C
3C003C
3C003C
3C003C
3C003C
3C003C
3C003C
3C003C
3C003C
3C003C
003C00
003C00
003C00
003C00
003C00
003C00
00F000
00F000
03C000
03C000
ENDCHAR
STARTCHAR LATIN CAPITAL LETTER N WITH CARON
ENCODING 327
SWIDTH 1000 0
DWIDTH 24 0
BBX 24 48 0 -10
BITMAP
0F00F0
0F00F0
03C3C0
03C3C0
00FF00
00FF00
000000
000000
3C003C
3C003C
3F003C
3F003C
3F003C
3F003C
3FC03C
3FC03C
3FC03C
3FC03C
3CF03C
3CF03C
3CF03C
3CF03C
3C3C3C
3C3C3C
3C3C3C
3C3C3C
3C0F3C
3C0F3C
3C0F3C
3C0F3C
3C03FC
3C03FC
3C03FC
3C03FC
3C00FC
3C00FC
3C00FC
3C00FC
000000
000000
000000
000000
000000
000000
000000
000000
000000
000000
ENDCHAR
STARTCHAR LATIN SMALL LETTER N WITH CARON
ENCODING 328
SWIDTH 1000 0
DWIDTH 24 0
BBX 24 48 0 -10
BITMAP
000000
000000
000000
000000
0F00F0
0F00F0
03C3C0
03C3C0
00FF00
00FF00
003C00
003C00
000000
000000
000000
000000
3FFFC0
3FFFC0
3C00F0
3C00F0
3C003C
3C003C
3C003C
3C003C
3C003C
3C003C
3C003C
3C003C
3C003C
3C003C
3C003C
3C003C
3C003C
3C003C
3C003C
3C003C
3C003C
3C003C
000000
000000
000000
000000
000000
000000
000000
000000
000000
000000
ENDCHAR
STARTCHAR LATIN SMALL LETTER N PRECEDED BY APOSTROPHE
ENCODING 329
SWIDTH 1000 0
DWIDTH 24 0
BBX 24 48 0 -10
BITMAP
000000
000000
0F0000
0F0000
0F0000
0F0000
0F0000
0F0000
3C0000
3C0000
F00000
F00000
000000
000000
000000
000000
3FFFC0
3FFFC0
3C00F0
3C00F0
3C003C
3C003C
3C003C
3C003C
3C003C
3C003C
3C003C
3C003C
3C003C
3C003C
3C003C
3C003C
3C003C
3C003C
3C003C
3C003C
3C003C
3C003C
000000
000000
000000
000000
000000
000000
000000
000000
000000
000000
ENDCHAR
STARTCHAR LATIN CAPITAL LETTER ENG
ENCODING 330
SWIDTH 1000 0
DWIDTH 24 0
BBX 24 48 0 -10
BITMAP
000000
000000
000000
000000
000000
000000
000000
000000
3C003C
3C003C
3F003C
3F003C
3F003C
3F003C
3FC03C
3FC03C
3FC03C
3FC03C
3CF03C
3CF03C
3CF03C
3CF03C
3C3C3C
3C3C3C
3C3C3C
3C3C3C
3C0F3C
3C0F3C
3C0F3C
3C0F3C
3C03FC
3C03FC
3C03FC
3C03FC
3C00FC
3C00FC
3C00FC
3C00FC
00003C
00003C
00003C
00003C
0000F0
0000F0
000FC0
000FC0
000000
000000
ENDCHAR
STARTCHAR LATIN SMALL LETTER ENG
ENCODING 331
SWIDTH 1000 0
DWIDTH 24 0
BBX 24 48 0 -10
BITMAP
000000
000000
000000
000000
000000
000000
000000
000000
000000
000000
000000
000000
000000
000000
000000
000000
3FFFC0
3FFFC0
3C00F0
3C00F0
3C003C
3C003C
3C003C
3C003C
3C003C
3C003C
3C003C
3C003C
3C003C
3C003C
3C003C
3C003C
3C003C
3C003C
3C003C
3C003C
3C003C
3C003C
00003C
00003C
00003C
00003C
0000F0
0000F0
000FC0
000FC0
000000
000000
ENDCHAR
STARTCHAR LATIN CAPITAL LETTER O WITH MACRON
ENCODING 332
SWIDTH 1000 0
DWIDTH 24 0
BBX 24 48 0 -10
BITMAP
000000
000000
0FFFF0
0FFFF0
000000
000000
000000
000000
03FFC0
03FFC0
0F00F0
0F00F0
3C003C
3C003C
3C003C
3C003C
3C003C
3C003C
3C003C
3C003C
3C003C
3C003C
3C003C
3C003C
3C003C
3C003C
3C003C
3C003C
3C003C
3C003C
3C003C
3C003C
3C003C
3C003C
0F00F0
0F00F0
03FFC0
03FFC0
000000
000000
000000
000000
000000
000000
000000
000000
000000
000000
ENDCHAR
STARTCHAR LATIN SMALL LETTER O WITH MACRON
ENCODING 333
SWIDTH 1000 0
DWIDTH 24 0
BBX 24 48 0 -10
BITMAP
000000
000000
000000
000000
000000
000000
000000
000000
000000
000000
0FFFF0
0FFFF0
000000
000000
000000
000000
03FFC0
03FFC0
0F00F0
0F00F0
3C003C
3C003C
3C003C
3C003C
3C003C
3C003C
3C003C
3C003C
3C003C
3C003C
3C003C
3C003C
3C003C
3C003C
0F00F0
0F00F0
03FFC0
03FFC0
000000
000000
000000
000000
000000
000000
000000
000000
000000
000000
ENDCHAR
STARTCHAR LATIN CAPITAL LETTER O WITH BREVE
ENCODING 334
SWIDTH 1000 0
DWIDTH 24 0
BBX 24 48 0 -10
BITMAP
03C3C0
03C3C0
03C3C0
03C3C0
00FF00
00FF00
000000
000000
03FFC0
03FFC0
0F00F0
0F00F0
3C003C
3C003C
3C003C
3C003C
3C003C
3C003C
3C003C
3C003C
3C003C
3C003C
3C003C
3C003C
3C003C
3C003C
3C003C
3C003C
3C003C
3C003C
3C003C
3C003C
3C003C
3C003C
0F00F0
0F00F0
03FFC0
03FFC0
000000
000000
000000
000000
000000
000000
000000
000000
000000
000000
ENDCHAR
STARTCHAR LATIN SMALL LETTER O WITH BREVE
ENCODING 335
SWIDTH 1000 0
DWIDTH 24 0
BBX 24 48 0 -10
BITMAP
000000
000000
000000
000000
000000
000000
03C3C0
03C3C0
03C3C0
03C3C0
00FF00
00FF00
000000
000000
000000
000000
03FFC0
03FFC0
0F00F0
0F00F0
3C003C
3C003C
3C003C
3C003C
3C003C
3C003C
3C003C
3C003C
3C003C
3C003C
3C003C
3C003C
3C003C
3C003C
0F00F0
0F00F0
03FFC0
03FFC0
000000
000000
000000
000000
000000
000000
000000
000000
000000
000000
ENDCHAR
STARTCHAR LATIN CAPITAL LETTER O WITH DOUBLE ACUTE
ENCODING 336
SWIDTH 1000 0
DWIDTH 24 0
BBX 24 48 0 -10
BITMAP
003C3C
003C3C
00F0F0
00F0F0
03C3C0
03C3C0
000000
000000
03FFC0
03FFC0
0F00F0
0F00F0
3C003C
3C003C
3C003C
3C003C
3C003C
3C003C
3C003C
3C003C
3C003C
3C003C
3C003C
3C003C
3C003C
3C003C
3C003C
3C003C
3C003C
3C003C
3C003C
3C003C
3C003C
3C003C
0F00F0
0F00F0
03FFC0
03FFC0
000000
000000
000000
000000
000000
000000
000000
000000
000000
000000
ENDCHAR
STARTCHAR LATIN SMALL LETTER O WITH DOUBLE ACUTE
ENCODING 337
SWIDTH 1000 0
DWIDTH 24 0
BBX 24 48 0 -10
BITMAP
000000
000000
000000
000000
003C3C
003C3C
00F0F0
00F0F0
03C3C0
03C3C0
0F0F00
0F0F00
000000
000000
000000
000000
03FFC0
03FFC0
0F00F0
0F00F0
3C003C
3C003C
3C003C
3C003C
3C003C
3C003C
3C003C
3C003C
3C003C
3C003C
3C003C
3C003C
3C003C
3C003C
0F00F0
0F00F0
03FFC0
03FFC0
000000
000000
000000
000000
000000
000000
000000
000000
000000
000000
ENDCHAR
STARTCHAR LATIN CAPITAL LIGATURE OE
ENCODING 338
SWIDTH 1000 0
DWIDTH 24 0
BBX 24 48 0 -10
BITMAP
000000
000000
000000
000000
000000
000000
000000
000000
03FFFC
03FFFC
0F0F00
0F0F00
3C0F00
3C0F00
3C0F00
3C0F00
3C0F00
3C0F00
3C0F00
3C0F00
3C0F00
3C0F00
3C0FF0
3C0FF0
3C0F00
3C0F00
3C0F00
3C0F00
3C0F00
3C0F00
3C0F00
3C0F00
3C0F00
3C0F00
0F0F00
0F0F00
03FFFC
03FFFC
000000
000000
000000
000000
000000
000000
000000
000000
000000
000000
ENDCHAR
STARTCHAR LATIN SMALL LIGATURE OE
ENCODING 339
SWIDTH 1000 0
DWIDTH 24 0
BBX 24 48 0 -10
BITMAP
000000
000000
000000
000000
000000
000000
000000
000000
000000
000000
000000
000000
000000
000000
000000
000000
03F3FC
03F3FC
0F3F3C
0F3F3C
3C3C3C
3C3C3C
3C3C3C
3C3C3C
3C3FFC
3C3FFC
3C3C00
3C3C00
3C3C00
3C3C00
3C3C00
3C3C00
3C3C00
3C3C00
0F3F00
0F3F00
03F3FC
03F3FC
000000
000000
000000
000000
000000
000000
000000
000000
000000
000000
ENDCHAR
STARTCHAR LATIN CAPITAL LETTER R WITH ACUTE
ENCODING 340
SWIDTH 1000 0
DWIDTH 24 0
BBX 24 48 0 -10
BITMAP
0003C0
0003C0
000F00
000F00
003C00
003C00
000000
000000
3FFFC0
3FFFC0
3C00F0
3C00F0
3C003C
3C003C
3C003C
3C003C
3C003C
3C003C
3C003C
3C003C
3C00F0
3C00F0
3FFFC0
3FFFC0
3C00F0
3C00F0
3C003C
3C003C
3C003C
3C003C
3C003C
3C003C
3C003C
3C003C
3C003C
3C003C
3C003C
3C003C
000000
000000
000000
000000
000000
000000
000000
000000
000000
000000
ENDCHAR
STARTCHAR LATIN SMALL LETTER R WITH ACUTE
ENCODING 341
SWIDTH 1000 0
DWIDTH 24 0
BBX 24 48 0 -10
BITMAP
000000
000000
000000
000000
0003C0
0003C0
000F00
000F00
003C00
003C00
00F000
00F000
000000
000000
000000
000000
03FFFC
03FFFC
0F003C
0F003C
3C0000
3C0000
3C0000
3C0000
3C0000
3C0000
3C0000
3C0000
3C0000
3C0000
3C0000
3C0000
3C0000
3C0000
3C0000
3C0000
3C0000
3C0000
000000
000000
000000
000000
000000
000000
000000
000000
000000
000000
ENDCHAR
STARTCHAR LATIN CAPITAL LETTER R WITH CEDILLA
ENCODING 342
SWIDTH 1000 0
DWIDTH 24 0
BBX 24 48 0 -10
BITMAP
000000
000000
000000
000000
000000
000000
000000
000000
3FFFC0
3FFFC0
3C00F0
3C00F0
3C003C
3C003C
3C003C
3C003C
3C003C
3C003C
3C003C
3C003C
3C00F0
3C00F0
3FFFC0
3FFFC0
3C00F0
3C00F0
3C003C
3C003C
3C003C
3C003C
3C003C
3C003C
3C003C
3C003C
3C003C
3C003C
3C003C
3C003C
003C00
003C00
003C00
003C00
003C00
003C00
00F000
00F000
03C000
03C000
ENDCHAR
STARTCHAR LATIN SMALL LETTER R WITH CEDILLA
ENCODING 343
SWIDTH 1000 0
DWIDTH 24 0
BBX 24 48 0 -10
BITMAP
000000
000000
000000
000000
000000
000000
000000
000000
000000
000000
000000
000000
000000
000000
000000
000000
03FFFC
03FFFC
0F003C
0F003C
3C0000
3C0000
3C0000
3C0000
3C0000
3C0000
3C0000
3C0000
3C0000
3C0000
3C0000
3C0000
3C0000
3C0000
3C0000
3C0000
3C0000
3C0000
003C00
003C00
003C00
003C00
003C00
003C00
00F000
00F000
03C000
03C000
ENDCHAR
STARTCHAR LATIN CAPITAL LETTER R WITH CARON
ENCODING 344
SWIDTH 1000 0
DWIDTH 24 0
BBX 24 48 0 -10
BITMAP
0F00F0
0F00F0
03C3C0
03C3C0
00FF00
00FF00
000000
000000
3FFFC0
3FFFC0
3C00F0
3C00F0
3C003C
3C003C
3C003C
3C003C
3C003C
3C003C
3C003C
3C003C
3C00F0
3C00F0
3FFFC0
3FFFC0
3C00F0
3C00F0
3C003C
3C003C
3C003C
3C003C
3C003C
3C003C
3C003C
3C003C
3C003C
3C003C
3C003C
3C003C
000000
000000
000000
000000
000000
000000
000000
000000
000000
000000
ENDCHAR
STARTCHAR LATIN SMALL LETTER R WITH CARON
ENCODING 345
SWIDTH 1000 0
DWIDTH 24 0
BBX 24 48 0 -10
BITMAP
000000
000000
000000
000000
0F00F0
0F00F0
03C3C0
03C3C0
00FF00
00FF00
003C00
003C00
000000
000000
000000
000000
03FFFC
03FFFC
0F003C
0F003C
3C0000
3C0000
3C0000
3C0000
3C0000
3C0000
3C0000
3C0000
3C0000
3C0000
3C0000
3C0000
3C0000
3C0000
3C0000
3C0000
3C0000
3C0000
000000
000000
000000
000000
000000
000000
000000
000000
000000
000000
ENDCHAR
STARTCHAR LATIN CAPITAL LETTER S WITH ACUTE
ENCODING 346
SWIDTH 1000 0
DWIDTH 24 0
BBX 24 48 0 -10
BITMAP
0003C0
0003C0
000F00
000F00
003C00
003C00
000000
000000
03FFFC
03FFFC
0F0000
0F0000
3C0000
3C0000
3C0000
3C0000
3C0000
3C0000
3C0000
3C0000
0F0000
0F0000
03FFC0
03FFC0
0000F0
0000F0
00003C
00003C
00003C
00003C
00003C
00003C
00003C
00003C
0000F0
0000F0
3FFFC0
3FFFC0
000000
000000
000000
000000
000000
000000
000000
000000
000000
000000
ENDCHAR
STARTCHAR LATIN SMALL LETTER S WITH ACUTE
ENCODING 347
SWIDTH 1000 0
DWIDTH 24 0
BBX 24 48 0 -10
BITMAP
000000
000000
000000
000000
0003C0
0003C0
000F00
000F00
003C00
003C00
00F000
00F000
000000
000000
000000
000000
0FFFFC
0FFFFC
3C0000
3C0000
3C0000
3C0000
3C0000
3C0000
3C0000
3C0000
0FFFF0
0FFFF0
00003C
00003C
00003C
00003C
00003C
00003C
00003C
00003C
3FFFF0
3FFFF0
000000
000000
000000
000000
000000
000000
000000
000000
000000
000000
ENDCHAR
STARTCHAR LATIN CAPITAL LETTER S WITH CIRCUMFLEX
ENCODING 348
SWIDTH 1000 0
DWIDTH 24 0
BBX 24 48 0 -10
BITMAP
00FF00
00FF00
03C3C0
03C3C0
0F00F0
0F00F0
000000
000000
03FFFC
03FFFC
0F0000
0F0000
3C0000
3C0000
3C0000
3C0000
3C0000
3C0000
3C0000
3C0000
0F0000
0F0000
03FFC0
03FFC0
0000F0
0000F0
00003C
00003C
00003C
00003C
00003C
00003C
00003C
00003C
0000F0
0000F0
3FFFC0
3FFFC0
000000
000000
000000
000000
000000
000000
000000
000000
000000
000000
ENDCHAR
STARTCHAR LATIN SMALL LETTER S WITH CIRCUMFLEX
ENCODING 349
SWIDTH 1000 0
DWIDTH 24 0
BBX 24 48 0 -10
BITMAP
000000
000000
000000
000000
003C00
003C00
00FF00
00FF00
03C3C0
03C3C0
0F00F0
0F00F0
000000
000000
000000
000000
0FFFFC
0FFFFC
3C0000
3C0000
3C0000
3C0000
3C0000
3C0000
3C0000
3C0000
0FFFF0
0FFFF0
00003C
00003C
00003C
00003C
00003C
00003C
00003C
00003C
3FFFF0
3FFFF0
000000
000000
000000
000000
000000
000000
000000
000000
000000
000000
ENDCHAR
STARTCHAR LATIN CAPITAL LETTER S WITH CEDILLA
ENCODING 350
SWIDTH 1000 0
DWIDTH 24 0
BBX 24 48 0 -10
BITMAP
000000
000000
000000
000000
000000
000000
000000
000000
03FFFC
03FFFC
0F0000
0F0000
3C0000
3C0000
3C0000
3C0000
3C0000
3C0000
3C0000
3C0000
0F0000
0F0000
03FFC0
03FFC0
0000F0
0000F0
00003C
00003C
00003C
00003C
00003C
00003C
00003C
00003C
0000F0
0000F0
3FFFC0
3FFFC0
003C00
003C00
003C00
003C00
003C00
003C00
00F000
00F000
03C000
03C000
ENDCHAR
STARTCHAR LATIN SMALL LETTER S WITH CEDILLA
ENCODING 351
SWIDTH 1000 0
DWIDTH 24 0
BBX 24 48 0 -10
BITMAP
000000
000000
000000
000000
000000
000000
000000
000000
000000
000000
000000
000000
000000
000000
000000
000000
0FFFFC
0FFFFC
3C0000
3C0000
3C0000
3C0000
3C0000
3C0000
3C0000
3C0000
0FFFF0
0FFFF0
00003C
00003C
00003C
00003C
00003C
00003C
00003C
00003C
3FFFF0
3FFFF0
003C00
003C00
003C00
003C00
003C00
003C00
00F000
00F000
03C000
03C000
ENDCHAR
STARTCHAR LATIN CAPITAL LETTER S WITH CARON
ENCODING 352
SWIDTH 1000 0
DWIDTH 24 0
BBX 24 48 0 -10
BITMAP
0F00F0
0F00F0
03C3C0
03C3C0
00FF00
00FF00
000000
000000
03FFFC
03FFFC
0F0000
0F0000
3C0000
3C0000
3C0000
3C0000
3C0000
3C0000
3C0000
3C0000
0F0000
0F0000
03FFC0
03FFC0
0000F0
0000F0
00003C
00003C
00003C
00003C
00003C
00003C
00003C
00003C
0000F0
0000F0
3FFFC0
3FFFC0
000000
000000
000000
000000
000000
000000
000000
000000
000000
000000
ENDCHAR
STARTCHAR LATIN SMALL LETTER S WITH CARON
ENCODING 353
SWIDTH 1000 0
DWIDTH 24 0
BBX 24 48 0 -10
BITMAP
000000
000000
000000
000000
0F00F0
0F00F0
03C3C0
03C3C0
00FF00
00FF00
003C00
003C00
000000
000000
000000
000000
0FFFFC
0FFFFC
3C0000
3C0000
3C0000
3C0000
3C0000
3C0000
3C0000
3C0000
0FFFF0
0FFFF0
00003C
00003C
00003C
00003C
00003C
00003C
00003C
00003C
3FFFF0
3FFFF0
000000
000000
000000
000000
000000
000000
000000
000000
000000
000000
ENDCHAR
STARTCHAR LATIN CAPITAL LETTER T WITH CEDILLA
ENCODING 354
SWIDTH 1000 0
DWIDTH 24 0
BBX 24 48 0 -10
BITMAP
000000
000000
000000
000000
000000
000000
000000
000000
3FFFFC
3FFFFC
003C00
003C00
003C00
003C00
003C00
003C00
003C00
003C00
003C00
003C00
003C00
003C00
003C00
003C00
003C00
003C00
003C00
003C00
003C00
003C00
003C00
003C00
003C00
003C00
003C00
003C00
003C00
003C00
000F00
000F00
000F00
000F00
000F00
000F00
003C00
003C00
00F000
00F000
ENDCHAR
STARTCHAR LATIN SMALL LETTER T WITH CEDILLA
ENCODING 355
SWIDTH 1000 0
DWIDTH 24 0
BBX 24 48 0 -10
BITMAP
000000
000000
000000
000000
000000
000000
000000
000000
00F000
00F000
00F000
00F000
00F000
00F000
00F000
00F000
0FFFC0
0FFFC0
00F000
00F000
00F000
00F000
00F000
00F000
00F000
00F000
00F000
00F000
00F000
00F000
00F000
00F000
00F000
00F000
00FC00
00FC00
003FF0
003FF0
000F00
000F00
000F00
000F00
000F00
000F00
003C00
003C00
00F000
00F000
ENDCHAR
STARTCHAR LATIN CAPITAL LETTER T WITH CARON
ENCODING 356
SWIDTH 1000 0
DWIDTH 24 0
BBX 24 48 0 -10
BITMAP
0F00F0
0F00F0
03C3C0
03C3C0
00FF00
00FF00
000000
000000
3FFFFC
3FFFFC
003C00
003C00
003C00
003C00
003C00
003C00
003C00
003C00
003C00
003C00
003C00
003C00
003C00
003C00
003C00
003C00
003C00
003C00
003C00
003C00
003C00
003C00
003C00
003C00
003C00
003C00
003C00
003C00
000000
000000
000000
000000
000000
000000
000000
000000
000000
000000
ENDCHAR
STARTCHAR LATIN SMALL LETTER T WITH CARON
ENCODING 357
SWIDTH 1000 0
DWIDTH 24 0
BBX 24 48 0 -10
BITMAP
0F00F0
0F00F0
03C3C0
03C3C0
00FF00
00FF00
000000
000000
00F000
00F000
00F000
00F000
00F000
00F000
00F000
00F000
0FFFC0
0FFFC0
00F000
00F000
00F000
00F000
00F000
00F000
00F000
00F000
00F000
00F000
00F000
00F000
00F000
00F000
00F000
00F000
00FC00
00FC00
003FF0
003FF0
000000
000000
000000
000000
000000
000000
000000
000000
000000
000000
ENDCHAR
STARTCHAR LATIN CAPITAL LETTER T WITH STROKE
ENCODING 358
SWIDTH 1000 0
DWIDTH 24 0
BBX 24 48 0 -10
BITMAP
000000
000000
000000
000000
000000
000000
000000
000000
3FFFFC
3FFFFC
003C00
003C00
003C00
003C00
003C00
003C00
003C00
003C00
003C00
003C00
003C00
003C00
03FFC0
03FFC0
003C00
003C00
003C00
003C00
003C00
003C00
003C00
003C00
003C00
003C00
003C00
003C00
003C00
003C00
000000
000000
000000
000000
000000
000000
000000
000000
000000
000000
ENDCHAR
STARTCHAR LATIN SMALL LETTER T WITH STROKE
ENCODING 359
SWIDTH 1000 0
DWIDTH 24 0
BBX 24 48 0 -10
BITMAP
000000
000000
000000
000000
000000
000000
000000
000000
00F000
00F000
00F000
00F000
00F000
00F000
00F000
00F000
0FFFC0
0FFFC0
00F000
00F000
00F000
00F000
0FFFC0
0FFFC0
00F000
00F000
00F000
00F000
00F000
00F000
00F000
00F000
00F000
00F000
00FC00
00FC00
003FF0
003FF0
000000
000000
000000
000000
000000
000000
000000
000000
000000
000000
ENDCHAR
STARTCHAR LATIN CAPITAL LETTER U WITH TILDE
ENCODING 360
SWIDTH 1000 0
DWIDTH 24 0
BBX 24 48 0 -10
BITMAP
03F03C
03F03C
0FFFF0
0FFFF0
3C0FC0
3C0FC0
000000
000000
3C003C
3C003C
3C003C
3C003C
3C003C
3C003C
3C003C
3C003C
3C003C
3C003C
3C003C
3C003C
3C003C
3C003C
3C003C
3C003C
3C003C
3C003C
3C003C
3C003C
3C003C
3C003C
3C003C
3C003C
3C003C
3C003C
0F003C
0F003C
03FFFC
03FFFC
000000
000000
000000
000000
000000
000000
000000
000000
000000
000000
ENDCHAR
STARTCHAR LATIN SMALL LETTER U WITH TILDE
ENCODING 361
SWIDTH 1000 0
DWIDTH 24 0
BBX 24 48 0 -10
BITMAP
000000
000000
000000
000000
03C03C
03C03C
0FF03C
0FF03C
3C3CF0
3C3CF0
3C0FC0
3C0FC0
000000
000000
000000
000000
3C003C
3C003C
3C003C
3C003C
3C003C
3C003C
3C003C
3C003C
3C003C
3C003C
3C003C
3C003C
3C003C
3C003C
3C003C
3C003C
3C003C
3C003C
0F003C
0F003C
03FFFC
03FFFC
000000
000000
000000
000000
000000
000000
000000
000000
000000
000000
ENDCHAR
STARTCHAR LATIN CAPITAL LETTER U WITH MACRON
ENCODING 362
SWIDTH 1000 0
DWIDTH 24 0
BBX 24 48 0 -10
BITMAP
000000
000000
0FFFF0
0FFFF0
000000
000000
000000
000000
3C003C
3C003C
3C003C
3C003C
3C003C
3C003C
3C003C
3C003C
3C003C
3C003C
3C003C
3C003C
3C003C
3C003C
3C003C
3C003C
3C003C
3C003C
3C003C
3C003C
3C003C
3C003C
3C003C
3C003C
3C003C
3C003C
0F003C
0F003C
03FFFC
03FFFC
000000
000000
000000
000000
000000
000000
000000
000000
000000
000000
ENDCHAR
STARTCHAR LATIN SMALL LETTER U WITH MACRON
ENCODING 363
SWIDTH 1000 0
DWIDTH 24 0
BBX 24 48 0 -10
BITMAP
000000
000000
000000
000000
000000
000000
000000
000000
000000
000000
0FFFF0
0FFFF0
000000
000000
000000
000000
3C003C
3C003C
3C003C
3C003C
3C003C
3C003C
3C003C
3C003C
3C003C
3C003C
3C003C
3C003C
3C003C
3C003C
3C003C
3C003C
3C003C
3C003C
0F003C
0F003C
03FFFC
03FFFC
000000
000000
000000
000000
000000
000000
000000
000000
000000
000000
ENDCHAR
STARTCHAR LATIN CAPITAL LETTER U WITH BREVE
ENCODING 364
SWIDTH 1000 0
DWIDTH 24 0
BBX 24 48 0 -10
BITMAP
03C3C0
03C3C0
03C3C0
03C3C0
00FF00
00FF00
000000
000000
3C003C
3C003C
3C003C
3C003C
3C003C
3C003C
3C003C
3C003C
3C003C
3C003C
3C003C
3C003C
3C003C
3C003C
3C003C
3C003C
3C003C
3C003C
3C003C
3C003C
3C003C
3C003C
3C003C
3C003C
3C003C
3C003C
0F003C
0F003C
03FFFC
03FFFC
000000
000000
000000
000000
000000
000000
000000
000000
000000
000000
ENDCHAR
STARTCHAR LATIN SMALL LETTER U WITH BREVE
ENCODING 365
SWIDTH 1000 0
DWIDTH 24 0
BBX 24 48 0 -10
BITMAP
000000
000000
000000
000000
000000
000000
03C3C0
03C3C0
03C3C0
03C3C0
00FF00
00FF00
000000
000000
000000
000000
3C003C
3C003C
3C003C
3C003C
3C003C
3C003C
3C003C
3C003C
3C003C
3C003C
3C003C
3C003C
3C003C
3C003C
3C003C
3C003C
3C003C
3C003C
0F003C
0F003C
03FFFC
03FFFC
000000
000000
000000
000000
000000
000000
000000
000000
000000
000000
ENDCHAR
STARTCHAR LATIN CAPITAL LETTER U WITH RING ABOVE
ENCODING 366
SWIDTH 1000 0
DWIDTH 24 0
BBX 24 48 0 -10
BITMAP
00FF00
00FF00
03C3C0
03C3C0
03C3C0
03C3C0
00FF00
00FF00
3C003C
3C003C
3C003C
3C003C
3C003C
3C003C
3C003C
3C003C
3C003C
3C003C
3C003C
3C003C
3C003C
3C003C
3C003C
3C003C
3C003C
3C003C
3C003C
3C003C
3C003C
3C003C
3C003C
3C003C
3C003C
3C003C
0F003C
0F003C
03FFFC
03FFFC
000000
000000
000000
000000
000000
000000
000000
000000
000000
000000
ENDCHAR
STARTCHAR LATIN SMALL LETTER U WITH RING ABOVE
ENCODING 367
SWIDTH 1000 0
DWIDTH 24 0
BBX 24 48 0 -10
BITMAP
000000
000000
000000
000000
00FF00
00FF00
03C3C0
03C3C0
03C3C0
03C3C0
00FF00
00FF00
000000
000000
000000
000000
3C003C
3C003C
3C003C
3C003C
3C003C
3C003C
3C003C
3C003C
3C003C
3C003C
3C003C
3C003C
3C003C
3C003C
3C003C
3C003C
3C003C
3C003C
0F003C
0F003C
03FFFC
03FFFC
000000
000000
000000
000000
000000
000000
000000
000000
000000
000000
ENDCHAR
STARTCHAR LATIN CAPITAL LETTER U WITH DOUBLE ACUTE
ENCODING 368
SWIDTH 1000 0
DWIDTH 24 0
BBX 24 48 0 -10
BITMAP
003C3C
003C3C
00F0F0
00F0F0
03C3C0
03C3C0
000000
000000
3C003C
3C003C
3C003C
3C003C
3C003C
3C003C
3C003C
3C003C
3C003C
3C003C
3C003C
3C003C
3C003C
3C003C
3C003C
3C003C
3C003C
3C003C
3C003C
3C003C
3C003C
3C003C
3C003C
3C003C
3C003C
3C003C
0F003C
0F003C
03FFFC
03FFFC
000000
000000
000000
000000
000000
000000
000000
000000
000000
000000
ENDCHAR
STARTCHAR LATIN SMALL LETTER U WITH DOUBLE ACUTE
ENCODING 369
SWIDTH 1000 0
DWIDTH 24 0
BBX 24 48 0 -10
BITMAP
000000
000000
000000
000000
003C3C
003C3C
00F0F0
00F0F0
03C3C0
03C3C0
0F0F00
0F0F00
000000
000000
000000
000000
3C003C
3C003C
3C003C
3C003C
3C003C
3C003C
3C003C
3C003C
3C003C
3C003C
3C003C
3C003C
3C003C
3C003C
3C003C
3C003C
3C003C
3C003C
0F003C
0F003C
03FFFC
03FFFC
000000
000000
000000
000000
000000
000000
000000
000000
000000
000000
ENDCHAR
STARTCHAR LATIN CAPITAL LETTER U WITH OGONEK
ENCODING 370
SWIDTH 1000 0
DWIDTH 24 0
BBX 24 48 0 -10
BITMAP
000000
000000
000000
000000
000000
000000
000000
000000
3C003C
3C003C
3C003C
3C003C
3C003C
3C003C
3C003C
3C003C
3C003C
3C003C
3C003C
3C003C
3C003C
3C003C
3C003C
3C003C
3C003C
3C003C
3C003C
3C003C
3C003C
3C003C
3C003C
3C003C
3C003C
3C003C
0F003C
0F003C
03FFFC
03FFFC
0000F0
0000F0
0003C0
0003C0
0003C0
0003C0
0000FF
0000FF
000000
000000
ENDCHAR
STARTCHAR LATIN SMALL LETTER U WITH OGONEK
ENCODING 371
SWIDTH 1000 0
DWIDTH 24 0
BBX 24 48 0 -10
BITMAP
000000
000000
000000
000000
000000
000000
000000
000000
000000
000000
000000
000000
000000
000000
000000
000000
3C003C
3C003C
3C003C
3C003C
3C003C
3C003C
3C003C
3C003C
3C003C
3C003C
3C003C
3C003C
3C003C
3C003C
3C003C
3C003C
3C003C
3C003C
0F003C
0F003C
03FFFC
03FFFC
0000F0
0000F0
0003C0
0003C0
0003C0
0003C0
0000FF
0000FF
000000
000000
ENDCHAR
STARTCHAR LATIN CAPITAL LETTER W WITH CIRCUMFLEX
ENCODING 372
SWIDTH 1000 0
DWIDTH 24 0
BBX 24 48 0 -10
BITMAP
00FF00
00FF00
03C3C0
03C3C0
0F00F0
0F00F0
000000
000000
3C003C
3C003C
3C003C
3C003C
3C003C
3C003C
3C003C
3C003C
3C003C
3C003C
3C003C
3C003C
3C003C
3C003C
3C003C
3C003C
3C003C
3C003C
3C003C
3C003C
3C3C3C
3C3C3C
3CFF3C
3CFF3C
3FC3FC
3FC3FC
3F00FC
3F00FC
3C003C
3C003C
000000
000000
000000
000000
000000
000000
000000
000000
000000
000000
ENDCHAR
STARTCHAR LATIN SMALL LETTER W WITH CIRCUMFLEX
ENCODING 373
SWIDTH 1000 0
DWIDTH 24 0
BBX 24 48 0 -10
BITMAP
000000
000000
000000
000000
003C00
003C00
00FF00
00FF00
03C3C0
03C3C0
0F00F0
0F00F0
000000
000000
000000
000000
3C003C
3C003C
3C003C
3C003C
3C003C
3C003C
3C3C3C
3C3C3C
3C3C3C
3C3C3C
3C3C3C
3C3C3C
3C3C3C
3C3C3C
3C3C3C
3C3C3C
3C3C3C
3C3C3C
0F3C3C
0F3C3C
03C3FC
03C3FC
000000
000000
000000
000000
000000
000000
000000
000000
000000
000000
ENDCHAR
STARTCHAR LATIN CAPITAL LETTER Y WITH CIRCUMFLEX
ENCODING 374
SWIDTH 1000 0
DWIDTH 24 0
BBX 24 48 0 -10
BITMAP
00FF00
00FF00
03C3C0
03C3C0
0F00F0
0F00F0
000000
000000
3C003C
3C003C
3C003C
3C003C
3C003C
3C003C
3C003C
3C003C
3C003C
3C003C
3C003C
3C003C
0F003C
0F003C
03FFFC
03FFFC
00003C
00003C
00003C
00003C
00003C
00003C
00003C
00003C
00003C
00003C
0000FC
0000FC
3FFFF0
3FFFF0
000000
000000
000000
000000
000000
000000
000000
000000
000000
000000
ENDCHAR
STARTCHAR LATIN SMALL LETTER Y WITH CIRCUMFLEX
ENCODING 375
SWIDTH 1000 0
DWIDTH 24 0
BBX 24 48 0 -10
BITMAP
000000
000000
000000
000000
003C00
003C00
00FF00
00FF00
03C3C0
03C3C0
0F00F0
0F00F0
000000
000000
000000
000000
3C003C
3C003C
3C003C
3C003C
3C003C
3C003C
3C003C
3C003C
3C003C
3C003C
3C003C
3C003C
3C003C
3C003C
3C003C
3C003C
3C003C
3C003C
0F003C
0F003C
03FFFC
03FFFC
00003C
00003C
00003C
00003C
00003C
00003C
0000F0
0000F0
3FFFC0
3FFFC0
ENDCHAR
STARTCHAR LATIN CAPITAL LETTER Y WITH DIAERESIS
ENCODING 376
SWIDTH 1000 0
DWIDTH 24 0
BBX 24 48 0 -10
BITMAP
000000
000000
0F00F0
0F00F0
0F00F0
0F00F0
000000
000000
3C003C
3C003C
3C003C
3C003C
3C003C
3C003C
3C003C
3C003C
3C003C
3C003C
3C003C
3C003C
0F003C
0F003C
03FFFC
03FFFC
00003C
00003C
00003C
00003C
00003C
00003C
00003C
00003C
00003C
00003C
0000FC
0000FC
3FFFF0
3FFFF0
000000
000000
000000
000000
000000
000000
000000
000000
000000
000000
ENDCHAR
STARTCHAR LATIN CAPITAL LETTER Z WITH ACUTE
ENCODING 377
SWIDTH 1000 0
DWIDTH 24 0
BBX 24 48 0 -10
BITMAP
0003C0
0003C0
000F00
000F00
003C00
003C00
000000
000000
3FFFFC
3FFFFC
00003C
00003C
00003C
00003C
00003C
00003C
0000F0
0000F0
0003C0
0003C0
000F00
000F00
003C00
003C00
00F000
00F000
03C000
03C000
0F0000
0F0000
3C0000
3C0000
3C0000
3C0000
3C0000
3C0000
3FFFFC
3FFFFC
000000
000000
000000
000000
000000
000000
000000
000000
000000
000000
ENDCHAR
STARTCHAR LATIN SMALL LETTER Z WITH ACUTE
ENCODING 378
SWIDTH 1000 0
DWIDTH 24 0
BBX 24 48 0 -10
BITMAP
000000
000000
000000
000000
0003C0
0003C0
000F00
000F00
003C00
003C00
00F000
00F000
000000
000000
000000
000000
3FFFFC
3FFFFC
00003C
00003C
0000F0
0000F0
0003C0
0003C0
000F00
000F00
003C00
003C00
00F000
00F000
03C000
03C000
0F0000
0F0000
3C0000
3C0000
3FFFFC
3FFFFC
000000
000000
000000
000000
000000
000000
000000
000000
000000
000000
ENDCHAR
STARTCHAR LATIN CAPITAL LETTER Z WITH DOT ABOVE
ENCODING 379
SWIDTH 1000 0
DWIDTH 24 0
BBX 24 48 0 -10
BITMAP
000000
000000
003C00
003C00
003C00
003C00
000000
000000
3FFFFC
3FFFFC
00003C
00003C
00003C
00003C
00003C
00003C
0000F0
0000F0
0003C0
0003C0
000F00
000F00
003C00
003C00
00F000
00F000
03C000
03C000
0F0000
0F0000
3C0000
3C0000
3C0000
3C0000
3C0000
3C0000
3FFFFC
3FFFFC
000000
000000
000000
000000
000000
000000
000000
000000
000000
000000
ENDCHAR
STARTCHAR LATIN SMALL LETTER Z WITH DOT ABOVE
ENCODING 380
SWIDTH 1000 0
DWIDTH 24 0
BBX 24 48 0 -10
BITMAP
000000
000000
000000
000000
000000
000000
003C00
003C00
003C00
003C00
000000
000000
000000
000000
000000
000000
3FFFFC
3FFFFC
00003C
00003C
0000F0
0000F0
0003C0
0003C0
000F00
000F00
003C00
003C00
00F000
00F000
03C000
03C000
0F0000
0F0000
3C0000
3C0000
3FFFFC
3FFFFC
000000
000000
000000
000000
000000
000000
000000
000000
000000
000000
ENDCHAR
STARTCHAR LATIN CAPITAL LETTER Z WITH CARON
ENCODING 381
SWIDTH 1000 0
DWIDTH 24 0
BBX 24 48 0 -10
BITMAP
0F00F0
0F00F0
03C3C0
03C3C0
00FF00
00FF00
000000
000000
3FFFFC
3FFFFC
00003C
00003C
00003C
00003C
00003C
00003C
0000F0
0000F0
0003C0
0003C0
000F00
000F00
003C00
003C00
00F000
00F000
03C000
03C000
0F0000
0F0000
3C0000
3C0000
3C0000
3C0000
3C0000
3C0000
3FFFFC
3FFFFC
000000
000000
000000
000000
000000
000000
000000
000000
000000
000000
ENDCHAR
STARTCHAR LATIN SMALL LETTER Z WITH CARON
ENCODING 382
SWIDTH 1000 0
DWIDTH 24 0
BBX 24 48 0 -10
BITMAP
000000
000000
000000
000000
0F00F0
0F00F0
03C3C0
03C3C0
00FF00
00FF00
003C00
003C00
000000
000000
000000
000000
3FFFFC
3FFFFC
00003C
00003C
0000F0
0000F0
0003C0
0003C0
000F00
000F00
003C00
003C00
00F000
00F000
03C000
03C000
0F0000
0F0000
3C0000
3C0000
3FFFFC
3FFFFC
000000
000000
000000
000000
000000
000000
000000
000000
000000
000000
ENDCHAR
STARTCHAR LATIN SMALL LETTER LONG S
ENCODING 383
SWIDTH 1000 0
DWIDTH 24 0
BBX 24 48 0 -10
BITMAP
000000
000000
000000
000000
000000
000000
000000
000000
003FF0
003FF0
00FC00
00FC00
00F000
00F000
00F000
00F000
0FF000
0FF000
00F000
00F000
00F000
00F000
00F000
00F000
00F000
00F000
00F000
00F000
00F000
00F000
00F000
00F000
00F000
00F000
00F000
00F000
00F000
00F000
000000
000000
000000
000000
000000
000000
000000
000000
000000
000000
ENDCHAR
STARTCHAR LATIN CAPITAL LETTER A WITH CARON
ENCODING 461
SWIDTH 1000 0
DWIDTH 24 0
BBX 24 48 0 -10
BITMAP
0F00F0
0F00F0
03C3C0
03C3C0
00FF00
00FF00
000000
000000
03FFC0
03FFC0
0F00F0
0F00F0
3C003C
3C003C
3C003C
3C003C
3C003C
3C003C
3C003C
3C003C
3C003C
3C003C
3FFFFC
3FFFFC
3C003C
3C003C
3C003C
3C003C
3C003C
3C003C
3C003C
3C003C
3C003C
3C003C
3C003C
3C003C
3C003C
3C003C
000000
000000
000000
000000
000000
000000
000000
000000
000000
000000
ENDCHAR
STARTCHAR LATIN SMALL LETTER A WITH CARON
ENCODING 462
SWIDTH 1000 0
DWIDTH 24 0
BBX 24 48 0 -10
BITMAP
000000
000000
000000
000000
0F00F0
0F00F0
03C3C0
03C3C0
00FF00
00FF00
003C00
003C00
000000
000000
000000
000000
0FFFC0
0FFFC0
0000F0
0000F0
00003C
00003C
00003C
00003C
03FFFC
03FFFC
0F003C
0F003C
3C003C
3C003C
3C003C
3C003C
3C003C
3C003C
0F003C
0F003C
03FFFC
03FFFC
000000
000000
000000
000000
000000
000000
000000
000000
000000
000000
ENDCHAR
STARTCHAR LATIN CAPITAL LETTER I WITH CARON
ENCODING 463
SWIDTH 1000 0
DWIDTH 24 0
BBX 24 48 0 -10
BITMAP
0F00F0
0F00F0
03C3C0
03C3C0
00FF00
00FF00
000000
000000
0FFFF0
0FFFF0
003C00
003C00
003C00
003C00
003C00
003C00
003C00
003C00
003C00
003C00
003C00
003C00
003C00
003C00
003C00
003C00
003C00
003C00
003C00
003C00
003C00
003C00
003C00
003C00
003C00
003C00
0FFFF0
0FFFF0
000000
000000
000000
000000
000000
000000
000000
000000
000000
000000
ENDCHAR
STARTCHAR LATIN SMALL LETTER I WITH CARON
ENCODING 464
SWIDTH 1000 0
DWIDTH 24 0
BBX 24 48 0 -10
BITMAP
000000
000000
000000
000000
0F00F0
0F00F0
03C3C0
03C3C0
00FF00
00FF00
003C00
003C00
000000
000000
000000
000000
03FC00
03FC00
003C00
003C00
003C00
003C00
003C00
003C00
003C00
003C00
003C00
003C00
003C00
003C00
003C00
003C00
003C00
003C00
003C00
003C00
003FC0
003FC0
000000
000000
000000
000000
000000
000000
000000
000000
000000
000000
ENDCHAR
STARTCHAR LATIN CAPITAL LETTER O WITH CARON
ENCODING 465
SWIDTH 1000 0
DWIDTH 24 0
BBX 24 48 0 -10
BITMAP
0F00F0
0F00F0
03C3C0
03C3C0
00FF00
00FF00
000000
000000
03FFC0
03FFC0
0F00F0
0F00F0
3C003C
3C003C
3C003C
3C003C
3C003C
3C003C
3C003C
3C003C
3C003C
3C003C
3C003C
3C003C
3C003C
3C003C
3C003C
3C003C
3C003C
3C003C
3C003C
3C003C
3C003C
3C003C
0F00F0
0F00F0
03FFC0
03FFC0
000000
000000
000000
000000
000000
000000
000000
000000
000000
000000
ENDCHAR
STARTCHAR LATIN SMALL LETTER O WITH CARON
ENCODING 466
SWIDTH 1000 0
DWIDTH 24 0
BBX 24 48 0 -10
BITMAP
000000
000000
000000
000000
0F00F0
0F00F0
03C3C0
03C3C0
00FF00
00FF00
003C00
003C00
000000
000000
000000
000000
03FFC0
03FFC0
0F00F0
0F00F0
3C003C
3C003C
3C003C
3C003C
3C003C
3C003C
3C003C
3C003C
3C003C
3C003C
3C003C
3C003C
3C003C
3C003C
0F00F0
0F00F0
03FFC0
03FFC0
000000
000000
000000
000000
000000
000000
000000
000000
000000
000000
ENDCHAR
STARTCHAR LATIN CAPITAL LETTER U WITH CARON
ENCODING 467
SWIDTH 1000 0
DWIDTH 24 0
BBX 24 48 0 -10
BITMAP
0F00F0
0F00F0
03C3C0
03C3C0
00FF00
00FF00
000000
000000
3C003C
3C003C
3C003C
3C003C
3C003C
3C003C
3C003C
3C003C
3C003C
3C003C
3C003C
3C003C
3C003C
3C003C
3C003C
3C003C
3C003C
3C003C
3C003C
3C003C
3C003C
3C003C
3C003C
3C003C
3C003C
3C003C
0F003C
0F003C
03FFFC
03FFFC
000000
000000
000000
000000
000000
000000
000000
000000
000000
000000
ENDCHAR
STARTCHAR LATIN SMALL LETTER U WITH CARON
ENCODING 468
SWIDTH 1000 0
DWIDTH 24 0
BBX 24 48 0 -10
BITMAP
000000
000000
000000
000000
0F00F0
0F00F0
03C3C0
03C3C0
00FF00
00FF00
003C00
003C00
000000
000000
000000
000000
3C003C
3C003C
3C003C
3C003C
3C003C
3C003C
3C003C
3C003C
3C003C
3C003C
3C003C
3C003C
3C003C
3C003C
3C003C
3C003C
3C003C
3C003C
0F003C
0F003C
03FFFC
03FFFC
000000
000000
000000
000000
000000
000000
000000
000000
000000
000000
ENDCHAR
STARTCHAR LATIN CAPITAL LETTER AE WITH MACRON
ENCODING 482
SWIDTH 1000 0
DWIDTH 24 0
BBX 24 48 0 -10
BITMAP
000000
000000
0FFFF0
0FFFF0
000000
000000
000000
000000
03FFFC
03FFFC
0F0F00
0F0F00
3C0F00
3C0F00
3C0F00
3C0F00
3C0F00
3C0F00
3C0F00
3C0F00
3C0F00
3C0F00
3FFFF0
3FFFF0
3C0F00
3C0F00
3C0F00
3C0F00
3C0F00
3C0F00
3C0F00
3C0F00
3C0F00
3C0F00
3C0F00
3C0F00
3C0FFC
3C0FFC
000000
000000
000000
000000
000000
000000
000000
000000
000000
000000
ENDCHAR
STARTCHAR LATIN SMALL LETTER AE WITH MACRON
ENCODING 483
SWIDTH 1000 0
DWIDTH 24 0
BBX 24 48 0 -10
BITMAP
000000
000000
000000
000000
000000
000000
000000
000000
000000
000000
0FFFF0
0FFFF0
000000
000000
000000
000000
0FC3FC
0FC3FC
00FF3C
00FF3C
003C3C
003C3C
003C3C
003C3C
03FFFC
03FFFC
0F3C00
0F3C00
3C3C00
3C3C00
3C3C00
3C3C00
3C3C00
3C3C00
0F3F00
0F3F00
03F3FC
03F3FC
000000
000000
000000
000000
000000
000000
000000
000000
000000
000000
ENDCHAR
STARTCHAR LATIN CAPITAL LETTER G WITH CARON
ENCODING 486
SWIDTH 1000 0
DWIDTH 24 0
BBX 24 48 0 -10
BITMAP
0F00F0
0F00F0
03C3C0
03C3C0
00FF00
00FF00
000000
000000
03FFFC
03FFFC
0F0000
0F0000
3C0000
3C0000
3C0000
3C0000
3C0000
3C0000
3C0000
3C0000
3C0000
3C0000
3C0FFC
3C0FFC
3C003C
3C003C
3C003C
3C003C
3C003C
3C003C
3C003C
3C003C
3C003C
3C003C
0F003C
0F003C
03FFFC
03FFFC
000000
000000
000000
000000
000000
000000
000000
000000
000000
000000
ENDCHAR
STARTCHAR LATIN SMALL LETTER G WITH CARON
ENCODING 487
SWIDTH 1000 0
DWIDTH 24 0
BBX 24 48 0 -10
BITMAP
000000
000000
000000
000000
0F00F0
0F00F0
03C3C0
03C3C0
00FF00
00FF00
003C00
003C00
000000
000000
000000
000000
03FFFC
03FFFC
0F003C
0F003C
3C003C
3C003C
3C003C
3C003C
3C003C
3C003C
3C003C
3C003C
3C003C
3C003C
3C003C
3C003C
3C003C
3C003C
0F003C
0F003C
03FFF0
03FFF0
0000F0
0000F0
00003C
00003C
00003C
00003C
0000F0
0000F0
0FFFC0
0FFFC0
ENDCHAR
STARTCHAR LATIN CAPITAL LETTER K WITH CARON
ENCODING 488
SWIDTH 1000 0
DWIDTH 24 0
BBX 24 48 0 -10
BITMAP
0F00F0
0F00F0
03C3C0
03C3C0
00FF00
00FF00
000000
000000
3C003C
3C003C
3C003C
3C003C
3C003C
3C003C
3C003C
3C003C
3C003C
3C003C
3C00F0
3C00F0
3C03C0
3C03C0
3FFF00
3FFF00
3C03C0
3C03C0
3C00F0
3C00F0
3C003C
3C003C
3C003C
3C003C
3C003C
3C003C
3C003C
3C003C
3C003C
3C003C
000000
000000
000000
000000
000000
000000
000000
000000
000000
000000
ENDCHAR
STARTCHAR LATIN SMALL LETTER K WITH CARON
ENCODING 489
SWIDTH 1000 0
DWIDTH 24 0
BBX 24 48 0 -10
BITMAP
0F00F0
0F00F0
03C3C0
03C3C0
00FF00
00FF00
000000
000000
0F0000
0F0000
0F0000
0F0000
0F0000
0F0000
0F0000
0F0000
0F00F0
0F00F0
0F00F0
0F00F0
0F03C0
0F03C0
0F0F00
0F0F00
0FFC00
0FFC00
0F3C00
0F3C00
0F0F00
0F0F00
0F03C0
0F03C0
0F00F0
0F00F0
0F003C
0F003C
0F003C
0F003C
000000
000000
000000
000000
000000
000000
000000
000000
000000
000000
ENDCHAR
STARTCHAR LATIN CAPITAL LETTER O WITH OGONEK
ENCODING 490
SWIDTH 1000 0
DWIDTH 24 0
BBX 24 48 0 -10
BITMAP
000000
000000
000000
000000
000000
000000
000000
000000
03FFC0
03FFC0
0F00F0
0F00F0
3C003C
3C003C
3C003C
3C003C
3C003C
3C003C
3C003C
3C003C
3C003C
3C003C
3C003C
3C003C
3C003C
3C003C
3C003C
3C003C
3C003C
3C003C
3C003C
3C003C
3C003C
3C003C
0F00F0
0F00F0
03FFC0
03FFC0
003C00
003C00
00F000
00F000
00F000
00F000
003FC0
003FC0
000000
000000
ENDCHAR
STARTCHAR LATIN SMALL LETTER O WITH OGONEK
ENCODING 491
SWIDTH 1000 0
DWIDTH 24 0
BBX 24 48 0 -10
BITMAP
000000
000000
000000
000000
000000
000000
000000
000000
000000
000000
000000
000000
000000
000000
000000
000000
03FFC0
03FFC0
0F00F0
0F00F0
3C003C
3C003C
3C003C
3C003C
3C003C
3C003C
3C003C
3C003C
3C003C
3C003C
3C003C
3C003C
3C003C
3C003C
0F00F0
0F00F0
03FFC0
03FFC0
003C00
003C00
00F000
00F000
00F000
00F000
003FC0
003FC0
000000
000000
ENDCHAR
STARTCHAR LATIN CAPITAL LETTER O WITH OGONEK AND MACRON
ENCODING 492
SWIDTH 1000 0
DWIDTH 24 0
BBX 24 48 0 -10
BITMAP
000000
000000
0FFFF0
0FFFF0
000000
000000
000000
000000
03FFC0
03FFC0
0F00F0
0F00F0
3C003C
3C003C
3C003C
3C003C
3C003C
3C003C
3C003C
3C003C
3C003C
3C003C
3C003C
3C003C
3C003C
3C003C
3C003C
3C003C
3C003C
3C003C
3C003C
3C003C
3C003C
3C003C
0F00F0
0F00F0
03FFC0
03FFC0
003C00
003C00
00F000
00F000
00F000
00F000
003FC0
003FC0
000000
000000
ENDCHAR
STARTCHAR LATIN SMALL LETTER O WITH OGONEK AND MACRON
ENCODING 493
SWIDTH 1000 0
DWIDTH 24 0
BBX 24 48 0 -10
BITMAP
000000
000000
000000
000000
000000
000000
000000
000000
000000
000000
0FFFF0
0FFFF0
000000
000000
000000
000000
03FFC0
03FFC0
0F00F0
0F00F0
3C003C
3C003C
3C003C
3C003C
3C003C
3C003C
3C003C
3C003C
3C003C
3C003C
3C003C
3C003C
3C003C
3C003C
0F00F0
0F00F0
03FFC0
03FFC0
003C00
003C00
00F000
00F000
00F000
00F000
003FC0
003FC0
000000
000000
ENDCHAR
STARTCHAR LATIN SMALL LETTER J WITH CARON
ENCODING 496
SWIDTH 1000 0
DWIDTH 24 0
BBX 24 48 0 -10
BITMAP
000000
000000
000000
000000
0F00F0
0F00F0
03C3C0
03C3C0
00FF00
00FF00
003C00
003C00
000000
000000
000000
000000
003C00
003C00
003C00
003C00
003C00
003C00
003C00
003C00
003C00
003C00
003C00
003C00
003C00
003C00
003C00
003C00
003C00
003C00
003C00
003C00
003C00
003C00
003C00
003C00
003C00
003C00
003C00
003C00
00F000
00F000
3FC000
3FC000
ENDCHAR
STARTCHAR LATIN CAPITAL LETTER G WITH ACUTE
ENCODING 500
SWIDTH 1000 0
DWIDTH 24 0
BBX 24 48 0 -10
BITMAP
0003C0
0003C0
000F00
000F00
003C00
003C00
000000
000000
03FFFC
03FFFC
0F0000
0F0000
3C0000
3C0000
3C0000
3C0000
3C0000
3C0000
3C0000
3C0000
3C0000
3C0000
3C0FFC
3C0FFC
3C003C
3C003C
3C003C
3C003C
3C003C
3C003C
3C003C
3C003C
3C003C
3C003C
0F003C
0F003C
03FFFC
03FFFC
000000
000000
000000
000000
000000
000000
000000
000000
000000
000000
ENDCHAR
STARTCHAR LATIN SMALL LETTER G WITH ACUTE
ENCODING 501
SWIDTH 1000 0
DWIDTH 24 0
BBX 24 48 0 -10
BITMAP
000000
000000
000000
000000
0003C0
0003C0
000F00
000F00
003C00
003C00
00F000
00F000
000000
000000
000000
000000
03FFFC
03FFFC
0F003C
0F003C
3C003C
3C003C
3C003C
3C003C
3C003C
3C003C
3C003C
3C003C
3C003C
3C003C
3C003C
3C003C
3C003C
3C003C
0F003C
0F003C
03FFF0
03FFF0
0000F0
0000F0
00003C
00003C
00003C
00003C
0000F0
0000F0
0FFFC0
0FFFC0
ENDCHAR
STARTCHAR LATIN CAPITAL LETTER AE WITH ACUTE
ENCODING 508
SWIDTH 1000 0
DWIDTH 24 0
BBX 24 48 0 -10
BITMAP
0003C0
0003C0
000F00
000F00
003C00
003C00
000000
000000
03FFFC
03FFFC
0F0F00
0F0F00
3C0F00
3C0F00
3C0F00
3C0F00
3C0F00
3C0F00
3C0F00
3C0F00
3C0F00
3C0F00
3FFFF0
3FFFF0
3C0F00
3C0F00
3C0F00
3C0F00
3C0F00
3C0F00
3C0F00
3C0F00
3C0F00
3C0F00
3C0F00
3C0F00
3C0FFC
3C0FFC
000000
000000
000000
000000
000000
000000
000000
000000
000000
000000
ENDCHAR
STARTCHAR LATIN SMALL LETTER AE WITH ACUTE
ENCODING 509
SWIDTH 1000 0
DWIDTH 24 0
BBX 24 48 0 -10
BITMAP
000000
000000
000000
000000
0003C0
0003C0
000F00
000F00
003C00
003C00
00F000
00F000
000000
000000
000000
000000
0FC3FC
0FC3FC
00FF3C
00FF3C
003C3C
003C3C
003C3C
003C3C
03FFFC
03FFFC
0F3C00
0F3C00
3C3C00
3C3C00
3C3C00
3C3C00
3C3C00
3C3C00
0F3F00
0F3F00
03F3FC
03F3FC
000000
000000
000000
000000
000000
000000
000000
000000
000000
000000
ENDCHAR
STARTCHAR LATIN CAPITAL LETTER O WITH STROKE AND ACUTE
ENCODING 510
SWIDTH 1000 0
DWIDTH 24 0
BBX 24 48 0 -10
BITMAP
0003C0
0003C0
000F00
000F00
003C00
003C00
00003C
00003C
03FFFC
03FFFC
0F00F0
0F00F0
3C00FC
3C00FC
3C03FC
3C03FC
3C03FC
3C03FC
3C0F3C
3C0F3C
3C0F3C
3C0F3C
3C3C3C
3C3C3C
3C3C3C
3C3C3C
3CF03C
3CF03C
3CF03C
3CF03C
3FC03C
3FC03C
3FC03C
3FC03C
0F00F0
0F00F0
0FFFC0
0FFFC0
3C0000
3C0000
3C0000
3C0000
000000
000000
000000
000000
000000
000000
ENDCHAR
STARTCHAR LATIN SMALL LETTER O WITH STROKE AND ACUTE
ENCODING 511
SWIDTH 1000 0
DWIDTH 24 0
BBX 24 48 0 -10
BITMAP
000000
000000
000000
000000
0003C0
0003C0
000F00
000F00
003C00
003C00
00F000
00F000
000000
000000
000003
000003
03FFCF
03FFCF
0F00FC
0F00FC
3C00FC
3C00FC
3C03FC
3C03FC
3C0F3C
3C0F3C
3C3C3C
3C3C3C
3CF03C
3CF03C
3FC03C
3FC03C
3F003C
3F003C
3F00F0
3F00F0
F3FFC0
F3FFC0
C00000
C00000
000000
000000
000000
000000
000000
000000
000000
000000
ENDCHAR
STARTCHAR LATIN CAPITAL LETTER A WITH DOUBLE GRAVE
ENCODING 512
SWIDTH 1000 0
DWIDTH 24 0
BBX 24 48 0 -10
BITMAP
3C3C00
3C3C00
0F0F00
0F0F00
03C3C0
03C3C0
000000
000000
03FFC0
03FFC0
0F00F0
0F00F0
3C003C
3C003C
3C003C
3C003C
3C003C
3C003C
3C003C
3C003C
3C003C
3C003C
3FFFFC
3FFFFC
3C003C
3C003C
3C003C
3C003C
3C003C
3C003C
3C003C
3C003C
3C003C
3C003C
3C003C
3C003C
3C003C
3C003C
000000
000000
000000
000000
000000
000000
000000
000000
000000
000000
ENDCHAR
STARTCHAR LATIN SMALL LETTER A WITH DOUBLE GRAVE
ENCODING 513
SWIDTH 1000 0
DWIDTH 24 0
BBX 24 48 0 -10
BITMAP
000000
000000
000000
000000
3C3C00
3C3C00
0F0F00
0F0F00
03C3C0
03C3C0
00F0F0
00F0F0
000000
000000
000000
000000
0FFFC0
0FFFC0
0000F0
0000F0
00003C
00003C
00003C
00003C
03FFFC
03FFFC
0F003C
0F003C
3C003C
3C003C
3C003C
3C003C
3C003C
3C003C
0F003C
0F003C
03FFFC
03FFFC
000000
000000
000000
000000
000000
000000
000000
000000
000000
000000
ENDCHAR
STARTCHAR LATIN CAPITAL LETTER A WITH INVERTED BREVE
ENCODING 514
SWIDTH 1000 0
DWIDTH 24 0
BBX 24 48 0 -10
BITMAP
00FF00
00FF00
03C3C0
03C3C0
03C3C0
03C3C0
000000
000000
03FFC0
03FFC0
0F00F0
0F00F0
3C003C
3C003C
3C003C
3C003C
3C003C
3C003C
3C003C
3C003C
3C003C
3C003C
3FFFFC
3FFFFC
3C003C
3C003C
3C003C
3C003C
3C003C
3C003C
3C003C
3C003C
3C003C
3C003C
3C003C
3C003C
3C003C
3C003C
000000
000000
000000
000000
000000
000000
000000
000000
000000
000000
ENDCHAR
STARTCHAR LATIN SMALL LETTER A WITH INVERTED BREVE
ENCODING 515
SWIDTH 1000 0
DWIDTH 24 0
BBX 24 48 0 -10
BITMAP
000000
000000
000000
000000
000000
000000
00FF00
00FF00
03C3C0
03C3C0
03C3C0
03C3C0
000000
000000
000000
000000
0FFFC0
0FFFC0
0000F0
0000F0
00003C
00003C
00003C
00003C
03FFFC
03FFFC
0F003C
0F003C
3C003C
3C003C
3C003C
3C003C
3C003C
3C003C
0F003C
0F003C
03FFFC
03FFFC
000000
000000
000000
000000
000000
000000
000000
000000
000000
000000
ENDCHAR
STARTCHAR LATIN CAPITAL LETTER E WITH DOUBLE GRAVE
ENCODING 516
SWIDTH 1000 0
DWIDTH 24 0
BBX 24 48 0 -10
BITMAP
3C3C00
3C3C00
0F0F00
0F0F00
03C3C0
03C3C0
000000
000000
03FFFC
03FFFC
0F0000
0F0000
3C0000
3C0000
3C0000
3C0000
3C0000
3C0000
3C0000
3C0000
3C0000
3C0000
3FFFC0
3FFFC0
3C0000
3C0000
3C0000
3C0000
3C0000
3C0000
3C0000
3C0000
3C0000
3C0000
0F0000
0F0000
03FFFC
03FFFC
000000
000000
000000
000000
000000
000000
000000
000000
000000
000000
ENDCHAR
STARTCHAR LATIN SMALL LETTER E WITH DOUBLE GRAVE
ENCODING 517
SWIDTH 1000 0
DWIDTH 24 0
BBX 24 48 0 -10
BITMAP
000000
000000
000000
000000
3C3C00
3C3C00
0F0F00
0F0F00
03C3C0
03C3C0
00F0F0
00F0F0
000000
000000
000000
000000
03FFFC
03FFFC
0F003C
0F003C
3C003C
3C003C
3C003C
3C003C
3C003C
3C003C
3FFFFC
3FFFFC
3C0000
3C0000
3C0000
3C0000
3C0000
3C0000
0F0000
0F0000
03FFFC
03FFFC
000000
000000
000000
000000
000000
000000
000000
000000
000000
000000
ENDCHAR
STARTCHAR LATIN CAPITAL LETTER E WITH INVERTED BREVE
ENCODING 518
SWIDTH 1000 0
DWIDTH 24 0
BBX 24 48 0 -10
BITMAP
00FF00
00FF00
03C3C0
03C3C0
03C3C0
03C3C0
000000
000000
03FFFC
03FFFC
0F0000
0F0000
3C0000
3C0000
3C0000
3C0000
3C0000
3C0000
3C0000
3C0000
3C0000
3C0000
3FFFC0
3FFFC0
3C0000
3C0000
3C0000
3C0000
3C0000
3C0000
3C0000
3C0000
3C0000
3C0000
0F0000
0F0000
03FFFC
03FFFC
000000
000000
000000
000000
000000
000000
000000
000000
000000
000000
ENDCHAR
STARTCHAR LATIN SMALL LETTER E WITH INVERTED BREVE
ENCODING 519
SWIDTH 1000 0
DWIDTH 24 0
BBX 24 48 0 -10
BITMAP
000000
000000
000000
000000
000000
000000
00FF00
00FF00
03C3C0
03C3C0
03C3C0
03C3C0
000000
000000
000000
000000
03FFFC
03FFFC
0F003C
0F003C
3C003C
3C003C
3C003C
3C003C
3C003C
3C003C
3FFFFC
3FFFFC
3C0000
3C0000
3C0000
3C0000
3C0000
3C0000
0F0000
0F0000
03FFFC
03FFFC
000000
000000
000000
000000
000000
000000
000000
000000
000000
000000
ENDCHAR
STARTCHAR LATIN CAPITAL LETTER I WITH DOUBLE GRAVE
ENCODING 520
SWIDTH 1000 0
DWIDTH 24 0
BBX 24 48 0 -10
BITMAP
3C3C00
3C3C00
0F0F00
0F0F00
03C3C0
03C3C0
000000
000000
0FFFF0
0FFFF0
003C00
003C00
003C00
003C00
003C00
003C00
003C00
003C00
003C00
003C00
003C00
003C00
003C00
003C00
003C00
003C00
003C00
003C00
003C00
003C00
003C00
003C00
003C00
003C00
003C00
003C00
0FFFF0
0FFFF0
000000
000000
000000
000000
000000
000000
000000
000000
000000
000000
ENDCHAR
STARTCHAR LATIN SMALL LETTER I WITH DOUBLE GRAVE
ENCODING 521
SWIDTH 1000 0
DWIDTH 24 0
BBX 24 48 0 -10
BITMAP
000000
000000
000000
000000
3C3C00
3C3C00
0F0F00
0F0F00
03C3C0
03C3C0
00F0F0
00F0F0
000000
000000
000000
000000
03FC00
03FC00
003C00
003C00
003C00
003C00
003C00
003C00
003C00
003C00
003C00
003C00
003C00
003C00
003C00
003C00
003C00
003C00
003C00
003C00
003FC0
003FC0
000000
000000
000000
000000
000000
000000
000000
000000
000000
000000
ENDCHAR
STARTCHAR LATIN CAPITAL LETTER I WITH INVERTED BREVE
ENCODING 522
SWIDTH 1000 0
DWIDTH 24 0
BBX 24 48 0 -10
BITMAP
00FF00
00FF00
03C3C0
03C3C0
03C3C0
03C3C0
000000
000000
0FFFF0
0FFFF0
003C00
003C00
003C00
003C00
003C00
003C00
003C00
003C00
003C00
003C00
003C00
003C00
003C00
003C00
003C00
003C00
003C00
003C00
003C00
003C00
003C00
003C00
003C00
003C00
003C00
003C00
0FFFF0
0FFFF0
000000
000000
000000
000000
000000
000000
000000
000000
000000
000000
ENDCHAR
STARTCHAR LATIN SMALL LETTER I WITH INVERTED BREVE
ENCODING 523
SWIDTH 1000 0
DWIDTH 24 0
BBX 24 48 0 -10
BITMAP
000000
000000
000000
000000
000000
000000
00FF00
00FF00
03C3C0
03C3C0
03C3C0
03C3C0
000000
000000
000000
000000
03FC00
03FC00
003C00
003C00
003C00
003C00
003C00
003C00
003C00
003C00
003C00
003C00
003C00
003C00
003C00
003C00
003C00
003C00
003C00
003C00
003FC0
003FC0
000000
000000
000000
000000
000000
000000
000000
000000
000000
000000
ENDCHAR
STARTCHAR LATIN CAPITAL LETTER O WITH DOUBLE GRAVE
ENCODING 524
SWIDTH 1000 0
DWIDTH 24 0
BBX 24 48 0 -10
BITMAP
3C3C00
3C3C00
0F0F00
0F0F00
03C3C0
03C3C0
000000
000000
03FFC0
03FFC0
0F00F0
0F00F0
3C003C
3C003C
3C003C
3C003C
3C003C
3C003C
3C003C
3C003C
3C003C
3C003C
3C003C
3C003C
3C003C
3C003C
3C003C
3C003C
3C003C
3C003C
3C003C
3C003C
3C003C
3C003C
0F00F0
0F00F0
03FFC0
03FFC0
000000
000000
000000
000000
000000
000000
000000
000000
000000
000000
ENDCHAR
STARTCHAR LATIN SMALL LETTER O WITH DOUBLE GRAVE
ENCODING 525
SWIDTH 1000 0
DWIDTH 24 0
BBX 24 48 0 -10
BITMAP
000000
000000
000000
000000
3C3C00
3C3C00
0F0F00
0F0F00
03C3C0
03C3C0
00F0F0
00F0F0
000000
000000
000000
000000
03FFC0
03FFC0
0F00F0
0F00F0
3C003C
3C003C
3C003C
3C003C
3C003C
3C003C
3C003C
3C003C
3C003C
3C003C
3C003C
3C003C
3C003C
3C003C
0F00F0
0F00F0
03FFC0
03FFC0
000000
000000
000000
000000
000000
000000
000000
000000
000000
000000
ENDCHAR
STARTCHAR LATIN CAPITAL LETTER O WITH INVERTED BREVE
ENCODING 526
SWIDTH 1000 0
DWIDTH 24 0
BBX 24 48 0 -10
BITMAP
00FF00
00FF00
03C3C0
03C3C0
03C3C0
03C3C0
000000
000000
03FFC0
03FFC0
0F00F0
0F00F0
3C003C
3C003C
3C003C
3C003C
3C003C
3C003C
3C003C
3C003C
3C003C
3C003C
3C003C
3C003C
3C003C
3C003C
3C003C
3C003C
3C003C
3C003C
3C003C
3C003C
3C003C
3C003C
0F00F0
0F00F0
03FFC0
03FFC0
000000
000000
000000
000000
000000
000000
000000
000000
000000
000000
ENDCHAR
STARTCHAR LATIN SMALL LETTER O WITH INVERTED BREVE
ENCODING 527
SWIDTH 1000 0
DWIDTH 24 0
BBX 24 48 0 -10
BITMAP
000000
000000
000000
000000
000000
000000
00FF00
00FF00
03C3C0
03C3C0
03C3C0
03C3C0
000000
000000
000000
000000
03FFC0
03FFC0
0F00F0
0F00F0
3C003C
3C003C
3C003C
3C003C
3C003C
3C003C
3C003C
3C003C
3C003C
3C003C
3C003C
3C003C
3C003C
3C003C
0F00F0
0F00F0
03FFC0
03FFC0
000000
000000
000000
000000
000000
000000
000000
000000
000000
000000
ENDCHAR
STARTCHAR LATIN CAPITAL LETTER R WITH DOUBLE GRAVE
ENCODING 528
SWIDTH 1000 0
DWIDTH 24 0
BBX 24 48 0 -10
BITMAP
3C3C00
3C3C00
0F0F00
0F0F00
03C3C0
03C3C0
000000
000000
3FFFC0
3FFFC0
3C00F0
3C00F0
3C003C
3C003C
3C003C
3C003C
3C003C
3C003C
3C003C
3C003C
3C00F0
3C00F0
3FFFC0
3FFFC0
3C00F0
3C00F0
3C003C
3C003C
3C003C
3C003C
3C003C
3C003C
3C003C
3C003C
3C003C
3C003C
3C003C
3C003C
000000
000000
000000
000000
000000
000000
000000
000000
000000
000000
ENDCHAR
STARTCHAR LATIN SMALL LETTER R WITH DOUBLE GRAVE
ENCODING 529
SWIDTH 1000 0
DWIDTH 24 0
BBX 24 48 0 -10
BITMAP
000000
000000
000000
000000
3C3C00
3C3C00
0F0F00
0F0F00
03C3C0
03C3C0
00F0F0
00F0F0
000000
000000
000000
000000
03FFFC
03FFFC
0F003C
0F003C
3C0000
3C0000
3C0000
3C0000
3C0000
3C0000
3C0000
3C0000
3C0000
3C0000
3C0000
3C0000
3C0000
3C0000
3C0000
3C0000
3C0000
3C0000
000000
000000
000000
000000
000000
000000
000000
000000
000000
000000
ENDCHAR
STARTCHAR LATIN CAPITAL LETTER R WITH INVERTED BREVE
ENCODING 530
SWIDTH 1000 0
DWIDTH 24 0
BBX 24 48 0 -10
BITMAP
00FF00
00FF00
03C3C0
03C3C0
03C3C0
03C3C0
000000
000000
3FFFC0
3FFFC0
3C00F0
3C00F0
3C003C
3C003C
3C003C
3C003C
3C003C
3C003C
3C003C
3C003C
3C00F0
3C00F0
3FFFC0
3FFFC0
3C00F0
3C00F0
3C003C
3C003C
3C003C
3C003C
3C003C
3C003C
3C003C
3C003C
3C003C
3C003C
3C003C
3C003C
000000
000000
000000
000000
000000
000000
000000
000000
000000
000000
ENDCHAR
STARTCHAR LATIN SMALL LETTER R WITH INVERTED BREVE
ENCODING 531
SWIDTH 1000 0
DWIDTH 24 0
BBX 24 48 0 -10
BITMAP
000000
000000
000000
000000
000000
000000
00FF00
00FF00
03C3C0
03C3C0
03C3C0
03C3C0
000000
000000
000000
000000
03FFFC
03FFFC
0F003C
0F003C
3C0000
3C0000
3C0000
3C0000
3C0000
3C0000
3C0000
3C0000
3C0000
3C0000
3C0000
3C0000
3C0000
3C0000
3C0000
3C0000
3C0000
3C0000
000000
000000
000000
000000
000000
000000
000000
000000
000000
000000
ENDCHAR
STARTCHAR LATIN CAPITAL LETTER U WITH DOUBLE GRAVE
ENCODING 532
SWIDTH 1000 0
DWIDTH 24 0
BBX 24 48 0 -10
BITMAP
3C3C00
3C3C00
0F0F00
0F0F00
03C3C0
03C3C0
000000
000000
3C003C
3C003C
3C003C
3C003C
3C003C
3C003C
3C003C
3C003C
3C003C
3C003C
3C003C
3C003C
3C003C
3C003C
3C003C
3C003C
3C003C
3C003C
3C003C
3C003C
3C003C
3C003C
3C003C
3C003C
3C003C
3C003C
0F003C
0F003C
03FFFC
03FFFC
000000
000000
000000
000000
000000
000000
000000
000000
000000
000000
ENDCHAR
STARTCHAR LATIN SMALL LETTER U WITH DOUBLE GRAVE
ENCODING 533
SWIDTH 1000 0
DWIDTH 24 0
BBX 24 48 0 -10
BITMAP
000000
000000
000000
000000
3C3C00
3C3C00
0F0F00
0F0F00
03C3C0
03C3C0
00F0F0
00F0F0
000000
000000
000000
000000
3C003C
3C003C
3C003C
3C003C
3C003C
3C003C
3C003C
3C003C
3C003C
3C003C
3C003C
3C003C
3C003C
3C003C
3C003C
3C003C
3C003C
3C003C
0F003C
0F003C
03FFFC
03FFFC
000000
000000
000000
000000
000000
000000
000000
000000
000000
000000
ENDCHAR
STARTCHAR LATIN CAPITAL LETTER U WITH INVERTED BREVE
ENCODING 534
SWIDTH 1000 0
DWIDTH 24 0
BBX 24 48 0 -10
BITMAP
00FF00
00FF00
03C3C0
03C3C0
03C3C0
03C3C0
000000
000000
3C003C
3C003C
3C003C
3C003C
3C003C
3C003C
3C003C
3C003C
3C003C
3C003C
3C003C
3C003C
3C003C
3C003C
3C003C
3C003C
3C003C
3C003C
3C003C
3C003C
3C003C
3C003C
3C003C
3C003C
3C003C
3C003C
0F003C
0F003C
03FFFC
03FFFC
000000
000000
000000
000000
000000
000000
000000
000000
000000
000000
ENDCHAR
STARTCHAR LATIN SMALL LETTER U WITH INVERTED BREVE
ENCODING 535
SWIDTH 1000 0
DWIDTH 24 0
BBX 24 48 0 -10
BITMAP
000000
000000
000000
000000
000000
000000
00FF00
00FF00
03C3C0
03C3C0
03C3C0
03C3C0
000000
000000
000000
000000
3C003C
3C003C
3C003C
3C003C
3C003C
3C003C
3C003C
3C003C
3C003C
3C003C
3C003C
3C003C
3C003C
3C003C
3C003C
3C003C
3C003C
3C003C
0F003C
0F003C
03FFFC
03FFFC
000000
000000
000000
000000
000000
000000
000000
000000
000000
000000
ENDCHAR
STARTCHAR LATIN CAPITAL LETTER H WITH CARON
ENCODING 542
SWIDTH 1000 0
DWIDTH 24 0
BBX 24 48 0 -10
BITMAP
0F00F0
0F00F0
03C3C0
03C3C0
00FF00
00FF00
000000
000000
3C003C
3C003C
3C003C
3C003C
3C003C
3C003C
3C003C
3C003C
3C003C
3C003C
3C003C
3C003C
3C003C
3C003C
3FFFFC
3FFFFC
3C003C
3C003C
3C003C
3C003C
3C003C
3C003C
3C003C
3C003C
3C003C
3C003C
3C003C
3C003C
3C003C
3C003C
000000
000000
000000
000000
000000
000000
000000
000000
000000
000000
ENDCHAR
STARTCHAR LATIN SMALL LETTER H WITH CARON
ENCODING 543
SWIDTH 1000 0
DWIDTH 24 0
BBX 24 48 0 -10
BITMAP
0F00F0
0F00F0
03C3C0
03C3C0
00FF00
00FF00
000000
000000
3C0000
3C0000
3C0000
3C0000
3C0000
3C0000
3C0000
3C0000
3FFFC0
3FFFC0
3C00F0
3C00F0
3C003C
3C003C
3C003C
3C003C
3C003C
3C003C
3C003C
3C003C
3C003C
3C003C
3C003C
3C003C
3C003C
3C003C
3C003C
3C003C
3C003C
3C003C
000000
000000
000000
000000
000000
000000
000000
000000
000000
000000
ENDCHAR
STARTCHAR LATIN CAPITAL LETTER A WITH DOT ABOVE
ENCODING 550
SWIDTH 1000 0
DWIDTH 24 0
BBX 24 48 0 -10
BITMAP
000000
000000
003C00
003C00
003C00
003C00
000000
000000
03FFC0
03FFC0
0F00F0
0F00F0
3C003C
3C003C
3C003C
3C003C
3C003C
3C003C
3C003C
3C003C
3C003C
3C003C
3FFFFC
3FFFFC
3C003C
3C003C
3C003C
3C003C
3C003C
3C003C
3C003C
3C003C
3C003C
3C003C
3C003C
3C003C
3C003C
3C003C
000000
000000
000000
000000
000000
000000
000000
000000
000000
000000
ENDCHAR
STARTCHAR LATIN SMALL LETTER A WITH DOT ABOVE
ENCODING 551
SWIDTH 1000 0
DWIDTH 24 0
BBX 24 48 0 -10
BITMAP
000000
000000
000000
000000
000000
000000
003C00
003C00
003C00
003C00
000000
000000
000000
000000
000000
000000
0FFFC0
0FFFC0
0000F0
0000F0
00003C
00003C
00003C
00003C
03FFFC
03FFFC
0F003C
0F003C
3C003C
3C003C
3C003C
3C003C
3C003C
3C003C
0F003C
0F003C
03FFFC
03FFFC
000000
000000
000000
000000
000000
000000
000000
000000
000000
000000
ENDCHAR
STARTCHAR LATIN CAPITAL LETTER E WITH CEDILLA
ENCODING 552
SWIDTH 1000 0
DWIDTH 24 0
BBX 24 48 0 -10
BITMAP
000000
000000
000000
000000
000000
000000
000000
000000
03FFFC
03FFFC
0F0000
0F0000
3C0000
3C0000
3C0000
3C0000
3C0000
3C0000
3C0000
3C0000
3C0000
3C0000
3FFFC0
3FFFC0
3C0000
3C0000
3C0000
3C0000
3C0000
3C0000
3C0000
3C0000
3C0000
3C0000
0F0000
0F0000
03FFFC
03FFFC
000F00
000F00
000F00
000F00
000F00
000F00
003C00
003C00
00F000
00F000
ENDCHAR
STARTCHAR LATIN SMALL LETTER E WITH CEDILLA
ENCODING 553
SWIDTH 1000 0
DWIDTH 24 0
BBX 24 48 0 -10
BITMAP
000000
000000
000000
000000
000000
000000
000000
000000
000000
000000
000000
000000
000000
000000
000000
000000
03FFFC
03FFFC
0F003C
0F003C
3C003C
3C003C
3C003C
3C003C
3C003C
3C003C
3FFFFC
3FFFFC
3C0000
3C0000
3C0000
3C0000
3C0000
3C0000
0F0000
0F0000
03FFFC
03FFFC
000F00
000F00
000F00
000F00
000F00
000F00
003C00
003C00
00F000
00F000
ENDCHAR
STARTCHAR LATIN CAPITAL LETTER O WITH DOT ABOVE
ENCODING 558
SWIDTH 1000 0
DWIDTH 24 0
BBX 24 48 0 -10
BITMAP
000000
000000
003C00
003C00
003C00
003C00
000000
000000
03FFC0
03FFC0
0F00F0
0F00F0
3C003C
3C003C
3C003C
3C003C
3C003C
3C003C
3C003C
3C003C
3C003C
3C003C
3C003C
3C003C
3C003C
3C003C
3C003C
3C003C
3C003C
3C003C
3C003C
3C003C
3C003C
3C003C
0F00F0
0F00F0
03FFC0
03FFC0
000000
000000
000000
000000
000000
000000
000000
000000
000000
000000
ENDCHAR
STARTCHAR LATIN SMALL LETTER O WITH DOT ABOVE
ENCODING 559
SWIDTH 1000 0
DWIDTH 24 0
BBX 24 48 0 -10
BITMAP
000000
000000
000000
000000
000000
000000
003C00
003C00
003C00
003C00
000000
000000
000000
000000
000000
000000
03FFC0
03FFC0
0F00F0
0F00F0
3C003C
3C003C
3C003C
3C003C
3C003C
3C003C
3C003C
3C003C
3C003C
3C003C
3C003C
3C003C
3C003C
3C003C
0F00F0
0F00F0
03FFC0
03FFC0
000000
000000
000000
000000
000000
000000
000000
000000
000000
000000
ENDCHAR
STARTCHAR BREVE
ENCODING 728
SWIDTH 1000 0
DWIDTH 24 0
BBX 24 48 0 -10
BITMAP
0F00F0
0F00F0
03C3C0
03C3C0
00FF00
00FF00
000000
000000
000000
000000
000000
000000
000000
000000
000000
000000
000000
000000
000000
000000
000000
000000
000000
000000
000000
000000
000000
000000
000000
000000
000000
000000
000000
000000
000000
000000
000000
000000
000000
000000
000000
000000
000000
000000
000000
000000
000000
000000
ENDCHAR
STARTCHAR DOT ABOVE
ENCODING 729
SWIDTH 1000 0
DWIDTH 24 0
BBX 24 48 0 -10
BITMAP
000000
000000
003C00
003C00
003C00
003C00
000000
000000
000000
000000
000000
000000
000000
000000
000000
000000
000000
000000
000000
000000
000000
000000
000000
000000
000000
000000
000000
000000
000000
000000
000000
000000
000000
000000
000000
000000
000000
000000
000000
000000
000000
000000
000000
000000
000000
000000
000000
000000
ENDCHAR
STARTCHAR OGONEK
ENCODING 731
SWIDTH 1000 0
DWIDTH 24 0
BBX 24 48 0 -10
BITMAP
000000
000000
000000
000000
000000
000000
000000
000000
000000
000000
000000
000000
000000
000000
000000
000000
000000
000000
000000
000000
000000
000000
000000
000000
000000
000000
000000
000000
000000
000000
000000
000000
000000
000000
000000
000000
000000
000000
0000F0
0000F0
0003C0
0003C0
0003C0
0003C0
0000FF
0000FF
000000
000000
ENDCHAR
STARTCHAR SMALL TILDE
ENCODING 732
SWIDTH 1000 0
DWIDTH 24 0
BBX 24 48 0 -10
BITMAP
03F03C
03F03C
0FFFF0
0FFFF0
3C0FC0
3C0FC0
000000
000000
000000
000000
000000
000000
000000
000000
000000
000000
000000
000000
000000
000000
000000
000000
000000
000000
000000
000000
000000
000000
000000
000000
000000
000000
000000
000000
000000
000000
000000
000000
000000
000000
000000
000000
000000
000000
000000
000000
000000
000000
ENDCHAR
STARTCHAR DOUBLE ACUTE ACCENT
ENCODING 733
SWIDTH 1000 0
DWIDTH 24 0
BBX 24 48 0 -10
BITMAP
003C3C
003C3C
00F0F0
00F0F0
03C3C0
03C3C0
000000
000000
000000
000000
000000
000000
000000
000000
000000
000000
000000
000000
000000
000000
000000
000000
000000
000000
000000
000000
000000
000000
000000
000000
000000
000000
000000
000000
000000
000000
000000
000000
000000
000000
000000
000000
000000
000000
000000
000000
000000
000000
ENDCHAR
STARTCHAR COMBINING BREVE
ENCODING 774
SWIDTH 1000 0
DWIDTH 24 0
BBX 24 48 0 -10
BITMAP
03C3C0
03C3C0
03C3C0
03C3C0
00FF00
00FF00
000000
000000
000000
000000
000000
000000
000000
000000
000000
000000
000000
000000
000000
000000
000000
000000
000000
000000
000000
000000
000000
000000
000000
000000
000000
000000
000000
000000
000000
000000
000000
000000
000000
000000
000000
000000
000000
000000
000000
000000
000000
000000
ENDCHAR
STARTCHAR COMBINING DIAERESIS
ENCODING 776
SWIDTH 1000 0
DWIDTH 24 0
BBX 24 48 0 -10
BITMAP
000000
000000
0F00F0
0F00F0
0F00F0
0F00F0
000000
000000
000000
000000
000000
000000
000000
000000
000000
000000
000000
000000
000000
000000
000000
000000
000000
000000
000000
000000
000000
000000
000000
000000
000000
000000
000000
000000
000000
000000
000000
000000
000000
000000
000000
000000
000000
000000
000000
000000
000000
000000
ENDCHAR
STARTCHAR CYRILLIC CAPITAL LETTER IO
ENCODING 1025
SWIDTH 1000 0
DWIDTH 24 0
BBX 24 48 0 -10
BITMAP
000000
000000
0F00F0
0F00F0
0F00F0
0F00F0
000000
000000
03FFFC
03FFFC
0F0000
0F0000
3C0000
3C0000
3C0000
3C0000
3C0000
3C0000
3C0000
3C0000
3C0000
3C0000
3FFFC0
3FFFC0
3C0000
3C0000
3C0000
3C0000
3C0000
3C0000
3C0000
3C0000
3C0000
3C0000
0F0000
0F0000
03FFFC
03FFFC
000000
000000
000000
000000
000000
000000
000000
000000
000000
000000
ENDCHAR
STARTCHAR CYRILLIC CAPITAL LETTER BYELORUSSIAN-UKRAINIAN I
ENCODING 1030
SWIDTH 1000 0
DWIDTH 24 0
BBX 24 48 0 -10
BITMAP
000000
000000
000000
000000
000000
000000
000000
000000
0FFFF0
0FFFF0
003C00
003C00
003C00
003C00
003C00
003C00
003C00
003C00
003C00
003C00
003C00
003C00
003C00
003C00
003C00
003C00
003C00
003C00
003C00
003C00
003C00
003C00
003C00
003C00
003C00
003C00
0FFFF0
0FFFF0
000000
000000
000000
000000
000000
000000
000000
000000
000000
000000
ENDCHAR
STARTCHAR CYRILLIC CAPITAL LETTER YI
ENCODING 1031
SWIDTH 1000 0
DWIDTH 24 0
BBX 24 48 0 -10
BITMAP
000000
000000
0F00F0
0F00F0
0F00F0
0F00F0
000000
000000
0FFFF0
0FFFF0
003C00
003C00
003C00
003C00
003C00
003C00
003C00
003C00
003C00
003C00
003C00
003C00
003C00
003C00
003C00
003C00
003C00
003C00
003C00
003C00
003C00
003C00
003C00
003C00
003C00
003C00
0FFFF0
0FFFF0
000000
000000
000000
000000
000000
000000
000000
000000
000000
000000
ENDCHAR
STARTCHAR CYRILLIC CAPITAL LETTER SHORT U
ENCODING 1038
SWIDTH 1000 0
DWIDTH 24 0
BBX 24 48 0 -10
BITMAP
03C3C0
03C3C0
03C3C0
03C3C0
00FF00
00FF00
000000
000000
3C003C
3C003C
3C003C
3C003C
3C003C
3C003C
3C003C
3C003C
3C003C
3C003C
3C003C
3C003C
0F003C
0F003C
03FFFC
03FFFC
00003C
00003C
00003C
00003C
00003C
00003C
00003C
00003C
00003C
00003C
0000FC
0000FC
3FFFF0
3FFFF0
000000
000000
000000
000000
000000
000000
000000
000000
000000
000000
ENDCHAR
STARTCHAR CYRILLIC CAPITAL LETTER A
ENCODING 1040
SWIDTH 1000 0
DWIDTH 24 0
BBX 24 48 0 -10
BITMAP
000000
000000
000000
000000
000000
000000
000000
000000
03FFC0
03FFC0
0F00F0
0F00F0
3C003C
3C003C
3C003C
3C003C
3C003C
3C003C
3C003C
3C003C
3C003C
3C003C
3FFFFC
3FFFFC
3C003C
3C003C
3C003C
3C003C
3C003C
3C003C
3C003C
3C003C
3C003C
3C003C
3C003C
3C003C
3C003C
3C003C
000000
000000
000000
000000
000000
000000
000000
000000
000000
000000
ENDCHAR
STARTCHAR CYRILLIC CAPITAL LETTER BE
ENCODING 1041
SWIDTH 1000 0
DWIDTH 24 0
BBX 24 48 0 -10
BITMAP
000000
000000
000000
000000
000000
000000
000000
000000
3FFFC0
3FFFC0
3C0000
3C0000
3C0000
3C0000
3C0000
3C0000
3C0000
3C0000
3C0000
3C0000
3C0000
3C0000
3FFFC0
3FFFC0
3C00F0
3C00F0
3C003C
3C003C
3C003C
3C003C
3C003C
3C003C
3C003C
3C003C
3C00F0
3C00F0
3FFFC0
3FFFC0
000000
000000
000000
000000
000000
000000
000000
000000
000000
000000
ENDCHAR
STARTCHAR CYRILLIC CAPITAL LETTER VE
ENCODING 1042
SWIDTH 1000 0
DWIDTH 24 0
BBX 24 48 0 -10
BITMAP
000000
000000
000000
000000
000000
000000
000000
000000
3FFFC0
3FFFC0
3C00F0
3C00F0
3C003C
3C003C
3C003C
3C003C
3C003C
3C003C
3C003C
3C003C
3C00F0
3C00F0
3FFFC0
3FFFC0
3C00F0
3C00F0
3C003C
3C003C
3C003C
3C003C
3C003C
3C003C
3C003C
3C003C
3C00F0
3C00F0
3FFFC0
3FFFC0
000000
000000
000000
000000
000000
000000
000000
000000
000000
000000
ENDCHAR
STARTCHAR CYRILLIC CAPITAL LETTER GHE
ENCODING 1043
SWIDTH 1000 0
DWIDTH 24 0
BBX 24 48 0 -10
BITMAP
000000
000000
000000
000000
000000
000000
000000
000000
03FFFC
03FFFC
0F0000
0F0000
3C0000
3C0000
3C0000
3C0000
3C0000
3C0000
3C0000
3C0000
3C0000
3C0000
3C0000
3C0000
3C0000
3C0000
3C0000
3C0000
3C0000
3C0000
3C0000
3C0000
3C0000
3C0000
3C0000
3C0000
3C0000
3C0000
000000
000000
000000
000000
000000
000000
000000
000000
000000
000000
ENDCHAR
STARTCHAR CYRILLIC CAPITAL LETTER DE
ENCODING 1044
SWIDTH 1000 0
DWIDTH 24 0
BBX 24 48 0 -10
BITMAP
000000
000000
000000
000000
000000
000000
000000
000000
00FFF0
00FFF0
03C0F0
03C0F0
0F00F0
0F00F0
0F00F0
0F00F0
0F00F0
0F00F0
0F00F0
0F00F0
0F00F0
0F00F0
0F00F0
0F00F0
0F00F0
0F00F0
0F00F0
0F00F0
0F00F0
0F00F0
0F00F0
0F00F0
0FFFF0
0FFFF0
3C003C
3C003C
3C003C
3C003C
000000
000000
000000
000000
000000
000000
000000
000000
000000
000000
ENDCHAR
STARTCHAR CYRILLIC CAPITAL LETTER IE
ENCODING 1045
SWIDTH 1000 0
DWIDTH 24 0
BBX 24 48 0 -10
BITMAP
000000
000000
000000
000000
000000
000000
000000
000000
03FFFC
03FFFC
0F0000
0F0000
3C0000
3C0000
3C0000
3C0000
3C0000
3C0000
3C0000
3C0000
3C0000
3C0000
3FFFC0
3FFFC0
3C0000
3C0000
3C0000
3C0000
3C0000
3C0000
3C0000
3C0000
3C0000
3C0000
0F0000
0F0000
03FFFC
03FFFC
000000
000000
000000
000000
000000
000000
000000
000000
000000
000000
ENDCHAR
STARTCHAR CYRILLIC CAPITAL LETTER ZHE
ENCODING 1046
SWIDTH 1000 0
DWIDTH 24 0
BBX 24 48 0 -10
BITMAP
000000
000000
000000
000000
000000
000000
000000
000000
3C3C3C
3C3C3C
3C3C3C
3C3C3C
3C3C3C
3C3C3C
3C3C3C
3C3C3C
3C3C3C
3C3C3C
3C3C3C
3C3C3C
0F3CF0
0F3CF0
03FFC0
03FFC0
0F3CF0
0F3CF0
3C3C3C
3C3C3C
3C3C3C
3C3C3C
3C3C3C
3C3C3C
3C3C3C
3C3C3C
3C3C3C
3C3C3C
3C3C3C
3C3C3C
000000
000000
000000
000000
000000
000000
000000
000000
000000
000000
ENDCHAR
STARTCHAR CYRILLIC CAPITAL LETTER ZE
ENCODING 1047
SWIDTH 1000 0
DWIDTH 24 0
BBX 24 48 0 -10
BITMAP
000000
000000
000000
000000
000000
000000
000000
000000
3FFFC0
3FFFC0
0000F0
0000F0
00003C
00003C
00003C
00003C
00003C
00003C
0000F0
0000F0
03FFC0
03FFC0
0000F0
0000F0
00003C
00003C
00003C
00003C
00003C
00003C
00003C
00003C
00003C
00003C
0000F0
0000F0
3FFFC0
3FFFC0
000000
000000
000000
000000
000000
000000
000000
000000
000000
000000
ENDCHAR
STARTCHAR CYRILLIC CAPITAL LETTER I
ENCODING 1048
SWIDTH 1000 0
DWIDTH 24 0
BBX 24 48 0 -10
BITMAP
000000
000000
000000
000000
000000
000000
000000
000000
3C003C
3C003C
3C00FC
3C00FC
3C00FC
3C00FC
3C03FC
3C03FC
3C03FC
3C03FC
3C0F3C
3C0F3C
3C0F3C
3C0F3C
3C3C3C
3C3C3C
3C3C3C
3C3C3C
3CF03C
3CF03C
3CF03C
3CF03C
3FC03C
3FC03C
3FC03C
3FC03C
3F003C
3F003C
3F003C
3F003C
000000
000000
000000
000000
000000
000000
000000
000000
000000
000000
ENDCHAR
STARTCHAR CYRILLIC CAPITAL LETTER SHORT I
ENCODING 1049
SWIDTH 1000 0
DWIDTH 24 0
BBX 24 48 0 -10
BITMAP
03C3C0
03C3C0
03C3C0
03C3C0
00FF00
00FF00
000000
000000
3C003C
3C003C
3C00FC
3C00FC
3C00FC
3C00FC
3C03FC
3C03FC
3C03FC
3C03FC
3C0F3C
3C0F3C
3C0F3C
3C0F3C
3C3C3C
3C3C3C
3C3C3C
3C3C3C
3CF03C
3CF03C
3CF03C
3CF03C
3FC03C
3FC03C
3FC03C
3FC03C
3F003C
3F003C
3F003C
3F003C
000000
000000
000000
000000
000000
000000
000000
000000
000000
000000
ENDCHAR
STARTCHAR CYRILLIC CAPITAL LETTER KA
ENCODING 1050
SWIDTH 1000 0
DWIDTH 24 0
BBX 24 48 0 -10
BITMAP
000000
000000
000000
000000
000000
000000
000000
000000
3C003C
3C003C
3C003C
3C003C
3C003C
3C003C
3C003C
3C003C
3C003C
3C003C
3C00F0
3C00F0
3C03C0
3C03C0
3FFF00
3FFF00
3C03C0
3C03C0
3C00F0
3C00F0
3C003C
3C003C
3C003C
3C003C
3C003C
3C003C
3C003C
3C003C
3C003C
3C003C
000000
000000
000000
000000
000000
000000
000000
000000
000000
000000
ENDCHAR
STARTCHAR CYRILLIC CAPITAL LETTER EL
ENCODING 1051
SWIDTH 1000 0
DWIDTH 24 0
BBX 24 48 0 -10
BITMAP
000000
000000
000000
000000
000000
000000
000000
000000
03FFFC
03FFFC
0F003C
0F003C
3C003C
3C003C
3C003C
3C003C
3C003C
3C003C
3C003C
3C003C
3C003C
3C003C
3C003C
3C003C
3C003C
3C003C
3C003C
3C003C
3C003C
3C003C
3C003C
3C003C
3C003C
3C003C
3C003C
3C003C
3C003C
3C003C
000000
000000
000000
000000
000000
000000
000000
000000
000000
000000
ENDCHAR
STARTCHAR CYRILLIC CAPITAL LETTER EM
ENCODING 1052
SWIDTH 1000 0
DWIDTH 24 0
BBX 24 48 0 -10
BITMAP
000000
000000
000000
000000
000000
000000
000000
000000
3C003C
3C003C
3F00FC
3F00FC
3FC3FC
3FC3FC
3CFF3C
3CFF3C
3C3C3C
3C3C3C
3C003C
3C003C
3C003C
3C003C
3C003C
3C003C
3C003C
3C003C
3C003C
3C003C
3C003C
3C003C
3C003C
3C003C
3C003C
3C003C
3C003C
3C003C
3C003C
3C003C
000000
000000
000000
000000
000000
000000
000000
000000
000000
000000
ENDCHAR
STARTCHAR CYRILLIC CAPITAL LETTER EN
ENCODING 1053
SWIDTH 1000 0
DWIDTH 24 0
BBX 24 48 0 -10
BITMAP
000000
000000
000000
000000
000000
000000
000000
000000
3C003C
3C003C
3C003C
3C003C
3C003C
3C003C
3C003C
3C003C
3C003C
3C003C
3C003C
3C003C
3C003C
3C003C
3FFFFC
3FFFFC
3C003C
3C003C
3C003C
3C003C
3C003C
3C003C
3C003C
3C003C
3C003C
3C003C
3C003C
3C003C
3C003C
3C003C
000000
000000
000000
000000
000000
000000
000000
000000
000000
000000
ENDCHAR
STARTCHAR CYRILLIC CAPITAL LETTER O
ENCODING 1054
SWIDTH 1000 0
DWIDTH 24 0
BBX 24 48 0 -10
BITMAP
000000
000000
000000
000000
000000
000000
000000
000000
03FFC0
03FFC0
0F00F0
0F00F0
3C003C
3C003C
3C003C
3C003C
3C003C
3C003C
3C003C
3C003C
3C003C
3C003C
3C003C
3C003C
3C003C
3C003C
3C003C
3C003C
3C003C
3C003C
3C003C
3C003C
3C003C
3C003C
0F00F0
0F00F0
03FFC0
03FFC0
000000
000000
000000
000000
000000
000000
000000
000000
000000
000000
ENDCHAR
STARTCHAR CYRILLIC CAPITAL LETTER PE
ENCODING 1055
SWIDTH 1000 0
DWIDTH 24 0
BBX 24 48 0 -10
BITMAP
000000
000000
000000
000000
000000
000000
000000
000000
3FFFFC
3FFFFC
3C003C
3C003C
3C003C
3C003C
3C003C
3C003C
3C003C
3C003C
3C003C
3C003C
3C003C
3C003C
3C003C
3C003C
3C003C
3C003C
3C003C
3C003C
3C003C
3C003C
3C003C
3C003C
3C003C
3C003C
3C003C
3C003C
3C003C
3C003C
000000
000000
000000
000000
000000
000000
000000
000000
000000
000000
ENDCHAR
STARTCHAR CYRILLIC CAPITAL LETTER ER
ENCODING 1056
SWIDTH 1000 0
DWIDTH 24 0
BBX 24 48 0 -10
BITMAP
000000
000000
000000
000000
000000
000000
000000
000000
3FFFC0
3FFFC0
3C00F0
3C00F0
3C003C
3C003C
3C003C
3C003C
3C003C
3C003C
3C003C
3C003C
3C00F0
3C00F0
3FFFC0
3FFFC0
3C0000
3C0000
3C0000
3C0000
3C0000
3C0000
3C0000
3C0000
3C0000
3C0000
3C0000
3C0000
3C0000
3C0000
000000
000000
000000
000000
000000
000000
000000
000000
000000
000000
ENDCHAR
STARTCHAR CYRILLIC CAPITAL LETTER ES
ENCODING 1057
SWIDTH 1000 0
DWIDTH 24 0
BBX 24 48 0 -10
BITMAP
000000
000000
000000
000000
000000
000000
000000
000000
03FFFC
03FFFC
0F0000
0F0000
3C0000
3C0000
3C0000
3C0000
3C0000
3C0000
3C0000
3C0000
3C0000
3C0000
3C0000
3C0000
3C0000
3C0000
3C0000
3C0000
3C0000
3C0000
3C0000
3C0000
3C0000
3C0000
0F0000
0F0000
03FFFC
03FFFC
000000
000000
000000
000000
000000
000000
000000
000000
000000
000000
ENDCHAR
STARTCHAR CYRILLIC CAPITAL LETTER TE
ENCODING 1058
SWIDTH 1000 0
DWIDTH 24 0
BBX 24 48 0 -10
BITMAP
000000
000000
000000
000000
000000
000000
000000
000000
3FFFFC
3FFFFC
003C00
003C00
003C00
003C00
003C00
003C00
003C00
003C00
003C00
003C00
003C00
003C00
003C00
003C00
003C00
003C00
003C00
003C00
003C00
003C00
003C00
003C00
003C00
003C00
003C00
003C00
003C00
003C00
000000
000000
000000
000000
000000
000000
000000
000000
000000
000000
ENDCHAR
STARTCHAR CYRILLIC CAPITAL LETTER U
ENCODING 1059
SWIDTH 1000 0
DWIDTH 24 0
BBX 24 48 0 -10
BITMAP
000000
000000
000000
000000
000000
000000
000000
000000
3C003C
3C003C
3C003C
3C003C
3C003C
3C003C
3C003C
3C003C
3C003C
3C003C
3C003C
3C003C
0F003C
0F003C
03FFFC
03FFFC
00003C
00003C
00003C
00003C
00003C
00003C
00003C
00003C
00003C
00003C
0000FC
0000FC
3FFFF0
3FFFF0
000000
000000
000000
000000
000000
000000
000000
000000
000000
000000
ENDCHAR
STARTCHAR CYRILLIC CAPITAL LETTER EF
ENCODING 1060
SWIDTH 1000 0
DWIDTH 24 0
BBX 24 48 0 -10
BITMAP
000000
000000
000000
000000
000000
000000
000000
000000
003C00
003C00
003C00
003C00
03FFC0
03FFC0
0F3CF0
0F3CF0
3C3C3C
3C3C3C
3C3C3C
3C3C3C
3C3C3C
3C3C3C
3C3C3C
3C3C3C
3C3C3C
3C3C3C
3C3C3C
3C3C3C
3C3C3C
3C3C3C
0F3CF0
0F3CF0
03FFC0
03FFC0
003C00
003C00
003C00
003C00
000000
000000
000000
000000
000000
000000
000000
000000
000000
000000
ENDCHAR
STARTCHAR CYRILLIC CAPITAL LETTER HA
ENCODING 1061
SWIDTH 1000 0
DWIDTH 24 0
BBX 24 48 0 -10
BITMAP
000000
000000
000000
000000
000000
000000
000000
000000
3C003C
3C003C
3C003C
3C003C
3C003C
3C003C
3C003C
3C003C
3C003C
3C003C
3C003C
3C003C
0F00F0
0F00F0
03FFC0
03FFC0
0F00F0
0F00F0
3C003C
3C003C
3C003C
3C003C
3C003C
3C003C
3C003C
3C003C
3C003C
3C003C
3C003C
3C003C
000000
000000
000000
000000
000000
000000
000000
000000
000000
000000
ENDCHAR
STARTCHAR CYRILLIC CAPITAL LETTER TSE
ENCODING 1062
SWIDTH 1000 0
DWIDTH 24 0
BBX 24 48 0 -10
BITMAP
000000
000000
000000
000000
000000
000000
000000
000000
3C003C
3C003C
3C003C
3C003C
3C003C
3C003C
3C003C
3C003C
3C003C
3C003C
3C003C
3C003C
3C003C
3C003C
3C003C
3C003C
3C003C
3C003C
3C003C
3C003C
3C003C
3C003C
3C003C
3C003C
3C003C
3C003C
0F003C
0F003C
03FFFF
03FFFF
00000F
00000F
00000F
00000F
00000F
00000F
00003C
00003C
0000F0
0000F0
ENDCHAR
STARTCHAR CYRILLIC CAPITAL LETTER CHE
ENCODING 1063
SWIDTH 1000 0
DWIDTH 24 0
BBX 24 48 0 -10
BITMAP
000000
000000
000000
000000
000000
000000
000000
000000
3C003C
3C003C
3C003C
3C003C
3C003C
3C003C
3C003C
3C003C
3C003C
3C003C
3C003C
3C003C
0F003C
0F003C
03FFFC
03FFFC
00003C
00003C
00003C
00003C
00003C
00003C
00003C
00003C
00003C
00003C
00003C
00003C
00003C
00003C
000000
000000
000000
000000
000000
000000
000000
000000
000000
000000
ENDCHAR
STARTCHAR CYRILLIC CAPITAL LETTER SHA
ENCODING 1064
SWIDTH 1000 0
DWIDTH 24 0
BBX 24 48 0 -10
BITMAP
000000
000000
000000
000000
000000
000000
000000
000000
3C3C3C
3C3C3C
3C3C3C
3C3C3C
3C3C3C
3C3C3C
3C3C3C
3C3C3C
3C3C3C
3C3C3C
3C3C3C
3C3C3C
3C3C3C
3C3C3C
3C3C3C
3C3C3C
3C3C3C
3C3C3C
3C3C3C
3C3C3C
3C3C3C
3C3C3C
3C3C3C
3C3C3C
3C3C3C
3C3C3C
0F3CF0
0F3CF0
03FFC0
03FFC0
000000
000000
000000
000000
000000
000000
000000
000000
000000
000000
ENDCHAR
STARTCHAR CYRILLIC CAPITAL LETTER SHCHA
ENCODING 1065
SWIDTH 1000 0
DWIDTH 24 0
BBX 24 48 0 -10
BITMAP
000000
000000
000000
000000
000000
000000
000000
000000
3C3C3C
3C3C3C
3C3C3C
3C3C3C
3C3C3C
3C3C3C
3C3C3C
3C3C3C
3C3C3C
3C3C3C
3C3C3C
3C3C3C
3C3C3C
3C3C3C
3C3C3C
3C3C3C
3C3C3C
3C3C3C
3C3C3C
3C3C3C
3C3C3C
3C3C3C
3C3C3C
3C3C3C
3C3C3C
3C3C3C
0F3C3C
0F3C3C
03FFFF
03FFFF
00000F
00000F
00000F
00000F
00000F
00000F
00003C
00003C
0000F0
0000F0
ENDCHAR
STARTCHAR CYRILLIC CAPITAL LETTER HARD SIGN
ENCODING 1066
SWIDTH 1000 0
DWIDTH 24 0
BBX 24 48 0 -10
BITMAP
000000
000000
000000
000000
000000
000000
000000
000000
FFC000
FFC000
03C000
03C000
03C000
03C000
03C000
03C000
03C000
03C000
03C000
03C000
03C000
03C000
03FFC0
03FFC0
03C0F0
03C0F0
03C03C
03C03C
03C03C
03C03C
03C03C
03C03C
03C03C
03C03C
03C0F0
03C0F0
03FFC0
03FFC0
000000
000000
000000
000000
000000
000000
000000
000000
000000
000000
ENDCHAR
STARTCHAR CYRILLIC CAPITAL LETTER YERU
ENCODING 1067
SWIDTH 1000 0
DWIDTH 24 0
BBX 24 48 0 -10
BITMAP
000000
000000
000000
000000
000000
000000
000000
000000
3C003C
3C003C
3C003C
3C003C
3C003C
3C003C
3C003C
3C003C
3C003C
3C003C
3C003C
3C003C
3C003C
3C003C
3FF03C
3FF03C
3C3C3C
3C3C3C
3C0F3C
3C0F3C
3C0F3C
3C0F3C
3C0F3C
3C0F3C
3C0F3C
3C0F3C
3C3C3C
3C3C3C
3FF03C
3FF03C
000000
000000
000000
000000
000000
000000
000000
000000
000000
000000
ENDCHAR
STARTCHAR CYRILLIC CAPITAL LETTER SOFT SIGN
ENCODING 1068
SWIDTH 1000 0
DWIDTH 24 0
BBX 24 48 0 -10
BITMAP
000000
000000
000000
000000
000000
000000
000000
000000
03C000
03C000
03C000
03C000
03C000
03C000
03C000
03C000
03C000
03C000
03C000
03C000
03C000
03C000
03FFC0
03FFC0
03C0F0
03C0F0
03C03C
03C03C
03C03C
03C03C
03C03C
03C03C
03C03C
03C03C
03C0F0
03C0F0
03FFC0
03FFC0
000000
000000
000000
000000
000000
000000
000000
000000
000000
000000
ENDCHAR
STARTCHAR CYRILLIC CAPITAL LETTER E
ENCODING 1069
SWIDTH 1000 0
DWIDTH 24 0
BBX 24 48 0 -10
BITMAP
000000
000000
000000
000000
000000
000000
000000
000000
3FFFC0
3FFFC0
0000F0
0000F0
00003C
00003C
00003C
00003C
00003C
00003C
00003C
00003C
00003C
00003C
03FFFC
03FFFC
00003C
00003C
00003C
00003C
00003C
00003C
00003C
00003C
00003C
00003C
0000F0
0000F0
3FFFC0
3FFFC0
000000
000000
000000
000000
000000
000000
000000
000000
000000
000000
ENDCHAR
STARTCHAR CYRILLIC CAPITAL LETTER YU
ENCODING 1070
SWIDTH 1000 0
DWIDTH 24 0
BBX 24 48 0 -10
BITMAP
000000
000000
000000
000000
000000
000000
000000
000000
3C0FC0
3C0FC0
3C3CF0
3C3CF0
3CF03C
3CF03C
3CF03C
3CF03C
3CF03C
3CF03C
3CF03C
3CF03C
3CF03C
3CF03C
3FF03C
3FF03C
3CF03C
3CF03C
3CF03C
3CF03C
3CF03C
3CF03C
3CF03C
3CF03C
3CF03C
3CF03C
3C3CF0
3C3CF0
3C0FC0
3C0FC0
000000
000000
000000
000000
000000
000000
000000
000000
000000
000000
ENDCHAR
STARTCHAR CYRILLIC CAPITAL LETTER YA
ENCODING 1071
SWIDTH 1000 0
DWIDTH 24 0
BBX 24 48 0 -10
BITMAP
000000
000000
000000
000000
000000
000000
000000
000000
03FFFC
03FFFC
0F003C
0F003C
3C003C
3C003C
3C003C
3C003C
3C003C
3C003C
3C003C
3C003C
0F003C
0F003C
03FFFC
03FFFC
0F003C
0F003C
3C003C
3C003C
3C003C
3C003C
3C003C
3C003C
3C003C
3C003C
3C003C
3C003C
3C003C
3C003C
000000
000000
000000
000000
000000
000000
000000
000000
000000
000000
ENDCHAR
STARTCHAR CYRILLIC SMALL LETTER A
ENCODING 1072
SWIDTH 1000 0
DWIDTH 24 0
BBX 24 48 0 -10
BITMAP
000000
000000
000000
000000
000000
000000
000000
000000
000000
000000
000000
000000
000000
000000
000000
000000
0FFFC0
0FFFC0
0000F0
0000F0
00003C
00003C
00003C
00003C
03FFFC
03FFFC
0F003C
0F003C
3C003C
3C003C
3C003C
3C003C
3C003C
3C003C
0F003C
0F003C
03FFFC
03FFFC
000000
000000
000000
000000
000000
000000
000000
000000
000000
000000
ENDCHAR
STARTCHAR CYRILLIC SMALL LETTER BE
ENCODING 1073
SWIDTH 1000 0
DWIDTH 24 0
BBX 24 48 0 -10
BITMAP
000000
000000
000000
000000
000000
000000
000000
000000
000000
000000
000000
000000
000000
000000
000000
000000
03FFF0
03FFF0
0F0000
0F0000
3C0000
3C0000
3C0000
3C0000
3FFFC0
3FFFC0
3C00F0
3C00F0
3C003C
3C003C
3C003C
3C003C
3C003C
3C003C
0F00F0
0F00F0
03FFC0
03FFC0
000000
000000
000000
000000
000000
000000
000000
000000
000000
000000
ENDCHAR
STARTCHAR CYRILLIC SMALL LETTER VE
ENCODING 1074
SWIDTH 1000 0
DWIDTH 24 0
BBX 24 48 0 -10
BITMAP
000000
000000
000000
000000
000000
000000
000000
000000
03F000
03F000
0F3C00
0F3C00
3C0F00
3C0F00
3C0F00
3C0F00
3C0F00
3C0F00
3C0F00
3C0F00
3F3C00
3F3C00
3FFFC0
3FFFC0
3C00F0
3C00F0
3C003C
3C003C
3C003C
3C003C
3C003C
3C003C
3C003C
3C003C
0F00F0
0F00F0
03FFC0
03FFC0
000000
000000
000000
000000
000000
000000
000000
000000
000000
000000
ENDCHAR
STARTCHAR CYRILLIC SMALL LETTER GHE
ENCODING 1075
SWIDTH 1000 0
DWIDTH 24 0
BBX 24 48 0 -10
BITMAP
000000
000000
000000
000000
000000
000000
000000
000000
000000
000000
000000
000000
000000
000000
000000
000000
3FFFF0
3FFFF0
00003C
00003C
00003C
00003C
00003C
00003C
00003C
00003C
0FFFF0
0FFFF0
3C0000
3C0000
3C0000
3C0000
3C0000
3C0000
3C0000
3C0000
0FFFFC
0FFFFC
000000
000000
000000
000000
000000
000000
000000
000000
000000
000000
ENDCHAR
STARTCHAR CYRILLIC SMALL LETTER DE
ENCODING 1076
SWIDTH 1000 0
DWIDTH 24 0
BBX 24 48 0 -10
BITMAP
000000
000000
000000
000000
000000
000000
000000
000000
000000
000000
000000
000000
000000
000000
000000
000000
03FFFC
03FFFC
0F003C
0F003C
3C003C
3C003C
3C003C
3C003C
3C003C
3C003C
3C003C
3C003C
3C003C
3C003C
3C003C
3C003C
3C003C
3C003C
0F003C
0F003C
03FFFC
03FFFC
00003C
00003C
00003C
00003C
00003C
00003C
0000F0
0000F0
0FFFC0
0FFFC0
ENDCHAR
STARTCHAR CYRILLIC SMALL LETTER IE
ENCODING 1077
SWIDTH 1000 0
DWIDTH 24 0
BBX 24 48 0 -10
BITMAP
000000
000000
000000
000000
000000
000000
000000
000000
000000
000000
000000
000000
000000
000000
000000
000000
03FFFC
03FFFC
0F003C
0F003C
3C003C
3C003C
3C003C
3C003C
3C003C
3C003C
3FFFFC
3FFFFC
3C0000
3C0000
3C0000
3C0000
3C0000
3C0000
0F0000
0F0000
03FFFC
03FFFC
000000
000000
000000
000000
000000
000000
000000
000000
000000
000000
ENDCHAR
STARTCHAR CYRILLIC SMALL LETTER ZHE
ENCODING 1078
SWIDTH 1000 0
DWIDTH 24 0
BBX 24 48 0 -10
BITMAP
000000
000000
000000
000000
000000
000000
000000
000000
000000
000000
000000
000000
000000
000000
000000
000000
3C3C3C
3C3C3C
3C3C3C
3C3C3C
0F3CF0
0F3CF0
03FFC0
03FFC0
00FF00
00FF00
00FF00
00FF00
03FFC0
03FFC0
0F3CF0
0F3CF0
0F3CF0
0F3CF0
3C3C3C
3C3C3C
3C3C3C
3C3C3C
000000
000000
000000
000000
000000
000000
000000
000000
000000
000000
ENDCHAR
STARTCHAR CYRILLIC SMALL LETTER ZE
ENCODING 1079
SWIDTH 1000 0
DWIDTH 24 0
BBX 24 48 0 -10
BITMAP
000000
000000
000000
000000
000000
000000
000000
000000
000000
000000
000000
000000
000000
000000
000000
000000
3FFFC0
3FFFC0
0000F0
0000F0
00003C
00003C
00003C
00003C
0000F0
0000F0
03FFC0
03FFC0
0000F0
0000F0
00003C
00003C
00003C
00003C
0000F0
0000F0
3FFFC0
3FFFC0
000000
000000
000000
000000
000000
000000
000000
000000
000000
000000
ENDCHAR
STARTCHAR CYRILLIC SMALL LETTER I
ENCODING 1080
SWIDTH 1000 0
DWIDTH 24 0
BBX 24 48 0 -10
BITMAP
000000
000000
000000
000000
000000
000000
000000
000000
000000
000000
000000
000000
000000
000000
000000
000000
3C003C
3C003C
3C003C
3C003C
3C003C
3C003C
3C003C
3C003C
3C003C
3C003C
3C003C
3C003C
3C003C
3C003C
3C003C
3C003C
3C003C
3C003C
0F003C
0F003C
03FFFC
03FFFC
000000
000000
000000
000000
000000
000000
000000
000000
000000
000000
ENDCHAR
STARTCHAR CYRILLIC SMALL LETTER SHORT I
ENCODING 1081
SWIDTH 1000 0
DWIDTH 24 0
BBX 24 48 0 -10
BITMAP
000000
000000
000000
000000
000000
000000
03C3C0
03C3C0
03C3C0
03C3C0
00FF00
00FF00
000000
000000
000000
000000
3C003C
3C003C
3C003C
3C003C
3C003C
3C003C
3C003C
3C003C
3C003C
3C003C
3C003C
3C003C
3C003C
3C003C
3C003C
3C003C
3C003C
3C003C
0F003C
0F003C
03FFFC
03FFFC
000000
000000
000000
000000
000000
000000
000000
000000
000000
000000
ENDCHAR
STARTCHAR CYRILLIC SMALL LETTER KA
ENCODING 1082
SWIDTH 1000 0
DWIDTH 24 0
BBX 24 48 0 -10
BITMAP
000000
000000
000000
000000
000000
000000
000000
000000
000000
000000
000000
000000
000000
000000
000000
000000
0F00F0
0F00F0
0F00F0
0F00F0
0F03C0
0F03C0
0F0F00
0F0F00
0F3C00
0F3C00
0FFC00
0FFC00
0F0F00
0F0F00
0F03C0
0F03C0
0F00F0
0F00F0
0F003C
0F003C
0F003C
0F003C
000000
000000
000000
000000
000000
000000
000000
000000
000000
000000
ENDCHAR
STARTCHAR CYRILLIC SMALL LETTER EL
ENCODING 1083
SWIDTH 1000 0
DWIDTH 24 0
BBX 24 48 0 -10
BITMAP
000000
000000
000000
000000
000000
000000
000000
000000
000000
000000
000000
000000
000000
000000
000000
000000
03FFFC
03FFFC
0F003C
0F003C
3C003C
3C003C
3C003C
3C003C
3C003C
3C003C
3C003C
3C003C
3C003C
3C003C
3C003C
3C003C
3C003C
3C003C
3C003C
3C003C
3C003C
3C003C
000000
000000
000000
000000
000000
000000
000000
000000
000000
000000
ENDCHAR
STARTCHAR CYRILLIC SMALL LETTER EM
ENCODING 1084
SWIDTH 1000 0
DWIDTH 24 0
BBX 24 48 0 -10
BITMAP
000000
000000
000000
000000
000000
000000
000000
000000
000000
000000
000000
000000
000000
000000
000000
000000
3C003C
3C003C
3F00FC
3F00FC
3FC3FC
3FC3FC
3CFF3C
3CFF3C
3C3C3C
3C3C3C
3C003C
3C003C
3C003C
3C003C
3C003C
3C003C
3C003C
3C003C
3C003C
3C003C
3C003C
3C003C
000000
000000
000000
000000
000000
000000
000000
000000
000000
000000
ENDCHAR
STARTCHAR CYRILLIC SMALL LETTER EN
ENCODING 1085
SWIDTH 1000 0
DWIDTH 24 0
BBX 24 48 0 -10
BITMAP
000000
000000
000000
000000
000000
000000
000000
000000
000000
000000
000000
000000
000000
000000
000000
000000
3C003C
3C003C
3C003C
3C003C
3C003C
3C003C
3C003C
3C003C
3C003C
3C003C
3FFFFC
3FFFFC
3C003C
3C003C
3C003C
3C003C
3C003C
3C003C
3C003C
3C003C
3C003C
3C003C
000000
000000
000000
000000
000000
000000
000000
000000
000000
000000
ENDCHAR
STARTCHAR CYRILLIC SMALL LETTER O
ENCODING 1086
SWIDTH 1000 0
DWIDTH 24 0
BBX 24 48 0 -10
BITMAP
000000
000000
000000
000000
000000
000000
000000
000000
000000
000000
000000
000000
000000
000000
000000
000000
03FFC0
03FFC0
0F00F0
0F00F0
3C003C
3C003C
3C003C
3C003C
3C003C
3C003C
3C003C
3C003C
3C003C
3C003C
3C003C
3C003C
3C003C
3C003C
0F00F0
0F00F0
03FFC0
03FFC0
000000
000000
000000
000000
000000
000000
000000
000000
000000
000000
ENDCHAR
STARTCHAR CYRILLIC SMALL LETTER PE
ENCODING 1087
SWIDTH 1000 0
DWIDTH 24 0
BBX 24 48 0 -10
BITMAP
000000
000000
000000
000000
000000
000000
000000
000000
000000
000000
000000
000000
000000
000000
000000
000000
3FFFC0
3FFFC0
3C00F0
3C00F0
3C003C
3C003C
3C003C
3C003C
3C003C
3C003C
3C003C
3C003C
3C003C
3C003C
3C003C
3C003C
3C003C
3C003C
3C003C
3C003C
3C003C
3C003C
000000
000000
000000
000000
000000
000000
000000
000000
000000
000000
ENDCHAR
STARTCHAR CYRILLIC SMALL LETTER ER
ENCODING 1088
SWIDTH 1000 0
DWIDTH 24 0
BBX 24 48 0 -10
BITMAP
000000
000000
000000
000000
000000
000000
000000
000000
000000
000000
000000
000000
000000
000000
000000
000000
3FFFC0
3FFFC0
3C00F0
3C00F0
3C003C
3C003C
3C003C
3C003C
3C003C
3C003C
3C003C
3C003C
3C003C
3C003C
3C003C
3C003C
3C003C
3C003C
3C00F0
3C00F0
3FFFC0
3FFFC0
3C0000
3C0000
3C0000
3C0000
3C0000
3C0000
3C0000
3C0000
3C0000
3C0000
ENDCHAR
STARTCHAR CYRILLIC SMALL LETTER ES
ENCODING 1089
SWIDTH 1000 0
DWIDTH 24 0
BBX 24 48 0 -10
BITMAP
000000
000000
000000
000000
000000
000000
000000
000000
000000
000000
000000
000000
000000
000000
000000
000000
03FFFC
03FFFC
0F0000
0F0000
3C0000
3C0000
3C0000
3C0000
3C0000
3C0000
3C0000
3C0000
3C0000
3C0000
3C0000
3C0000
3C0000
3C0000
0F0000
0F0000
03FFFC
03FFFC
000000
000000
000000
000000
000000
000000
000000
000000
000000
000000
ENDCHAR
STARTCHAR CYRILLIC SMALL LETTER TE
ENCODING 1090
SWIDTH 1000 0
DWIDTH 24 0
BBX 24 48 0 -10
BITMAP
000000
000000
000000
000000
000000
000000
000000
000000
000000
000000
000000
000000
000000
000000
000000
000000
3FC3C0
3FC3C0
3C3CF0
3C3CF0
3C3C3C
3C3C3C
3C3C3C
3C3C3C
3C3C3C
3C3C3C
3C3C3C
3C3C3C
3C3C3C
3C3C3C
3C3C3C
3C3C3C
3C003C
3C003C
3C003C
3C003C
3C003C
3C003C
000000
000000
000000
000000
000000
000000
000000
000000
000000
000000
ENDCHAR
STARTCHAR CYRILLIC SMALL LETTER U
ENCODING 1091
SWIDTH 1000 0
DWIDTH 24 0
BBX 24 48 0 -10
BITMAP
000000
000000
000000
000000
000000
000000
000000
000000
000000
000000
000000
000000
000000
000000
000000
000000
3C003C
3C003C
3C003C
3C003C
3C003C
3C003C
3C003C
3C003C
3C003C
3C003C
3C003C
3C003C
3C003C
3C003C
3C003C
3C003C
3C003C
3C003C
0F003C
0F003C
03FFFC
03FFFC
00003C
00003C
00003C
00003C
00003C
00003C
0000F0
0000F0
3FFFC0
3FFFC0
ENDCHAR
STARTCHAR CYRILLIC SMALL LETTER EF
ENCODING 1092
SWIDTH 1000 0
DWIDTH 24 0
BBX 24 48 0 -10
BITMAP
000000
000000
000000
000000
000000
000000
000000
000000
000000
000000
000000
000000
000000
000000
000000
000000
03FFC0
03FFC0
0F3CF0
0F3CF0
3C3C3C
3C3C3C
3C3C3C
3C3C3C
3C3C3C
3C3C3C
3C3C3C
3C3C3C
3C3C3C
3C3C3C
3C3C3C
3C3C3C
3C3C3C
3C3C3C
0F3CF0
0F3CF0
03FFC0
03FFC0
003C00
003C00
003C00
003C00
003C00
003C00
000000
000000
000000
000000
ENDCHAR
STARTCHAR CYRILLIC SMALL LETTER HA
ENCODING 1093
SWIDTH 1000 0
DWIDTH 24 0
BBX 24 48 0 -10
BITMAP
000000
000000
000000
000000
000000
000000
000000
000000
000000
000000
000000
000000
000000
000000
000000
000000
3C003C
3C003C
3C003C
3C003C
0F00F0
0F00F0
03C3C0
03C3C0
00FF00
00FF00
00FF00
00FF00
03C3C0
03C3C0
0F00F0
0F00F0
0F00F0
0F00F0
3C003C
3C003C
3C003C
3C003C
000000
000000
000000
000000
000000
000000
000000
000000
000000
000000
ENDCHAR
STARTCHAR CYRILLIC SMALL LETTER TSE
ENCODING 1094
SWIDTH 1000 0
DWIDTH 24 0
BBX 24 48 0 -10
BITMAP
000000
000000
000000
000000
000000
000000
000000
000000
000000
000000
000000
000000
000000
000000
000000
000000
3C003C
3C003C
3C003C
3C003C
3C003C
3C003C
3C003C
3C003C
3C003C
3C003C
3C003C
3C003C
3C003C
3C003C
3C003C
3C003C
3C003C
3C003C
0F003C
0F003C
03FFFF
03FFFF
00000F
00000F
00000F
00000F
00000F
00000F
00003C
00003C
0000F0
0000F0
ENDCHAR
STARTCHAR CYRILLIC SMALL LETTER CHE
ENCODING 1095
SWIDTH 1000 0
DWIDTH 24 0
BBX 24 48 0 -10
BITMAP
000000
000000
000000
000000
000000
000000
000000
000000
000000
000000
000000
000000
000000
000000
000000
000000
3C003C
3C003C
3C003C
3C003C
3C003C
3C003C
3C003C
3C003C
3C003C
3C003C
0F003C
0F003C
03FFFC
03FFFC
00003C
00003C
00003C
00003C
00003C
00003C
00003C
00003C
000000
000000
000000
000000
000000
000000
000000
000000
000000
000000
ENDCHAR
STARTCHAR CYRILLIC SMALL LETTER SHA
ENCODING 1096
SWIDTH 1000 0
DWIDTH 24 0
BBX 24 48 0 -10
BITMAP
000000
000000
000000
000000
000000
000000
000000
000000
000000
000000
000000
000000
000000
000000
000000
000000
3C003C
3C003C
3C003C
3C003C
3C003C
3C003C
3C3C3C
3C3C3C
3C3C3C
3C3C3C
3C3C3C
3C3C3C
3C3C3C
3C3C3C
3C3C3C
3C3C3C
3C3C3C
3C3C3C
0F3C3C
0F3C3C
03C3FC
03C3FC
000000
000000
000000
000000
000000
000000
000000
000000
000000
000000
ENDCHAR
STARTCHAR CYRILLIC SMALL LETTER SHCHA
ENCODING 1097
SWIDTH 1000 0
DWIDTH 24 0
BBX 24 48 0 -10
BITMAP
000000
000000
000000
000000
000000
000000
000000
000000
000000
000000
000000
000000
000000
000000
000000
000000
3C003C
3C003C
3C003C
3C003C
3C003C
3C003C
3C3C3C
3C3C3C
3C3C3C
3C3C3C
3C3C3C
3C3C3C
3C3C3C
3C3C3C
3C3C3C
3C3C3C
3C3C3C
3C3C3C
0F3C3C
0F3C3C
03C3FF
03C3FF
00000F
00000F
00000F
00000F
00000F
00000F
00003C
00003C
0000F0
0000F0
ENDCHAR
STARTCHAR CYRILLIC SMALL LETTER HARD SIGN
ENCODING 1098
SWIDTH 1000 0
DWIDTH 24 0
BBX 24 48 0 -10
BITMAP
000000
000000
000000
000000
000000
000000
000000
000000
000000
000000
000000
000000
000000
000000
000000
000000
FFC000
FFC000
03C000
03C000
03C000
03C000
03C000
03C000
03FFC0
03FFC0
03C0F0
03C0F0
03C03C
03C03C
03C03C
03C03C
03C03C
03C03C
03C0F0
03C0F0
03FFC0
03FFC0
000000
000000
000000
000000
000000
000000
000000
000000
000000
000000
ENDCHAR
STARTCHAR CYRILLIC SMALL LETTER YERU
ENCODING 1099
SWIDTH 1000 0
DWIDTH 24 0
BBX 24 48 0 -10
BITMAP
000000
000000
000000
000000
000000
000000
000000
000000
000000
000000
000000
000000
000000
000000
000000
000000
3C003C
3C003C
3C003C
3C003C
3C003C
3C003C
3C003C
3C003C
3FF03C
3FF03C
3C3C3C
3C3C3C
3C0F3C
3C0F3C
3C0F3C
3C0F3C
3C0F3C
3C0F3C
3C3C3C
3C3C3C
3FF03C
3FF03C
000000
000000
000000
000000
000000
000000
000000
000000
000000
000000
ENDCHAR
STARTCHAR CYRILLIC SMALL LETTER SOFT SIGN
ENCODING 1100
SWIDTH 1000 0
DWIDTH 24 0
BBX 24 48 0 -10
BITMAP
000000
000000
000000
000000
000000
000000
000000
000000
000000
000000
000000
000000
000000
000000
000000
000000
03C000
03C000
03C000
03C000
03C000
03C000
03C000
03C000
03FFC0
03FFC0
03C0F0
03C0F0
03C03C
03C03C
03C03C
03C03C
03C03C
03C03C
03C0F0
03C0F0
03FFC0
03FFC0
000000
000000
000000
000000
000000
000000
000000
000000
000000
000000
ENDCHAR
STARTCHAR CYRILLIC SMALL LETTER E
ENCODING 1101
SWIDTH 1000 0
DWIDTH 24 0
BBX 24 48 0 -10
BITMAP
000000
000000
000000
000000
000000
000000
000000
000000
000000
000000
000000
000000
000000
000000
000000
000000
3FFFC0
3FFFC0
0000F0
0000F0
00003C
00003C
00003C
00003C
00003C
00003C
03FFFC
03FFFC
00003C
00003C
00003C
00003C
00003C
00003C
0000F0
0000F0
3FFFC0
3FFFC0
000000
000000
000000
000000
000000
000000
000000
000000
000000
000000
ENDCHAR
STARTCHAR CYRILLIC SMALL LETTER YU
ENCODING 1102
SWIDTH 1000 0
DWIDTH 24 0
BBX 24 48 0 -10
BITMAP
000000
000000
000000
000000
000000
000000
000000
000000
000000
000000
000000
000000
000000
000000
000000
000000
3C0FC0
3C0FC0
3C3CF0
3C3CF0
3CF03C
3CF03C
3CF03C
3CF03C
3CF03C
3CF03C
3FF03C
3FF03C
3CF03C
3CF03C
3CF03C
3CF03C
3CF03C
3CF03C
3C3CF0
3C3CF0
3C0FC0
3C0FC0
000000
000000
000000
000000
000000
000000
000000
000000
000000
000000
ENDCHAR
STARTCHAR CYRILLIC SMALL LETTER YA
ENCODING 1103
SWIDTH 1000 0
DWIDTH 24 0
BBX 24 48 0 -10
BITMAP
000000
000000
000000
000000
000000
000000
000000
000000
000000
000000
000000
000000
000000
000000
000000
000000
03FFFC
03FFFC
0F003C
0F003C
3C003C
3C003C
3C003C
3C003C
0F003C
0F003C
03FFFC
03FFFC
0F003C
0F003C
3C003C
3C003C
3C003C
3C003C
3C003C
3C003C
3C003C
3C003C
000000
000000
000000
000000
000000
000000
000000
000000
000000
000000
ENDCHAR
STARTCHAR CYRILLIC SMALL LETTER IO
ENCODING 1105
SWIDTH 1000 0
DWIDTH 24 0
BBX 24 48 0 -10
BITMAP
000000
000000
000000
000000
000000
000000
0F00F0
0F00F0
0F00F0
0F00F0
000000
000000
000000
000000
000000
000000
03FFFC
03FFFC
0F003C
0F003C
3C003C
3C003C
3C003C
3C003C
3C003C
3C003C
3FFFFC
3FFFFC
3C0000
3C0000
3C0000
3C0000
3C0000
3C0000
0F0000
0F0000
03FFFC
03FFFC
000000
000000
000000
000000
000000
000000
000000
000000
000000
000000
ENDCHAR
STARTCHAR CYRILLIC SMALL LETTER BYELORUSSIAN-UKRAINIAN I
ENCODING 1110
SWIDTH 1000 0
DWIDTH 24 0
BBX 24 48 0 -10
BITMAP
000000
000000
000000
000000
000000
000000
000000
000000
003C00
003C00
003C00
003C00
000000
000000
000000
000000
03FC00
03FC00
003C00
003C00
003C00
003C00
003C00
003C00
003C00
003C00
003C00
003C00
003C00
003C00
003C00
003C00
003C00
003C00
003C00
003C00
003FC0
003FC0
000000
000000
000000
000000
000000
000000
000000
000000
000000
000000
ENDCHAR
STARTCHAR CYRILLIC SMALL LETTER YI
ENCODING 1111
SWIDTH 1000 0
DWIDTH 24 0
BBX 24 48 0 -10
BITMAP
000000
000000
000000
000000
000000
000000
0F00F0
0F00F0
0F00F0
0F00F0
000000
000000
000000
000000
000000
000000
03FC00
03FC00
003C00
003C00
003C00
003C00
003C00
003C00
003C00
003C00
003C00
003C00
003C00
003C00
003C00
003C00
003C00
003C00
003C00
003C00
003FC0
003FC0
000000
000000
000000
000000
000000
000000
000000
000000
000000
000000
ENDCHAR
STARTCHAR CYRILLIC SMALL LETTER SHORT U
ENCODING 1118
SWIDTH 1000 0
DWIDTH 24 0
BBX 24 48 0 -10
BITMAP
000000
000000
000000
000000
000000
000000
03C3C0
03C3C0
03C3C0
03C3C0
00FF00
00FF00
000000
000000
000000
000000
3C003C
3C003C
3C003C
3C003C
3C003C
3C003C
3C003C
3C003C
3C003C
3C003C
3C003C
3C003C
3C003C
3C003C
3C003C
3C003C
3C003C
3C003C
0F003C
0F003C
03FFFC
03FFFC
00003C
00003C
00003C
00003C
00003C
00003C
0000F0
0000F0
3FFFC0
3FFFC0
ENDCHAR
STARTCHAR CYRILLIC CAPITAL LETTER GHE WITH UPTURN
ENCODING 1168
SWIDTH 1000 0
DWIDTH 24 0
BBX 24 48 0 -10
BITMAP
000000
000000
000000
000000
000000
000000
000000
000000
00003C
00003C
00003C
00003C
0000F0
0000F0
03FFC0
03FFC0
0F0000
0F0000
3C0000
3C0000
3C0000
3C0000
3C0000
3C0000
3C0000
3C0000
3C0000
3C0000
3C0000
3C0000
3C0000
3C0000
3C0000
3C0000
3C0000
3C0000
3C0000
3C0000
000000
000000
000000
000000
000000
000000
000000
000000
000000
000000
ENDCHAR
STARTCHAR CYRILLIC SMALL LETTER GHE WITH UPTURN
ENCODING 1169
SWIDTH 1000 0
DWIDTH 24 0
BBX 24 48 0 -10
BITMAP
000000
000000
000000
000000
000000
000000
000000
000000
000000
000000
000000
000000
000000
000000
000000
000000
00003C
00003C
00003C
00003C
0000F0
0000F0
03FFC0
03FFC0
0F0000
0F0000
3C0000
3C0000
3C0000
3C0000
3C0000
3C0000
3C0000
3C0000
3C0000
3C0000
3C0000
3C0000
000000
000000
000000
000000
000000
000000
000000
000000
000000
000000
ENDCHAR
STARTCHAR DOUBLE VERTICAL LINE
ENCODING 8214
SWIDTH 1000 0
DWIDTH 24 0
BBX 24 48 0 -10
BITMAP
000000
000000
000000
000000
000000
000000
03C3C0
03C3C0
03C3C0
03C3C0
03C3C0
03C3C0
03C3C0
03C3C0
03C3C0
03C3C0
03C3C0
03C3C0
03C3C0
03C3C0
03C3C0
03C3C0
03C3C0
03C3C0
03C3C0
03C3C0
03C3C0
03C3C0
03C3C0
03C3C0
03C3C0
03C3C0
03C3C0
03C3C0
03C3C0
03C3C0
03C3C0
03C3C0
03C3C0
03C3C0
03C3C0
03C3C0
000000
000000
000000
000000
000000
000000
ENDCHAR
STARTCHAR LEFT SINGLE QUOTATION MARK
ENCODING 8216
SWIDTH 1000 0
DWIDTH 24 0
BBX 24 48 0 -10
BITMAP
000000
000000
000000
000000
003C00
003C00
003C00
003C00
003C00
003C00
003C00
003C00
003C00
003C00
003C00
003C00
003C00
003C00
000000
000000
000000
000000
000000
000000
000000
000000
000000
000000
000000
000000
000000
000000
000000
000000
000000
000000
000000
000000
000000
000000
000000
000000
000000
000000
000000
000000
000000
000000
ENDCHAR
STARTCHAR RIGHT SINGLE QUOTATION MARK
ENCODING 8217
SWIDTH 1000 0
DWIDTH 24 0
BBX 24 48 0 -10
BITMAP
000000
000000
000000
000000
003C00
003C00
003C00
003C00
003C00
003C00
003C00
003C00
003C00
003C00
003C00
003C00
003C00
003C00
000000
000000
000000
000000
000000
000000
000000
000000
000000
000000
000000
000000
000000
000000
000000
000000
000000
000000
000000
000000
000000
000000
000000
000000
000000
000000
000000
000000
000000
000000
ENDCHAR
STARTCHAR LEFT DOUBLE QUOTATION MARK
ENCODING 8220
SWIDTH 1000 0
DWIDTH 24 0
BBX 24 48 0 -10
BITMAP
000000
000000
000000
000000
0F00F0
0F00F0
0F00F0
0F00F0
0F00F0
0F00F0
0F00F0
0F00F0
0F00F0
0F00F0
0F00F0
0F00F0
0F00F0
0F00F0
000000
000000
000000
000000
000000
000000
000000
000000
000000
000000
000000
000000
000000
000000
000000
000000
000000
000000
000000
000000
000000
000000
000000
000000
000000
000000
000000
000000
000000
000000
ENDCHAR
STARTCHAR RIGHT DOUBLE QUOTATION MARK
ENCODING 8221
SWIDTH 1000 0
DWIDTH 24 0
BBX 24 48 0 -10
BITMAP
000000
000000
000000
000000
0F00F0
0F00F0
0F00F0
0F00F0
0F00F0
0F00F0
0F00F0
0F00F0
0F00F0
0F00F0
0F00F0
0F00F0
0F00F0
0F00F0
000000
000000
000000
000000
000000
000000
000000
000000
000000
000000
000000
000000
000000
000000
000000
000000
000000
000000
000000
000000
000000
000000
000000
000000
000000
000000
000000
000000
000000
000000
ENDCHAR
STARTCHAR BULLET
ENCODING 8226
SWIDTH 1000 0
DWIDTH 24 0
BBX 24 48 0 -10
BITMAP
000000
000000
000000
000000
000000
000000
000000
000000
000000
000000
000000
000000
000000
000000
000000
000000
000000
000000
00FF00
00FF00
03FFC0
03FFC0
03FFC0
03FFC0
03FFC0
03FFC0
03FFC0
03FFC0
00FF00
00FF00
000000
000000
000000
000000
000000
000000
000000
000000
000000
000000
000000
000000
000000
000000
000000
000000
000000
000000
ENDCHAR
STARTCHAR HORIZONTAL ELLIPSIS
ENCODING 8230
SWIDTH 1000 0
DWIDTH 24 0
BBX 24 48 0 -10
BITMAP
000000
000000
000000
000000
000000
000000
000000
000000
000000
000000
000000
000000
000000
000000
000000
000000
000000
000000
000000
000000
000000
000000
000000
000000
000000
000000
000000
000000
000000
000000
000000
000000
000000
000000
3C3C3C
3C3C3C
3C3C3C
3C3C3C
000000
000000
000000
000000
000000
000000
000000
000000
000000
000000
ENDCHAR
STARTCHAR SINGLE LEFT-POINTING ANGLE QUOTATION MARK
ENCODING 8249
SWIDTH 1000 0
DWIDTH 24 0
BBX 24 48 0 -10
BITMAP
000000
000000
000000
000000
000000
000000
000000
000000
000000
000000
000000
000000
000000
000000
000000
000000
000000
000000
000F00
000F00
003C00
003C00
00F000
00F000
03C000
03C000
0F0000
0F0000
03C000
03C000
00F000
00F000
003C00
003C00
000F00
000F00
000000
000000
000000
000000
000000
000000
000000
000000
000000
000000
000000
000000
ENDCHAR
STARTCHAR SINGLE RIGHT-POINTING ANGLE QUOTATION MARK
ENCODING 8250
SWIDTH 1000 0
DWIDTH 24 0
BBX 24 48 0 -10
BITMAP
000000
000000
000000
000000
000000
000000
000000
000000
000000
000000
000000
000000
000000
000000
000000
000000
000000
000000
00F000
00F000
003C00
003C00
000F00
000F00
0003C0
0003C0
0000F0
0000F0
0003C0
0003C0
000F00
000F00
003C00
003C00
00F000
00F000
000000
000000
000000
000000
000000
000000
000000
000000
000000
000000
000000
000000
ENDCHAR
STARTCHAR DOUBLE EXCLAMATION MARK
ENCODING 8252
SWIDTH 1000 0
DWIDTH 24 0
BBX 24 48 0 -10
BITMAP
000000
000000
000000
000000
000000
000000
000000
000000
0F00F0
0F00F0
0F00F0
0F00F0
0F00F0
0F00F0
0F00F0
0F00F0
0F00F0
0F00F0
0F00F0
0F00F0
0F00F0
0F00F0
0F00F0
0F00F0
0F00F0
0F00F0
0F00F0
0F00F0
0F00F0
0F00F0
000000
000000
000000
000000
0F00F0
0F00F0
0F00F0
0F00F0
000000
000000
000000
000000
000000
000000
000000
000000
000000
000000
ENDCHAR
STARTCHAR SUPERSCRIPT LATIN SMALL LETTER N
ENCODING 8319
SWIDTH 1000 0
DWIDTH 24 0
BBX 24 48 0 -10
BITMAP
000000
000000
000000
000000
000000
000000
03FF00
03FF00
03C3C0
03C3C0
03C3C0
03C3C0
03C3C0
03C3C0
03C3C0
03C3C0
03C3C0
03C3C0
03C3C0
03C3C0
03C3C0
03C3C0
000000
000000
000000
000000
000000
000000
000000
000000
000000
000000
000000
000000
000000
000000
000000
000000
000000
000000
000000
000000
000000
000000
000000
000000
000000
000000
ENDCHAR
STARTCHAR EURO SIGN
ENCODING 8364
SWIDTH 1000 0
DWIDTH 24 0
BBX 24 48 0 -10
BITMAP
000000
000000
000000
000000
000000
000000
000000
000000
003FC0
003FC0
00F0F0
00F0F0
03C03C
03C03C
03C03C
03C03C
0F0000
0F0000
0F0000
0F0000
FFFF00
FFFF00
0F0000
0F0000
0F0000
0F0000
FFFF00
FFFF00
0F0000
0F0000
0F0000
0F0000
03C03C
03C03C
03C03C
03C03C
00F0F0
00F0F0
003FC0
003FC0
000000
000000
000000
000000
000000
000000
000000
000000
ENDCHAR
STARTCHAR ALMOST EQUAL TO
ENCODING 8776
SWIDTH 1000 0
DWIDTH 24 0
BBX 24 48 0 -10
BITMAP
000000
000000
000000
000000
000000
000000
000000
000000
000000
000000
000000
000000
000000
000000
000000
000000
03F03C
03F03C
0F3CF0
0F3CF0
3C0FC0
3C0FC0
000000
000000
000000
000000
03F03C
03F03C
0F3CF0
0F3CF0
3C0FC0
3C0FC0
000000
000000
000000
000000
000000
000000
000000
000000
000000
000000
000000
000000
000000
000000
000000
000000
ENDCHAR
STARTCHAR REVERSED NOT SIGN
ENCODING 8976
SWIDTH 1000 0
DWIDTH 24 0
BBX 24 48 0 -10
BITMAP
000000
000000
000000
000000
000000
000000
000000
000000
000000
000000
000000
000000
000000
000000
000000
000000
000000
000000
3FFFFC
3FFFFC
3C0000
3C0000
3C0000
3C0000
3C0000
3C0000
3C0000
3C0000
3C0000
3C0000
000000
000000
000000
000000
000000
000000
000000
000000
000000
000000
000000
000000
000000
000000
000000
000000
000000
000000
ENDCHAR
STARTCHAR TURNED NOT SIGN
ENCODING 8985
SWIDTH 1000 0
DWIDTH 24 0
BBX 24 48 0 -10
BITMAP
000000
000000
000000
000000
000000
000000
000000
000000
000000
000000
000000
000000
000000
000000
000000
000000
000000
000000
3C0000
3C0000
3C0000
3C0000
3C0000
3C0000
3C0000
3C0000
3C0000
3C0000
3FFFFC
3FFFFC
000000
000000
000000
000000
000000
000000
000000
000000
000000
000000
000000
000000
000000
000000
000000
000000
000000
000000
ENDCHAR
STARTCHAR BOX DRAWINGS LIGHT HORIZONTAL
ENCODING 9472
SWIDTH 1000 0
DWIDTH 24 0
BBX 24 48 0 -10
BITMAP
000000
000000
000000
000000
000000
000000
000000
000000
000000
000000
000000
000000
000000
000000
000000
000000
000000
000000
000000
000000
000000
000000
FFFFFF
FFFFFF
FFFFFF
FFFFFF
000000
000000
000000
000000
000000
000000
000000
000000
000000
000000
000000
000000
000000
000000
000000
000000
000000
000000
000000
000000
000000
000000
ENDCHAR
STARTCHAR BOX DRAWINGS HEAVY HORIZONTAL
ENCODING 9473
SWIDTH 1000 0
DWIDTH 24 0
BBX 24 48 0 -10
BITMAP
000000
000000
000000
000000
000000
000000
000000
000000
000000
000000
000000
000000
000000
000000
000000
000000
000000
000000
000000
000000
FFFFFF
FFFFFF
FFFFFF
FFFFFF
FFFFFF
FFFFFF
FFFFFF
FFFFFF
000000
000000
000000
000000
000000
000000
000000
000000
000000
000000
000000
000000
000000
000000
000000
000000
000000
000000
000000
000000
ENDCHAR
STARTCHAR BOX DRAWINGS LIGHT VERTICAL
ENCODING 9474
SWIDTH 1000 0
DWIDTH 24 0
BBX 24 48 0 -10
BITMAP
003C00
003C00
003C00
003C00
003C00
003C00
003C00
003C00
003C00
003C00
003C00
003C00
003C00
003C00
003C00
003C00
003C00
003C00
003C00
003C00
003C00
003C00
003C00
003C00
003C00
003C00
003C00
003C00
003C00
003C00
003C00
003C00
003C00
003C00
003C00
003C00
003C00
003C00
003C00
003C00
003C00
003C00
003C00
003C00
003C00
003C00
003C00
003C00
ENDCHAR
STARTCHAR BOX DRAWINGS HEAVY VERTICAL
ENCODING 9475
SWIDTH 1000 0
DWIDTH 24 0
BBX 24 48 0 -10
BITMAP
00FF00
00FF00
00FF00
00FF00
00FF00
00FF00
00FF00
00FF00
00FF00
00FF00
00FF00
00FF00
00FF00
00FF00
00FF00
00FF00
00FF00
00FF00
00FF00
00FF00
00FF00
00FF00
00FF00
00FF00
00FF00
00FF00
00FF00
00FF00
00FF00
00FF00
00FF00
00FF00
00FF00
00FF00
00FF00
00FF00
00FF00
00FF00
00FF00
00FF00
00FF00
00FF00
00FF00
00FF00
00FF00
00FF00
00FF00
00FF00
ENDCHAR
STARTCHAR BOX DRAWINGS LIGHT TRIPLE DASH HORIZONTAL
ENCODING 9476
SWIDTH 1000 0
DWIDTH 24 0
BBX 24 48 0 -10
BITMAP
000000
000000
000000
000000
000000
000000
000000
000000
000000
000000
000000
000000
000000
000000
000000
000000
000000
000000
000000
000000
000000
000000
3C3C3C
3C3C3C
3C3C3C
3C3C3C
000000
000000
000000
000000
000000
000000
000000
000000
000000
000000
000000
000000
000000
000000
000000
000000
000000
000000
000000
000000
000000
000000
ENDCHAR
STARTCHAR BOX DRAWINGS HEAVY TRIPLE DASH HORIZONTAL
ENCODING 9477
SWIDTH 1000 0
DWIDTH 24 0
BBX 24 48 0 -10
BITMAP
000000
000000
000000
000000
000000
000000
000000
000000
000000
000000
000000
000000
000000
000000
000000
000000
000000
000000
000000
000000
3C3C3C
3C3C3C
3C3C3C
3C3C3C
3C3C3C
3C3C3C
3C3C3C
3C3C3C
000000
000000
000000
000000
000000
000000
000000
000000
000000
000000
000000
000000
000000
000000
000000
000000
000000
000000
000000
000000
ENDCHAR
STARTCHAR BOX DRAWINGS LIGHT TRIPLE DASH VERTICAL
ENCODING 9478
SWIDTH 1000 0
DWIDTH 24 0
BBX 24 48 0 -10
BITMAP
000000
000000
000000
000000
003C00
003C00
003C00
003C00
003C00
003C00
003C00
003C00
000000
000000
000000
000000
000000
000000
000000
000000
003C00
003C00
003C00
003C00
003C00
003C00
003C00
003C00
000000
000000
000000
000000
000000
000000
000000
000000
003C00
003C00
003C00
003C00
003C00
003C00
003C00
003C00
000000
000000
000000
000000
ENDCHAR
STARTCHAR BOX DRAWINGS HEAVY TRIPLE DASH VERTICAL
ENCODING 9479
SWIDTH 1000 0
DWIDTH 24 0
BBX 24 48 0 -10
BITMAP
000000
000000
000000
000000
00FF00
00FF00
00FF00
00FF00
00FF00
00FF00
00FF00
00FF00
000000
000000
000000
000000
000000
000000
000000
000000
00FF00
00FF00
00FF00
00FF00
00FF00
00FF00
00FF00
00FF00
000000
000000
000000
000000
000000
000000
000000
000000
00FF00
00FF00
00FF00
00FF00
00FF00
00FF00
00FF00
00FF00
000000
000000
000000
000000
ENDCHAR
STARTCHAR BOX DRAWINGS LIGHT QUADRUPLE DASH HORIZONTAL
ENCODING 9480
SWIDTH 1000 0
DWIDTH 24 0
BBX 24 48 0 -10
BITMAP
000000
000000
000000
000000
000000
000000
000000
000000
000000
000000
000000
000000
000000
000000
000000
000000
000000
000000
000000
000000
000000
000000
F3CF3C
F3CF3C
F3CF3C
F3CF3C
000000
000000
000000
000000
000000
000000
000000
000000
000000
000000
000000
000000
000000
000000
000000
000000
000000
000000
000000
000000
000000
000000
ENDCHAR
STARTCHAR BOX DRAWINGS HEAVY QUADRUPLE DASH HORIZONTAL
ENCODING 9481
SWIDTH 1000 0
DWIDTH 24 0
BBX 24 48 0 -10
BITMAP
000000
000000
000000
000000
000000
000000
000000
000000
000000
000000
000000
000000
000000
000000
000000
000000
000000
000000
000000
000000
F3CF3C
F3CF3C
F3CF3C
F3CF3C
F3CF3C
F3CF3C
F3CF3C
F3CF3C
000000
000000
000000
000000
000000
000000
000000
000000
000000
000000
000000
000000
000000
000000
000000
000000
000000
000000
000000
000000
ENDCHAR
STARTCHAR BOX DRAWINGS LIGHT QUADRUPLE DASH VERTICAL
ENCODING 9482
SWIDTH 1000 0
DWIDTH 24 0
BBX 24 48 0 -10
BITMAP
000000
000000
003C00
003C00
003C00
003C00
003C00
003C00
003C00
003C00
000000
000000
000000
000000
003C00
003C00
003C00
003C00
003C00
003C00
003C00
003C00
000000
000000
000000
000000
003C00
003C00
003C00
003C00
003C00
003C00
003C00
003C00
000000
000000
000000
000000
003C00
003C00
003C00
003C00
003C00
003C00
003C00
003C00
000000
000000
ENDCHAR
STARTCHAR BOX DRAWINGS HEAVY QUADRUPLE DASH VERTICAL
ENCODING 9483
SWIDTH 1000 0
DWIDTH 24 0
BBX 24 48 0 -10
BITMAP
000000
000000
00FF00
00FF00
00FF00
00FF00
00FF00
00FF00
00FF00
00FF00
000000
000000
000000
000000
00FF00
00FF00
00FF00
00FF00
00FF00
00FF00
00FF00
00FF00
000000
000000
000000
000000
00FF00
00FF00
00FF00
00FF00
00FF00
00FF00
00FF00
00FF00
000000
000000
000000
000000
00FF00
00FF00
00FF00
00FF00
00FF00
00FF00
00FF00
00FF00
000000
000000
ENDCHAR
STARTCHAR BOX DRAWINGS LIGHT DOWN AND RIGHT
ENCODING 9484
SWIDTH 1000 0
DWIDTH 24 0
BBX 24 48 0 -10
BITMAP
000000
000000
000000
000000
000000
000000
000000
000000
000000
000000
000000
000000
000000
000000
000000
000000
000000
000000
000000
000000
000000
000000
003FFF
003FFF
003FFF
003FFF
003C00
003C00
003C00
003C00
003C00
003C00
003C00
003C00
003C00
003C00
003C00
003C00
003C00
003C00
003C00
003C00
003C00
003C00
003C00
003C00
003C00
003C00
ENDCHAR
STARTCHAR BOX DRAWINGS DOWN LIGHT AND RIGHT HEAVY
ENCODING 9485
SWIDTH 1000 0
DWIDTH 24 0
BBX 24 48 0 -10
BITMAP
000000
000000
000000
000000
000000
000000
000000
000000
000000
000000
000000
000000
000000
000000
000000
000000
000000
000000
000000
000000
003FFF
003FFF
003FFF
003FFF
003FFF
003FFF
003FFF
003FFF
003C00
003C00
003C00
003C00
003C00
003C00
003C00
003C00
003C00
003C00
003C00
003C00
003C00
003C00
003C00
003C00
003C00
003C00
003C00
003C00
ENDCHAR
STARTCHAR BOX DRAWINGS DOWN HEAVY AND RIGHT LIGHT
ENCODING 9486
SWIDTH 1000 0
DWIDTH 24 0
BBX 24 48 0 -10
BITMAP
000000
000000
000000
000000
000000
000000
000000
000000
000000
000000
000000
000000
000000
000000
000000
000000
000000
000000
000000
000000
000000
000000
00FFFF
00FFFF
00FFFF
00FFFF
00FF00
00FF00
00FF00
00FF00
00FF00
00FF00
00FF00
00FF00
00FF00
00FF00
00FF00
00FF00
00FF00
00FF00
00FF00
00FF00
00FF00
00FF00
00FF00
00FF00
00FF00
00FF00
ENDCHAR
STARTCHAR BOX DRAWINGS HEAVY DOWN AND RIGHT
ENCODING 9487
SWIDTH 1000 0
DWIDTH 24 0
BBX 24 48 0 -10
BITMAP
000000
000000
000000
000000
000000
000000
000000
000000
000000
000000
000000
000000
000000
000000
000000
000000
000000
000000
000000
000000
00FFFF
00FFFF
00FFFF
00FFFF
00FFFF
00FFFF
00FFFF
00FFFF
00FF00
00FF00
00FF00
00FF00
00FF00
00FF00
00FF00
00FF00
00FF00
00FF00
00FF00
00FF00
00FF00
00FF00
00FF00
00FF00
00FF00
00FF00
00FF00
00FF00
ENDCHAR
STARTCHAR BOX DRAWINGS LIGHT DOWN AND LEFT
ENCODING 9488
SWIDTH 1000 0
DWIDTH 24 0
BBX 24 48 0 -10
BITMAP
000000
000000
000000
000000
000000
000000
000000
000000
000000
000000
000000
000000
000000
000000
000000
000000
000000
000000
000000
000000
000000
000000
FFFC00
FFFC00
FFFC00
FFFC00
003C00
003C00
003C00
003C00
003C00
003C00
003C00
003C00
003C00
003C00
003C00
003C00
003C00
003C00
003C00
003C00
003C00
003C00
003C00
003C00
003C00
003C00
ENDCHAR
STARTCHAR BOX DRAWINGS DOWN LIGHT AND LEFT HEAVY
ENCODING 9489
SWIDTH 1000 0
DWIDTH 24 0
BBX 24 48 0 -10
BITMAP
000000
000000
000000
000000
000000
000000
000000
000000
000000
000000
000000
000000
000000
000000
000000
000000
000000
000000
000000
000000
FFFC00
FFFC00
FFFC00
FFFC00
FFFC00
FFFC00
FFFC00
FFFC00
003C00
003C00
003C00
003C00
003C00
003C00
003C00
003C00
003C00
003C00
003C00
003C00
003C00
003C00
003C00
003C00
003C00
003C00
003C00
003C00
ENDCHAR
STARTCHAR BOX DRAWINGS DOWN HEAVY AND LEFT LIGHT
ENCODING 9490
SWIDTH 1000 0
DWIDTH 24 0
BBX 24 48 0 -10
BITMAP
000000
000000
000000
000000
000000
000000
000000
000000
000000
000000
000000
000000
000000
000000
000000
000000
000000
000000
000000
000000
000000
000000
FFFF00
FFFF00
FFFF00
FFFF00
00FF00
00FF00
00FF00
00FF00
00FF00
00FF00
00FF00
00FF00
00FF00
00FF00
00FF00
00FF00
00FF00
00FF00
00FF00
00FF00
00FF00
00FF00
00FF00
00FF00
00FF00
00FF00
ENDCHAR
STARTCHAR BOX DRAWINGS HEAVY DOWN AND LEFT
ENCODING 9491
SWIDTH 1000 0
DWIDTH 24 0
BBX 24 48 0 -10
BITMAP
000000
000000
000000
000000
000000
000000
000000
000000
000000
000000
000000
000000
000000
000000
000000
000000
000000
000000
000000
000000
FFFF00
FFFF00
FFFF00
FFFF00
FFFF00
FFFF00
FFFF00
FFFF00
00FF00
00FF00
00FF00
00FF00
00FF00
00FF00
00FF00
00FF00
00FF00
00FF00
00FF00
00FF00
00FF00
00FF00
00FF00
00FF00
00FF00
00FF00
00FF00
00FF00
ENDCHAR
STARTCHAR BOX DRAWINGS LIGHT UP AND RIGHT
ENCODING 9492
SWIDTH 1000 0
DWIDTH 24 0
BBX 24 48 0 -10
BITMAP
003C00
003C00
003C00
003C00
003C00
003C00
003C00
003C00
003C00
003C00
003C00
003C00
003C00
003C00
003C00
003C00
003C00
003C00
003C00
003C00
003C00
003C00
003FFF
003FFF
003FFF
003FFF
000000
000000
000000
000000
000000
000000
000000
000000
000000
000000
000000
000000
000000
000000
000000
000000
000000
000000
000000
000000
000000
000000
ENDCHAR
STARTCHAR BOX DRAWINGS UP LIGHT AND RIGHT HEAVY
ENCODING 9493
SWIDTH 1000 0
DWIDTH 24 0
BBX 24 48 0 -10
BITMAP
003C00
003C00
003C00
003C00
003C00
003C00
003C00
003C00
003C00
003C00
003C00
003C00
003C00
003C00
003C00
003C00
003C00
003C00
003C00
003C00
003FFF
003FFF
003FFF
003FFF
003FFF
003FFF
003FFF
003FFF
000000
000000
000000
000000
000000
000000
000000
000000
000000
000000
000000
000000
000000
000000
000000
000000
000000
000000
000000
000000
ENDCHAR
STARTCHAR BOX DRAWINGS UP HEAVY AND RIGHT LIGHT
ENCODING 9494
SWIDTH 1000 0
DWIDTH 24 0
BBX 24 48 0 -10
BITMAP
00FF00
00FF00
00FF00
00FF00
00FF00
00FF00
00FF00
00FF00
00FF00
00FF00
00FF00
00FF00
00FF00
00FF00
00FF00
00FF00
00FF00
00FF00
00FF00
00FF00
00FF00
00FF00
00FFFF
00FFFF
00FFFF
00FFFF
000000
000000
000000
000000
000000
000000
000000
000000
000000
000000
000000
000000
000000
000000
000000
000000
000000
000000
000000
000000
000000
000000
ENDCHAR
STARTCHAR BOX DRAWINGS HEAVY UP AND RIGHT
ENCODING 9495
SWIDTH 1000 0
DWIDTH 24 0
BBX 24 48 0 -10
BITMAP
00FF00
00FF00
00FF00
00FF00
00FF00
00FF00
00FF00
00FF00
00FF00
00FF00
00FF00
00FF00
00FF00
00FF00
00FF00
00FF00
00FF00
00FF00
00FF00
00FF00
00FFFF
00FFFF
00FFFF
00FFFF
00FFFF
00FFFF
00FFFF
00FFFF
000000
000000
000000
000000
000000
000000
000000
000000
000000
000000
000000
000000
000000
000000
000000
000000
000000
000000
000000
000000
ENDCHAR
STARTCHAR BOX DRAWINGS LIGHT UP AND LEFT
ENCODING 9496
SWIDTH 1000 0
DWIDTH 24 0
BBX 24 48 0 -10
BITMAP
003C00
003C00
003C00
003C00
003C00
003C00
003C00
003C00
003C00
003C00
003C00
003C00
003C00
003C00
003C00
003C00
003C00
003C00
003C00
003C00
003C00
003C00
FFFC00
FFFC00
FFFC00
FFFC00
000000
000000
000000
000000
000000
000000
000000
000000
000000
000000
000000
000000
000000
000000
000000
000000
000000
000000
000000
000000
000000
000000
ENDCHAR
STARTCHAR BOX DRAWINGS UP LIGHT AND LEFT HEAVY
ENCODING 9497
SWIDTH 1000 0
DWIDTH 24 0
BBX 24 48 0 -10
BITMAP
003C00
003C00
003C00
003C00
003C00
003C00
003C00
003C00
003C00
003C00
003C00
003C00
003C00
003C00
003C00
003C00
003C00
003C00
003C00
003C00
FFFC00
FFFC00
FFFC00
FFFC00
FFFC00
FFFC00
FFFC00
FFFC00
000000
000000
000000
000000
000000
000000
000000
000000
000000
000000
000000
000000
000000
000000
000000
000000
000000
000000
000000
000000
ENDCHAR
STARTCHAR BOX DRAWINGS UP HEAVY AND LEFT LIGHT
ENCODING 9498
SWIDTH 1000 0
DWIDTH 24 0
BBX 24 48 0 -10
BITMAP
00FF00
00FF00
00FF00
00FF00
00FF00
00FF00
00FF00
00FF00
00FF00
00FF00
00FF00
00FF00
00FF00
00FF00
00FF00
00FF00
00FF00
00FF00
00FF00
00FF00
00FF00
00FF00
FFFF00
FFFF00
FFFF00
FFFF00
000000
000000
000000
000000
000000
000000
000000
000000
000000
000000
000000
000000
000000
000000
000000
000000
000000
000000
000000
000000
000000
000000
ENDCHAR
STARTCHAR BOX DRAWINGS HEAVY UP AND LEFT
ENCODING 9499
SWIDTH 1000 0
DWIDTH 24 0
BBX 24 48 0 -10
BITMAP
00FF00
00FF00
00FF00
00FF00
00FF00
00FF00
00FF00
00FF00
00FF00
00FF00
00FF00
00FF00
00FF00
00FF00
00FF00
00FF00
00FF00
00FF00
00FF00
00FF00
FFFF00
FFFF00
FFFF00
FFFF00
FFFF00
FFFF00
FFFF00
FFFF00
000000
000000
000000
000000
000000
000000
000000
000000
000000
000000
000000
000000
000000
000000
000000
000000
000000
000000
000000
000000
ENDCHAR
STARTCHAR BOX DRAWINGS LIGHT VERTICAL AND RIGHT
ENCODING 9500
SWIDTH 1000 0
DWIDTH 24 0
BBX 24 48 0 -10
BITMAP
003C00
003C00
003C00
003C00
003C00
003C00
003C00
003C00
003C00
003C00
003C00
003C00
003C00
003C00
003C00
003C00
003C00
003C00
003C00
003C00
003C00
003C00
003FFF
003FFF
003FFF
003FFF
003C00
003C00
003C00
003C00
003C00
003C00
003C00
003C00
003C00
003C00
003C00
003C00
003C00
003C00
003C00
003C00
003C00
003C00
003C00
003C00
003C00
003C00
ENDCHAR
STARTCHAR BOX DRAWINGS VERTICAL LIGHT AND RIGHT HEAVY
ENCODING 9501
SWIDTH 1000 0
DWIDTH 24 0
BBX 24 48 0 -10
BITMAP
003C00
003C00
003C00
003C00
003C00
003C00
003C00
003C00
003C00
003C00
003C00
003C00
003C00
003C00
003C00
003C00
003C00
003C00
003C00
003C00
003FFF
003FFF
003FFF
003FFF
003FFF
003FFF
003FFF
003FFF
003C00
003C00
003C00
003C00
003C00
003C00
003C00
003C00
003C00
003C00
003C00
003C00
003C00
003C00
003C00
003C00
003C00
003C00
003C00
003C00
ENDCHAR
STARTCHAR BOX DRAWINGS UP HEAVY AND RIGHT DOWN LIGHT
ENCODING 9502
SWIDTH 1000 0
DWIDTH 24 0
BBX 24 48 0 -10
BITMAP
00FF00
00FF00
00FF00
00FF00
00FF00
00FF00
00FF00
00FF00
00FF00
00FF00
00FF00
00FF00
00FF00
00FF00
00FF00
00FF00
00FF00
00FF00
00FF00
00FF00
00FF00
00FF00
00FFFF
00FFFF
00FFFF
00FFFF
003C00
003C00
003C00
003C00
003C00
003C00
003C00
003C00
003C00
003C00
003C00
003C00
003C00
003C00
003C00
003C00
003C00
003C00
003C00
003C00
003C00
003C00
ENDCHAR
STARTCHAR BOX DRAWINGS DOWN HEAVY AND RIGHT UP LIGHT
ENCODING 9503
SWIDTH 1000 0
DWIDTH 24 0
BBX 24 48 0 -10
BITMAP
003C00
003C00
003C00
003C00
003C00
003C00
003C00
003C00
003C00
003C00
003C00
003C00
003C00
003C00
003C00
003C00
003C00
003C00
003C00
003C00
003C00
003C00
00FFFF
00FFFF
00FFFF
00FFFF
00FF00
00FF00
00FF00
00FF00
00FF00
00FF00
00FF00
00FF00
00FF00
00FF00
00FF00
00FF00
00FF00
00FF00
00FF00
00FF00
00FF00
00FF00
00FF00
00FF00
00FF00
00FF00
ENDCHAR
STARTCHAR BOX DRAWINGS VERTICAL HEAVY AND RIGHT LIGHT
ENCODING 9504
SWIDTH 1000 0
DWIDTH 24 0
BBX 24 48 0 -10
BITMAP
00FF00
00FF00
00FF00
00FF00
00FF00
00FF00
00FF00
00FF00
00FF00
00FF00
00FF00
00FF00
00FF00
00FF00
00FF00
00FF00
00FF00
00FF00
00FF00
00FF00
00FF00
00FF00
00FFFF
00FFFF
00FFFF
00FFFF
00FF00
00FF00
00FF00
00FF00
00FF00
00FF00
00FF00
00FF00
00FF00
00FF00
00FF00
00FF00
00FF00
00FF00
00FF00
00FF00
00FF00
00FF00
00FF00
00FF00
00FF00
00FF00
ENDCHAR
STARTCHAR BOX DRAWINGS DOWN LIGHT AND RIGHT UP HEAVY
ENCODING 9505
SWIDTH 1000 0
DWIDTH 24 0
BBX 24 48 0 -10
BITMAP
00FF00
00FF00
00FF00
00FF00
00FF00
00FF00
00FF00
00FF00
00FF00
00FF00
00FF00
00FF00
00FF00
00FF00
00FF00
00FF00
00FF00
00FF00
00FF00
00FF00
00FFFF
00FFFF
00FFFF
00FFFF
00FFFF
00FFFF
00FFFF
00FFFF
003C00
003C00
003C00
003C00
003C00
003C00
003C00
003C00
003C00
003C00
003C00
003C00
003C00
003C00
003C00
003C00
003C00
003C00
003C00
003C00
ENDCHAR
STARTCHAR BOX DRAWINGS UP LIGHT AND RIGHT DOWN HEAVY
ENCODING 9506
SWIDTH 1000 0
DWIDTH 24 0
BBX 24 48 0 -10
BITMAP
003C00
003C00
003C00
003C00
003C00
003C00
003C00
003C00
003C00
003C00
003C00
003C00
003C00
003C00
003C00
003C00
003C00
003C00
003C00
003C00
00FFFF
00FFFF
00FFFF
00FFFF
00FFFF
00FFFF
00FFFF
00FFFF
00FF00
00FF00
00FF00
00FF00
00FF00
00FF00
00FF00
00FF00
00FF00
00FF00
00FF00
00FF00
00FF00
00FF00
00FF00
00FF00
00FF00
00FF00
00FF00
00FF00
ENDCHAR
STARTCHAR BOX DRAWINGS HEAVY VERTICAL AND RIGHT
ENCODING 9507
SWIDTH 1000 0
DWIDTH 24 0
BBX 24 48 0 -10
BITMAP
00FF00
00FF00
00FF00
00FF00
00FF00
00FF00
00FF00
00FF00
00FF00
00FF00
00FF00
00FF00
00FF00
00FF00
00FF00
00FF00
00FF00
00FF00
00FF00
00FF00
00FFFF
00FFFF
00FFFF
00FFFF
00FFFF
00FFFF
00FFFF
00FFFF
00FF00
00FF00
00FF00
00FF00
00FF00
00FF00
00FF00
00FF00
00FF00
00FF00
00FF00
00FF00
00FF00
00FF00
00FF00
00FF00
00FF00
00FF00
00FF00
00FF00
ENDCHAR
STARTCHAR BOX DRAWINGS LIGHT VERTICAL AND LEFT
ENCODING 9508
SWIDTH 1000 0
DWIDTH 24 0
BBX 24 48 0 -10
BITMAP
003C00
003C00
003C00
003C00
003C00
003C00
003C00
003C00
003C00
003C00
003C00
003C00
003C00
003C00
003C00
003C00
003C00
003C00
003C00
003C00
003C00
003C00
FFFC00
FFFC00
FFFC00
FFFC00
003C00
003C00
003C00
003C00
003C00
003C00
003C00
003C00
003C00
003C00
003C00
003C00
003C00
003C00
003C00
003C00
003C00
003C00
003C00
003C00
003C00
003C00
ENDCHAR
STARTCHAR BOX DRAWINGS VERTICAL LIGHT AND LEFT HEAVY
ENCODING 9509
SWIDTH 1000 0
DWIDTH 24 0
BBX 24 48 0 -10
BITMAP
003C00
003C00
003C00
003C00
003C00
003C00
003C00
003C00
003C00
003C00
003C00
003C00
003C00
003C00
003C00
003C00
003C00
003C00
003C00
003C00
FFFC00
FFFC00
FFFC00
FFFC00
FFFC00
FFFC00
FFFC00
FFFC00
003C00
003C00
003C00
003C00
003C00
003C00
003C00
003C00
003C00
003C00
003C00
003C00
003C00
003C00
003C00
003C00
003C00
003C00
003C00
003C00
ENDCHAR
STARTCHAR BOX DRAWINGS UP HEAVY AND LEFT DOWN LIGHT
ENCODING 9510
SWIDTH 1000 0
DWIDTH 24 0
BBX 24 48 0 -10
BITMAP
00FF00
00FF00
00FF00
00FF00
00FF00
00FF00
00FF00
00FF00
00FF00
00FF00
00FF00
00FF00
00FF00
00FF00
00FF00
00FF00
00FF00
00FF00
00FF00
00FF00
00FF00
00FF00
FFFF00
FFFF00
FFFF00
FFFF00
003C00
003C00
003C00
003C00
003C00
003C00
003C00
003C00
003C00
003C00
003C00
003C00
003C00
003C00
003C00
003C00
003C00
003C00
003C00
003C00
003C00
003C00
ENDCHAR
STARTCHAR BOX DRAWINGS DOWN HEAVY AND LEFT UP LIGHT
ENCODING 9511
SWIDTH 1000 0
DWIDTH 24 0
BBX 24 48 0 -10
BITMAP
003C00
003C00
003C00
003C00
003C00
003C00
003C00
003C00
003C00
003C00
003C00
003C00
003C00
003C00
003C00
003C00
003C00
003C00
003C00
003C00
003C00
003C00
FFFF00
FFFF00
FFFF00
FFFF00
00FF00
00FF00
00FF00
00FF00
00FF00
00FF00
00FF00
00FF00
00FF00
00FF00
00FF00
00FF00
00FF00
00FF00
00FF00
00FF00
00FF00
00FF00
00FF00
00FF00
00FF00
00FF00
ENDCHAR
STARTCHAR BOX DRAWINGS VERTICAL HEAVY AND LEFT LIGHT
ENCODING 9512
SWIDTH 1000 0
DWIDTH 24 0
BBX 24 48 0 -10
BITMAP
00FF00
00FF00
00FF00
00FF00
00FF00
00FF00
00FF00
00FF00
00FF00
00FF00
00FF00
00FF00
00FF00
00FF00
00FF00
00FF00
00FF00
00FF00
00FF00
00FF00
00FF00
00FF00
FFFF00
FFFF00
FFFF00
FFFF00
00FF00
00FF00
00FF00
00FF00
00FF00
00FF00
00FF00
00FF00
00FF00
00FF00
00FF00
00FF00
00FF00
00FF00
00FF00
00FF00
00FF00
00FF00
00FF00
00FF00
00FF00
00FF00
ENDCHAR
STARTCHAR BOX DRAWINGS DOWN LIGHT AND LEFT UP HEAVY
ENCODING 9513
SWIDTH 1000 0
DWIDTH 24 0
BBX 24 48 0 -10
BITMAP
00FF00
00FF00
00FF00
00FF00
00FF00
00FF00
00FF00
00FF00
00FF00
00FF00
00FF00
00FF00
00FF00
00FF00
00FF00
00FF00
00FF00
00FF00
00FF00
00FF00
FFFF00
FFFF00
FFFF00
FFFF00
FFFF00
FFFF00
FFFF00
FFFF00
003C00
003C00
003C00
003C00
003C00
003C00
003C00
003C00
003C00
003C00
003C00
003C00
003C00
003C00
003C00
003C00
003C00
003C00
003C00
003C00
ENDCHAR
STARTCHAR BOX DRAWINGS UP LIGHT AND LEFT DOWN HEAVY
ENCODING 9514
SWIDTH 1000 0
DWIDTH 24 0
BBX 24 48 0 -10
BITMAP
003C00
003C00
003C00
003C00
003C00
003C00
003C00
003C00
003C00
003C00
003C00
003C00
003C00
003C00
003C00
003C00
003C00
003C00
003C00
003C00
FFFF00
FFFF00
FFFF00
FFFF00
FFFF00
FFFF00
FFFF00
FFFF00
00FF00
00FF00
00FF00
00FF00
00FF00
00FF00
00FF00
00FF00
00FF00
00FF00
00FF00
00FF00
00FF00
00FF00
00FF00
00FF00
00FF00
00FF00
00FF00
00FF00
ENDCHAR
STARTCHAR BOX DRAWINGS HEAVY VERTICAL AND LEFT
ENCODING 9515
SWIDTH 1000 0
DWIDTH 24 0
BBX 24 48 0 -10
BITMAP
00FF00
00FF00
00FF00
00FF00
00FF00
00FF00
00FF00
00FF00
00FF00
00FF00
00FF00
00FF00
00FF00
00FF00
00FF00
00FF00
00FF00
00FF00
00FF00
00FF00
FFFF00
FFFF00
FFFF00
FFFF00
FFFF00
FFFF00
FFFF00
FFFF00
00FF00
00FF00
00FF00
00FF00
00FF00
00FF00
00FF00
00FF00
00FF00
00FF00
00FF00
00FF00
00FF00
00FF00
00FF00
00FF00
00FF00
00FF00
00FF00
00FF00
ENDCHAR
STARTCHAR BOX DRAWINGS LIGHT DOWN AND HORIZONTAL
ENCODING 9516
SWIDTH 1000 0
DWIDTH 24 0
BBX 24 48 0 -10
BITMAP
000000
000000
000000
000000
000000
000000
000000
000000
000000
000000
000000
000000
000000
000000
000000
000000
000000
000000
000000
000000
000000
000000
FFFFFF
FFFFFF
FFFFFF
FFFFFF
003C00
003C00
003C00
003C00
003C00
003C00
003C00
003C00
003C00
003C00
003C00
003C00
003C00
003C00
003C00
003C00
003C00
003C00
003C00
003C00
003C00
003C00
ENDCHAR
STARTCHAR BOX DRAWINGS LEFT HEAVY AND RIGHT DOWN LIGHT
ENCODING 9517
SWIDTH 1000 0
DWIDTH 24 0
BBX 24 48 0 -10
BITMAP
000000
000000
000000
000000
000000
000000
000000
000000
000000
000000
000000
000000
000000
000000
000000
000000
000000
000000
000000
000000
FFFC00
FFFC00
FFFFFF
FFFFFF
FFFFFF
FFFFFF
FFFC00
FFFC00
003C00
003C00
003C00
003C00
003C00
003C00
003C00
003C00
003C00
003C00
003C00
003C00
003C00
003C00
003C00
003C00
003C00
003C00
003C00
003C00
ENDCHAR
STARTCHAR BOX DRAWINGS RIGHT HEAVY AND LEFT DOWN LIGHT
ENCODING 9518
SWIDTH 1000 0
DWIDTH 24 0
BBX 24 48 0 -10
BITMAP
000000
000000
000000
000000
000000
000000
000000
000000
000000
000000
000000
000000
000000
000000
000000
000000
000000
000000
000000
000000
003FFF
003FFF
FFFFFF
FFFFFF
FFFFFF
FFFFFF
003FFF
003FFF
003C00
003C00
003C00
003C00
003C00
003C00
003C00
003C00
003C00
003C00
003C00
003C00
003C00
003C00
003C00
003C00
003C00
003C00
003C00
003C00
ENDCHAR
STARTCHAR BOX DRAWINGS DOWN LIGHT AND HORIZONTAL HEAVY
ENCODING 9519
SWIDTH 1000 0
DWIDTH 24 0
BBX 24 48 0 -10
BITMAP
000000
000000
000000
000000
000000
000000
000000
000000
000000
000000
000000
000000
000000
000000
000000
000000
000000
000000
000000
000000
FFFFFF
FFFFFF
FFFFFF
FFFFFF
FFFFFF
FFFFFF
FFFFFF
FFFFFF
003C00
003C00
003C00
003C00
003C00
003C00
003C00
003C00
003C00
003C00
003C00
003C00
003C00
003C00
003C00
003C00
003C00
003C00
003C00
003C00
ENDCHAR
STARTCHAR BOX DRAWINGS DOWN HEAVY AND HORIZONTAL LIGHT
ENCODING 9520
SWIDTH 1000 0
DWIDTH 24 0
BBX 24 48 0 -10
BITMAP
000000
000000
000000
000000
000000
000000
000000
000000
000000
000000
000000
000000
000000
000000
000000
000000
000000
000000
000000
000000
000000
000000
FFFFFF
FFFFFF
FFFFFF
FFFFFF
00FF00
00FF00
00FF00
00FF00
00FF00
00FF00
00FF00
00FF00
00FF00
00FF00
00FF00
00FF00
00FF00
00FF00
00FF00
00FF00
00FF00
00FF00
00FF00
00FF00
00FF00
00FF00
ENDCHAR
STARTCHAR BOX DRAWINGS RIGHT LIGHT AND LEFT DOWN HEAVY
ENCODING 9521
SWIDTH 1000 0
DWIDTH 24 0
BBX 24 48 0 -10
BITMAP
000000
000000
000000
000000
000000
000000
000000
000000
000000
000000
000000
000000
000000
000000
000000
000000
000000
000000
000000
000000
FFFF00
FFFF00
FFFFFF
FFFFFF
FFFFFF
FFFFFF
FFFF00
FFFF00
00FF00
00FF00
00FF00
00FF00
00FF00
00FF00
00FF00
00FF00
00FF00
00FF00
00FF00
00FF00
00FF00
00FF00
00FF00
00FF00
00FF00
00FF00
00FF00
00FF00
ENDCHAR
STARTCHAR BOX DRAWINGS LEFT LIGHT AND RIGHT DOWN HEAVY
ENCODING 9522
SWIDTH 1000 0
DWIDTH 24 0
BBX 24 48 0 -10
BITMAP
000000
000000
000000
000000
000000
000000
000000
000000
000000
000000
000000
000000
000000
000000
000000
000000
000000
000000
000000
000000
00FFFF
00FFFF
FFFFFF
FFFFFF
FFFFFF
FFFFFF
00FFFF
00FFFF
00FF00
00FF00
00FF00
00FF00
00FF00
00FF00
00FF00
00FF00
00FF00
00FF00
00FF00
00FF00
00FF00
00FF00
00FF00
00FF00
00FF00
00FF00
00FF00
00FF00
ENDCHAR
STARTCHAR BOX DRAWINGS HEAVY DOWN AND HORIZONTAL
ENCODING 9523
SWIDTH 1000 0
DWIDTH 24 0
BBX 24 48 0 -10
BITMAP
000000
000000
000000
000000
000000
000000
000000
000000
000000
000000
000000
000000
000000
000000
000000
000000
000000
000000
000000
000000
FFFFFF
FFFFFF
FFFFFF
FFFFFF
FFFFFF
FFFFFF
FFFFFF
FFFFFF
00FF00
00FF00
00FF00
00FF00
00FF00
00FF00
00FF00
00FF00
00FF00
00FF00
00FF00
00FF00
00FF00
00FF00
00FF00
00FF00
00FF00
00FF00
00FF00
00FF00
ENDCHAR
STARTCHAR BOX DRAWINGS LIGHT UP AND HORIZONTAL
ENCODING 9524
SWIDTH 1000 0
DWIDTH 24 0
BBX 24 48 0 -10
BITMAP
003C00
003C00
003C00
003C00
003C00
003C00
003C00
003C00
003C00
003C00
003C00
003C00
003C00
003C00
003C00
003C00
003C00
003C00
003C00
003C00
003C00
003C00
FFFFFF
FFFFFF
FFFFFF
FFFFFF
000000
000000
000000
000000
000000
000000
000000
000000
000000
000000
000000
000000
000000
000000
000000
000000
000000
000000
000000
000000
000000
000000
ENDCHAR
STARTCHAR BOX DRAWINGS LEFT HEAVY AND RIGHT UP LIGHT
ENCODING 9525
SWIDTH 1000 0
DWIDTH 24 0
BBX 24 48 0 -10
BITMAP
003C00
003C00
003C00
003C00
003C00
003C00
003C00
003C00
003C00
003C00
003C00
003C00
003C00
003C00
003C00
003C00
003C00
003C00
003C00
003C00
FFFC00
FFFC00
FFFFFF
FFFFFF
FFFFFF
FFFFFF
FFFC00
FFFC00
000000
000000
000000
000000
000000
000000
000000
000000
000000
000000
000000
000000
000000
000000
000000
000000
000000
000000
000000
000000
ENDCHAR
STARTCHAR BOX DRAWINGS RIGHT HEAVY AND LEFT UP LIGHT
ENCODING 9526
SWIDTH 1000 0
DWIDTH 24 0
BBX 24 48 0 -10
BITMAP
003C00
003C00
003C00
003C00
003C00
003C00
003C00
003C00
003C00
003C00
003C00
003C00
003C00
003C00
003C00
003C00
003C00
003C00
003C00
003C00
003FFF
003FFF
FFFFFF
FFFFFF
FFFFFF
FFFFFF
003FFF
003FFF
000000
000000
000000
000000
000000
000000
000000
000000
000000
000000
000000
000000
000000
000000
000000
000000
000000
000000
000000
000000
ENDCHAR
STARTCHAR BOX DRAWINGS UP LIGHT AND HORIZONTAL HEAVY
ENCODING 9527
SWIDTH 1000 0
DWIDTH 24 0
BBX 24 48 0 -10
BITMAP
003C00
003C00
003C00
003C00
003C00
003C00
003C00
003C00
003C00
003C00
003C00
003C00
003C00
003C00
003C00
003C00
003C00
003C00
003C00
003C00
FFFFFF
FFFFFF
FFFFFF
FFFFFF
FFFFFF
FFFFFF
FFFFFF
FFFFFF
000000
000000
000000
000000
000000
000000
000000
000000
000000
000000
000000
000000
000000
000000
000000
000000
000000
000000
000000
000000
ENDCHAR
STARTCHAR BOX DRAWINGS UP HEAVY AND HORIZONTAL LIGHT
ENCODING 9528
SWIDTH 1000 0
DWIDTH 24 0
BBX 24 48 0 -10
BITMAP
00FF00
00FF00
00FF00
00FF00
00FF00
00FF00
00FF00
00FF00
00FF00
00FF00
00FF00
00FF00
00FF00
00FF00
00FF00
00FF00
00FF00
00FF00
00FF00
00FF00
00FF00
00FF00
FFFFFF
FFFFFF
FFFFFF
FFFFFF
000000
000000
000000
000000
000000
000000
000000
000000
000000
000000
000000
000000
000000
000000
000000
000000
000000
000000
000000
000000
000000
000000
ENDCHAR
STARTCHAR BOX DRAWINGS RIGHT LIGHT AND LEFT UP HEAVY
ENCODING 9529
SWIDTH 1000 0
DWIDTH 24 0
BBX 24 48 0 -10
BITMAP
00FF00
00FF00
00FF00
00FF00
00FF00
00FF00
00FF00
00FF00
00FF00
00FF00
00FF00
00FF00
00FF00
00FF00
00FF00
00FF00
00FF00
00FF00
00FF00
00FF00
FFFF00
FFFF00
FFFFFF
FFFFFF
FFFFFF
FFFFFF
FFFF00
FFFF00
000000
000000
000000
000000
000000
000000
000000
000000
000000
000000
000000
000000
000000
000000
000000
000000
000000
000000
000000
000000
ENDCHAR
STARTCHAR BOX DRAWINGS LEFT LIGHT AND RIGHT UP HEAVY
ENCODING 9530
SWIDTH 1000 0
DWIDTH 24 0
BBX 24 48 0 -10
BITMAP
00FF00
00FF00
00FF00
00FF00
00FF00
00FF00
00FF00
00FF00
00FF00
00FF00
00FF00
00FF00
00FF00
00FF00
00FF00
00FF00
00FF00
00FF00
00FF00
00FF00
00FFFF
00FFFF
FFFFFF
FFFFFF
FFFFFF
FFFFFF
00FFFF
00FFFF
000000
000000
000000
000000
000000
000000
000000
000000
000000
000000
000000
000000
000000
000000
000000
000000
000000
000000
000000
000000
ENDCHAR
STARTCHAR BOX DRAWINGS HEAVY UP AND HORIZONTAL
ENCODING 9531
SWIDTH 1000 0
DWIDTH 24 0
BBX 24 48 0 -10
BITMAP
00FF00
00FF00
00FF00
00FF00
00FF00
00FF00
00FF00
00FF00
00FF00
00FF00
00FF00
00FF00
00FF00
00FF00
00FF00
00FF00
00FF00
00FF00
00FF00
00FF00
FFFFFF
FFFFFF
FFFFFF
FFFFFF
FFFFFF
FFFFFF
FFFFFF
FFFFFF
000000
000000
000000
000000
000000
000000
000000
000000
000000
000000
000000
000000
000000
000000
000000
000000
000000
000000
000000
000000
ENDCHAR
STARTCHAR BOX DRAWINGS LIGHT VERTICAL AND HORIZONTAL
ENCODING 9532
SWIDTH 1000 0
DWIDTH 24 0
BBX 24 48 0 -10
BITMAP
003C00
003C00
003C00
003C00
003C00
003C00
003C00
003C00
003C00
003C00
003C00
003C00
003C00
003C00
003C00
003C00
003C00
003C00
003C00
003C00
003C00
003C00
FFFFFF
FFFFFF
FFFFFF
FFFFFF
003C00
003C00
003C00
003C00
003C00
003C00
003C00
003C00
003C00
003C00
003C00
003C00
003C00
003C00
003C00
003C00
003C00
003C00
003C00
003C00
003C00
003C00
ENDCHAR
STARTCHAR BOX DRAWINGS LEFT HEAVY AND RIGHT VERTICAL LIGHT
ENCODING 9533
SWIDTH 1000 0
DWIDTH 24 0
BBX 24 48 0 -10
BITMAP
003C00
003C00
003C00
003C00
003C00
003C00
003C00
003C00
003C00
003C00
003C00
003C00
003C00
003C00
003C00
003C00
003C00
003C00
003C00
003C00
FFFC00
FFFC00
FFFFFF
FFFFFF
FFFFFF
FFFFFF
FFFC00
FFFC00
003C00
003C00
003C00
003C00
003C00
003C00
003C00
003C00
003C00
003C00
003C00
003C00
003C00
003C00
003C00
003C00
003C00
003C00
003C00
003C00
ENDCHAR
STARTCHAR BOX DRAWINGS RIGHT HEAVY AND LEFT VERTICAL LIGHT
ENCODING 9534
SWIDTH 1000 0
DWIDTH 24 0
BBX 24 48 0 -10
BITMAP
003C00
003C00
003C00
003C00
003C00
003C00
003C00
003C00
003C00
003C00
003C00
003C00
003C00
003C00
003C00
003C00
003C00
003C00
003C00
003C00
003FFF
003FFF
FFFFFF
FFFFFF
FFFFFF
FFFFFF
003FFF
003FFF
003C00
003C00
003C00
003C00
003C00
003C00
003C00
003C00
003C00
003C00
003C00
003C00
003C00
003C00
003C00
003C00
003C00
003C00
003C00
003C00
ENDCHAR
STARTCHAR BOX DRAWINGS VERTICAL LIGHT AND HORIZONTAL HEAVY
ENCODING 9535
SWIDTH 1000 0
DWIDTH 24 0
BBX 24 48 0 -10
BITMAP
003C00
003C00
003C00
003C00
003C00
003C00
003C00
003C00
003C00
003C00
003C00
003C00
003C00
003C00
003C00
003C00
003C00
003C00
003C00
003C00
FFFFFF
FFFFFF
FFFFFF
FFFFFF
FFFFFF
FFFFFF
FFFFFF
FFFFFF
003C00
003C00
003C00
003C00
003C00
003C00
003C00
003C00
003C00
003C00
003C00
003C00
003C00
003C00
003C00
003C00
003C00
003C00
003C00
003C00
ENDCHAR
STARTCHAR BOX DRAWINGS UP HEAVY AND DOWN HORIZONTAL LIGHT
ENCODING 9536
SWIDTH 1000 0
DWIDTH 24 0
BBX 24 48 0 -10
BITMAP
00FF00
00FF00
00FF00
00FF00
00FF00
00FF00
00FF00
00FF00
00FF00
00FF00
00FF00
00FF00
00FF00
00FF00
00FF00
00FF00
00FF00
00FF00
00FF00
00FF00
00FF00
00FF00
FFFFFF
FFFFFF
FFFFFF
FFFFFF
003C00
003C00
003C00
003C00
003C00
003C00
003C00
003C00
003C00
003C00
003C00
003C00
003C00
003C00
003C00
003C00
003C00
003C00
003C00
003C00
003C00
003C00
ENDCHAR
STARTCHAR BOX DRAWINGS DOWN HEAVY AND UP HORIZONTAL LIGHT
ENCODING 9537
SWIDTH 1000 0
DWIDTH 24 0
BBX 24 48 0 -10
BITMAP
003C00
003C00
003C00
003C00
003C00
003C00
003C00
003C00
003C00
003C00
003C00
003C00
003C00
003C00
003C00
003C00
003C00
003C00
003C00
003C00
003C00
003C00
FFFFFF
FFFFFF
FFFFFF
FFFFFF
00FF00
00FF00
00FF00
00FF00
00FF00
00FF00
00FF00
00FF00
00FF00
00FF00
00FF00
00FF00
00FF00
00FF00
00FF00
00FF00
00FF00
00FF00
00FF00
00FF00
00FF00
00FF00
ENDCHAR
STARTCHAR BOX DRAWINGS VERTICAL HEAVY AND HORIZONTAL LIGHT
ENCODING 9538
SWIDTH 1000 0
DWIDTH 24 0
BBX 24 48 0 -10
BITMAP
00FF00
00FF00
00FF00
00FF00
00FF00
00FF00
00FF00
00FF00
00FF00
00FF00
00FF00
00FF00
00FF00
00FF00
00FF00
00FF00
00FF00
00FF00
00FF00
00FF00
00FF00
00FF00
FFFFFF
FFFFFF
FFFFFF
FFFFFF
00FF00
00FF00
00FF00
00FF00
00FF00
00FF00
00FF00
00FF00
00FF00
00FF00
00FF00
00FF00
00FF00
00FF00
00FF00
00FF00
00FF00
00FF00
00FF00
00FF00
00FF00
00FF00
ENDCHAR
STARTCHAR BOX DRAWINGS LEFT UP HEAVY AND RIGHT DOWN LIGHT
ENCODING 9539
SWIDTH 1000 0
DWIDTH 24 0
BBX 24 48 0 -10
BITMAP
00FF00
00FF00
00FF00
00FF00
00FF00
00FF00
00FF00
00FF00
00FF00
00FF00
00FF00
00FF00
00FF00
00FF00
00FF00
00FF00
00FF00
00FF00
00FF00
00FF00
FFFF00
FFFF00
FFFFFF
FFFFFF
FFFFFF
FFFFFF
FFFC00
FFFC00
003C00
003C00
003C00
003C00
003C00
003C00
003C00
003C00
003C00
003C00
003C00
003C00
003C00
003C00
003C00
003C00
003C00
003C00
003C00
003C00
ENDCHAR
STARTCHAR BOX DRAWINGS RIGHT UP HEAVY AND LEFT DOWN LIGHT
ENCODING 9540
SWIDTH 1000 0
DWIDTH 24 0
BBX 24 48 0 -10
BITMAP
00FF00
00FF00
00FF00
00FF00
00FF00
00FF00
00FF00
00FF00
00FF00
00FF00
00FF00
00FF00
00FF00
00FF00
00FF00
00FF00
00FF00
00FF00
00FF00
00FF00
00FFFF
00FFFF
FFFFFF
FFFFFF
FFFFFF
FFFFFF
003FFF
003FFF
003C00
003C00
003C00
003C00
003C00
003C00
003C00
003C00
003C00
003C00
003C00
003C00
003C00
003C00
003C00
003C00
003C00
003C00
003C00
003C00
ENDCHAR
STARTCHAR BOX DRAWINGS LEFT DOWN HEAVY AND RIGHT UP LIGHT
ENCODING 9541
SWIDTH 1000 0
DWIDTH 24 0
BBX 24 48 0 -10
BITMAP
003C00
003C00
003C00
003C00
003C00
003C00
003C00
003C00
003C00
003C00
003C00
003C00
003C00
003C00
003C00
003C00
003C00
003C00
003C00
003C00
FFFC00
FFFC00
FFFFFF
FFFFFF
FFFFFF
FFFFFF
FFFF00
FFFF00
00FF00
00FF00
00FF00
00FF00
00FF00
00FF00
00FF00
00FF00
00FF00
00FF00
00FF00
00FF00
00FF00
00FF00
00FF00
00FF00
00FF00
00FF00
00FF00
00FF00
ENDCHAR
STARTCHAR BOX DRAWINGS RIGHT DOWN HEAVY AND LEFT UP LIGHT
ENCODING 9542
SWIDTH 1000 0
DWIDTH 24 0
BBX 24 48 0 -10
BITMAP
003C00
003C00
003C00
003C00
003C00
003C00
003C00
003C00
003C00
003C00
003C00
003C00
003C00
003C00
003C00
003C00
003C00
003C00
003C00
003C00
003FFF
003FFF
FFFFFF
FFFFFF
FFFFFF
FFFFFF
00FFFF
00FFFF
00FF00
00FF00
00FF00
00FF00
00FF00
00FF00
00FF00
00FF00
00FF00
00FF00
00FF00
00FF00
00FF00
00FF00
00FF00
00FF00
00FF00
00FF00
00FF00
00FF00
ENDCHAR
STARTCHAR BOX DRAWINGS DOWN LIGHT AND UP HORIZONTAL HEAVY
ENCODING 9543
SWIDTH 1000 0
DWIDTH 24 0
BBX 24 48 0 -10
BITMAP
00FF00
00FF00
00FF00
00FF00
00FF00
00FF00
00FF00
00FF00
00FF00
00FF00
00FF00
00FF00
00FF00
00FF00
00FF00
00FF00
00FF00
00FF00
00FF00
00FF00
FFFFFF
FFFFFF
FFFFFF
FFFFFF
FFFFFF
FFFFFF
FFFFFF
FFFFFF
003C00
003C00
003C00
003C00
003C00
003C00
003C00
003C00
003C00
003C00
003C00
003C00
003C00
003C00
003C00
003C00
003C00
003C00
003C00
003C00
ENDCHAR
STARTCHAR BOX DRAWINGS UP LIGHT AND DOWN HORIZONTAL HEAVY
ENCODING 9544
SWIDTH 1000 0
DWIDTH 24 0
BBX 24 48 0 -10
BITMAP
003C00
003C00
003C00
003C00
003C00
003C00
003C00
003C00
003C00
003C00
003C00
003C00
003C00
003C00
003C00
003C00
003C00
003C00
003C00
003C00
FFFFFF
FFFFFF
FFFFFF
FFFFFF
FFFFFF
FFFFFF
FFFFFF
FFFFFF
00FF00
00FF00
00FF00
00FF00
00FF00
00FF00
00FF00
00FF00
00FF00
00FF00
00FF00
00FF00
00FF00
00FF00
00FF00
00FF00
00FF00
00FF00
00FF00
00FF00
ENDCHAR
STARTCHAR BOX DRAWINGS RIGHT LIGHT AND LEFT VERTICAL HEAVY
ENCODING 9545
SWIDTH 1000 0
DWIDTH 24 0
BBX 24 48 0 -10
BITMAP
00FF00
00FF00
00FF00
00FF00
00FF00
00FF00
00FF00
00FF00
00FF00
00FF00
00FF00
00FF00
00FF00
00FF00
00FF00
00FF00
00FF00
00FF00
00FF00
00FF00
FFFF00
FFFF00
FFFFFF
FFFFFF
FFFFFF
FFFFFF
FFFF00
FFFF00
00FF00
00FF00
00FF00
00FF00
00FF00
00FF00
00FF00
00FF00
00FF00
00FF00
00FF00
00FF00
00FF00
00FF00
00FF00
00FF00
00FF00
00FF00
00FF00
00FF00
ENDCHAR
STARTCHAR BOX DRAWINGS LEFT LIGHT AND RIGHT VERTICAL HEAVY
ENCODING 9546
SWIDTH 1000 0
DWIDTH 24 0
BBX 24 48 0 -10
BITMAP
00FF00
00FF00
00FF00
00FF00
00FF00
00FF00
00FF00
00FF00
00FF00
00FF00
00FF00
00FF00
00FF00
00FF00
00FF00
00FF00
00FF00
00FF00
00FF00
00FF00
00FFFF
00FFFF
FFFFFF
FFFFFF
FFFFFF
FFFFFF
00FFFF
00FFFF
00FF00
00FF00
00FF00
00FF00
00FF00
00FF00
00FF00
00FF00
00FF00
00FF00
00FF00
00FF00
00FF00
00FF00
00FF00
00FF00
00FF00
00FF00
00FF00
00FF00
ENDCHAR
STARTCHAR BOX DRAWINGS HEAVY VERTICAL AND HORIZONTAL
ENCODING 9547
SWIDTH 1000 0
DWIDTH 24 0
BBX 24 48 0 -10
BITMAP
00FF00
00FF00
00FF00
00FF00
00FF00
00FF00
00FF00
00FF00
00FF00
00FF00
00FF00
00FF00
00FF00
00FF00
00FF00
00FF00
00FF00
00FF00
00FF00
00FF00
FFFFFF
FFFFFF
FFFFFF
FFFFFF
FFFFFF
FFFFFF
FFFFFF
FFFFFF
00FF00
00FF00
00FF00
00FF00
00FF00
00FF00
00FF00
00FF00
00FF00
00FF00
00FF00
00FF00
00FF00
00FF00
00FF00
00FF00
00FF00
00FF00
00FF00
00FF00
ENDCHAR
STARTCHAR BOX DRAWINGS LIGHT DOUBLE DASH HORIZONTAL
ENCODING 9548
SWIDTH 1000 0
DWIDTH 24 0
BBX 24 48 0 -10
BITMAP
000000
000000
000000
000000
000000
000000
000000
000000
000000
000000
000000
000000
000000
000000
000000
000000
000000
000000
000000
000000
000000
000000
3FC3FC
3FC3FC
3FC3FC
3FC3FC
000000
000000
000000
000000
000000
000000
000000
000000
000000
000000
000000
000000
000000
000000
000000
000000
000000
000000
000000
000000
000000
000000
ENDCHAR
STARTCHAR BOX DRAWINGS HEAVY DOUBLE DASH HORIZONTAL
ENCODING 9549
SWIDTH 1000 0
DWIDTH 24 0
BBX 24 48 0 -10
BITMAP
000000
000000
000000
000000
000000
000000
000000
000000
000000
000000
000000
000000
000000
000000
000000
000000
000000
000000
000000
000000
3FC3FC
3FC3FC
3FC3FC
3FC3FC
3FC3FC
3FC3FC
3FC3FC
3FC3FC
000000
000000
000000
000000
000000
000000
000000
000000
000000
000000
000000
000000
000000
000000
000000
000000
000000
000000
000000
000000
ENDCHAR
STARTCHAR BOX DRAWINGS LIGHT DOUBLE DASH VERTICAL
ENCODING 9550
SWIDTH 1000 0
DWIDTH 24 0
BBX 24 48 0 -10
BITMAP
000000
000000
003C00
003C00
003C00
003C00
003C00
003C00
003C00
003C00
003C00
003C00
003C00
003C00
003C00
003C00
003C00
003C00
003C00
003C00
003C00
003C00
000000
000000
000000
000000
003C00
003C00
003C00
003C00
003C00
003C00
003C00
003C00
003C00
003C00
003C00
003C00
003C00
003C00
003C00
003C00
003C00
003C00
003C00
003C00
000000
000000
ENDCHAR
STARTCHAR BOX DRAWINGS HEAVY DOUBLE DASH VERTICAL
ENCODING 9551
SWIDTH 1000 0
DWIDTH 24 0
BBX 24 48 0 -10
BITMAP
000000
000000
00FF00
00FF00
00FF00
00FF00
00FF00
00FF00
00FF00
00FF00
00FF00
00FF00
00FF00
00FF00
00FF00
00FF00
00FF00
00FF00
00FF00
00FF00
00FF00
00FF00
000000
000000
000000
000000
00FF00
00FF00
00FF00
00FF00
00FF00
00FF00
00FF00
00FF00
00FF00
00FF00
00FF00
00FF00
00FF00
00FF00
00FF00
00FF00
00FF00
00FF00
00FF00
00FF00
000000
000000
ENDCHAR
STARTCHAR BOX DRAWINGS DOUBLE HORIZONTAL
ENCODING 9552
SWIDTH 1000 0
DWIDTH 24 0
BBX 24 48 0 -10
BITMAP
000000
000000
000000
000000
000000
000000
000000
000000
000000
000000
000000
000000
000000
000000
000000
000000
000000
000000
FFFFFF
FFFFFF
FFFFFF
FFFFFF
000000
000000
000000
000000
FFFFFF
FFFFFF
FFFFFF
FFFFFF
000000
000000
000000
000000
000000
000000
000000
000000
000000
000000
000000
000000
000000
000000
000000
000000
000000
000000
ENDCHAR
STARTCHAR BOX DRAWINGS DOUBLE VERTICAL
ENCODING 9553
SWIDTH 1000 0
DWIDTH 24 0
BBX 24 48 0 -10
BITMAP
03C3C0
03C3C0
03C3C0
03C3C0
03C3C0
03C3C0
03C3C0
03C3C0
03C3C0
03C3C0
03C3C0
03C3C0
03C3C0
03C3C0
03C3C0
03C3C0
03C3C0
03C3C0
03C3C0
03C3C0
03C3C0
03C3C0
03C3C0
03C3C0
03C3C0
03C3C0
03C3C0
03C3C0
03C3C0
03C3C0
03C3C0
03C3C0
03C3C0
03C3C0
03C3C0
03C3C0
03C3C0
03C3C0
03C3C0
03C3C0
03C3C0
03C3C0
03C3C0
03C3C0
03C3C0
03C3C0
03C3C0
03C3C0
ENDCHAR
STARTCHAR BOX DRAWINGS DOWN SINGLE AND RIGHT DOUBLE
ENCODING 9554
SWIDTH 1000 0
DWIDTH 24 0
BBX 24 48 0 -10
BITMAP
000000
000000
000000
000000
000000
000000
000000
000000
000000
000000
000000
000000
000000
000000
000000
000000
000000
000000
003FFF
003FFF
003FFF
003FFF
003C00
003C00
003C00
003C00
003FFF
003FFF
003FFF
003FFF
003C00
003C00
003C00
003C00
003C00
003C00
003C00
003C00
003C00
003C00
003C00
003C00
003C00
003C00
003C00
003C00
003C00
003C00
ENDCHAR
STARTCHAR BOX DRAWINGS DOWN DOUBLE AND RIGHT SINGLE
ENCODING 9555
SWIDTH 1000 0
DWIDTH 24 0
BBX 24 48 0 -10
BITMAP
000000
000000
000000
000000
000000
000000
000000
000000
000000
000000
000000
000000
000000
000000
000000
000000
000000
000000
000000
000000
000000
000000
03FFFF
03FFFF
03FFFF
03FFFF
03C3C0
03C3C0
03C3C0
03C3C0
03C3C0
03C3C0
03C3C0
03C3C0
03C3C0
03C3C0
03C3C0
03C3C0
03C3C0
03C3C0
03C3C0
03C3C0
03C3C0
03C3C0
03C3C0
03C3C0
03C3C0
03C3C0
ENDCHAR
STARTCHAR BOX DRAWINGS DOUBLE DOWN AND RIGHT
ENCODING 9556
SWIDTH 1000 0
DWIDTH 24 0
BBX 24 48 0 -10
BITMAP
000000
000000
000000
000000
000000
000000
000000
000000
000000
000000
000000
000000
000000
000000
000000
000000
000000
000000
03FFFF
03FFFF
03FFFF
03FFFF
03C000
03C000
03C000
03C000
03C3FF
03C3FF
03C3FF
03C3FF
03C3C0
03C3C0
03C3C0
03C3C0
03C3C0
03C3C0
03C3C0
03C3C0
03C3C0
03C3C0
03C3C0
03C3C0
03C3C0
03C3C0
03C3C0
03C3C0
03C3C0
03C3C0
ENDCHAR
STARTCHAR BOX DRAWINGS DOWN SINGLE AND LEFT DOUBLE
ENCODING 9557
SWIDTH 1000 0
DWIDTH 24 0
BBX 24 48 0 -10
BITMAP
000000
000000
000000
000000
000000
000000
000000
000000
000000
000000
000000
000000
000000
000000
000000
000000
000000
000000
FFFC00
FFFC00
FFFC00
FFFC00
003C00
003C00
003C00
003C00
FFFC00
FFFC00
FFFC00
FFFC00
003C00
003C00
003C00
003C00
003C00
003C00
003C00
003C00
003C00
003C00
003C00
003C00
003C00
003C00
003C00
003C00
003C00
003C00
ENDCHAR
STARTCHAR BOX DRAWINGS DOWN DOUBLE AND LEFT SINGLE
ENCODING 9558
SWIDTH 1000 0
DWIDTH 24 0
BBX 24 48 0 -10
BITMAP
000000
000000
000000
000000
000000
000000
000000
000000
000000
000000
000000
000000
000000
000000
000000
000000
000000
000000
000000
000000
000000
000000
FFFFC0
FFFFC0
FFFFC0
FFFFC0
03C3C0
03C3C0
03C3C0
03C3C0
03C3C0
03C3C0
03C3C0
03C3C0
03C3C0
03C3C0
03C3C0
03C3C0
03C3C0
03C3C0
03C3C0
03C3C0
03C3C0
03C3C0
03C3C0
03C3C0
03C3C0
03C3C0
ENDCHAR
STARTCHAR BOX DRAWINGS DOUBLE DOWN AND LEFT
ENCODING 9559
SWIDTH 1000 0
DWIDTH 24 0
BBX 24 48 0 -10
BITMAP
000000
000000
000000
000000
000000
000000
000000
000000
000000
000000
000000
000000
000000
000000
000000
000000
000000
000000
FFFFC0
FFFFC0
FFFFC0
FFFFC0
0003C0
0003C0
0003C0
0003C0
FFC3C0
FFC3C0
FFC3C0
FFC3C0
03C3C0
03C3C0
03C3C0
03C3C0
03C3C0
03C3C0
03C3C0
03C3C0
03C3C0
03C3C0
03C3C0
03C3C0
03C3C0
03C3C0
03C3C0
03C3C0
03C3C0
03C3C0
ENDCHAR
STARTCHAR BOX DRAWINGS UP SINGLE AND RIGHT DOUBLE
ENCODING 9560
SWIDTH 1000 0
DWIDTH 24 0
BBX 24 48 0 -10
BITMAP
003C00
003C00
003C00
003C00
003C00
003C00
003C00
003C00
003C00
003C00
003C00
003C00
003C00
003C00
003C00
003C00
003C00
003C00
003FFF
003FFF
003FFF
003FFF
003C00
003C00
003C00
003C00
003FFF
003FFF
003FFF
003FFF
000000
000000
000000
000000
000000
000000
000000
000000
000000
000000
000000
000000
000000
000000
000000
000000
000000
000000
ENDCHAR
STARTCHAR BOX DRAWINGS UP DOUBLE AND RIGHT SINGLE
ENCODING 9561
SWIDTH 1000 0
DWIDTH 24 0
BBX 24 48 0 -10
BITMAP
03C3C0
03C3C0
03C3C0
03C3C0
03C3C0
03C3C0
03C3C0
03C3C0
03C3C0
03C3C0
03C3C0
03C3C0
03C3C0
03C3C0
03C3C0
03C3C0
03C3C0
03C3C0
03C3C0
03C3C0
03C3C0
03C3C0
03FFFF
03FFFF
03FFFF
03FFFF
000000
000000
000000
000000
000000
000000
000000
000000
000000
000000
000000
000000
000000
000000
000000
000000
000000
000000
000000
000000
000000
000000
ENDCHAR
STARTCHAR BOX DRAWINGS DOUBLE UP AND RIGHT
ENCODING 9562
SWIDTH 1000 0
DWIDTH 24 0
BBX 24 48 0 -10
BITMAP
03C3C0
03C3C0
03C3C0
03C3C0
03C3C0
03C3C0
03C3C0
03C3C0
03C3C0
03C3C0
03C3C0
03C3C0
03C3C0
03C3C0
03C3C0
03C3C0
03C3C0
03C3C0
03C3FF
03C3FF
03C3FF
03C3FF
03C000
03C000
03C000
03C000
03FFFF
03FFFF
03FFFF
03FFFF
000000
000000
000000
000000
000000
000000
000000
000000
000000
000000
000000
000000
000000
000000
000000
000000
000000
000000
ENDCHAR
STARTCHAR BOX DRAWINGS UP SINGLE AND LEFT DOUBLE
ENCODING 9563
SWIDTH 1000 0
DWIDTH 24 0
BBX 24 48 0 -10
BITMAP
003C00
003C00
003C00
003C00
003C00
003C00
003C00
003C00
003C00
003C00
003C00
003C00
003C00
003C00
003C00
003C00
003C00
003C00
FFFC00
FFFC00
FFFC00
FFFC00
003C00
003C00
003C00
003C00
FFFC00
FFFC00
FFFC00
FFFC00
000000
000000
000000
000000
000000
000000
000000
000000
000000
000000
000000
000000
000000
000000
000000
000000
000000
000000
ENDCHAR
STARTCHAR BOX DRAWINGS UP DOUBLE AND LEFT SINGLE
ENCODING 9564
SWIDTH 1000 0
DWIDTH 24 0
BBX 24 48 0 -10
BITMAP
03C3C0
03C3C0
03C3C0
03C3C0
03C3C0
03C3C0
03C3C0
03C3C0
03C3C0
03C3C0
03C3C0
03C3C0
03C3C0
03C3C0
03C3C0
03C3C0
03C3C0
03C3C0
03C3C0
03C3C0
03C3C0
03C3C0
FFFFC0
FFFFC0
FFFFC0
FFFFC0
000000
000000
000000
000000
000000
000000
000000
000000
000000
000000
000000
000000
000000
000000
000000
000000
000000
000000
000000
000000
000000
000000
ENDCHAR
STARTCHAR BOX DRAWINGS DOUBLE UP AND LEFT
ENCODING 9565
SWIDTH 1000 0
DWIDTH 24 0
BBX 24 48 0 -10
BITMAP
03C3C0
03C3C0
03C3C0
03C3C0
03C3C0
03C3C0
03C3C0
03C3C0
03C3C0
03C3C0
03C3C0
03C3C0
03C3C0
03C3C0
03C3C0
03C3C0
03C3C0
03C3C0
FFC3C0
FFC3C0
FFC3C0
FFC3C0
0003C0
0003C0
0003C0
0003C0
FFFFC0
FFFFC0
FFFFC0
FFFFC0
000000
000000
000000
000000
000000
000000
000000
000000
000000
000000
000000
000000
000000
000000
000000
000000
000000
000000
ENDCHAR
STARTCHAR BOX DRAWINGS VERTICAL SINGLE AND RIGHT DOUBLE
ENCODING 9566
SWIDTH 1000 0
DWIDTH 24 0
BBX 24 48 0 -10
BITMAP
003C00
003C00
003C00
003C00
003C00
003C00
003C00
003C00
003C00
003C00
003C00
003C00
003C00
003C00
003C00
003C00
003C00
003C00
003FFF
003FFF
003FFF
003FFF
003C00
003C00
003C00
003C00
003FFF
003FFF
003FFF
003FFF
003C00
003C00
003C00
003C00
003C00
003C00
003C00
003C00
003C00
003C00
003C00
003C00
003C00
003C00
003C00
003C00
003C00
003C00
ENDCHAR
STARTCHAR BOX DRAWINGS VERTICAL DOUBLE AND RIGHT SINGLE
ENCODING 9567
SWIDTH 1000 0
DWIDTH 24 0
BBX 24 48 0 -10
BITMAP
03C3C0
03C3C0
03C3C0
03C3C0
03C3C0
03C3C0
03C3C0
03C3C0
03C3C0
03C3C0
03C3C0
03C3C0
03C3C0
03C3C0
03C3C0
03C3C0
03C3C0
03C3C0
03C3C0
03C3C0
03C3C0
03C3C0
03C3FF
03C3FF
03C3FF
03C3FF
03C3C0
03C3C0
03C3C0
03C3C0
03C3C0
03C3C0
03C3C0
03C3C0
03C3C0
03C3C0
03C3C0
03C3C0
03C3C0
03C3C0
03C3C0
03C3C0
03C3C0
03C3C0
03C3C0
03C3C0
03C3C0
03C3C0
ENDCHAR
STARTCHAR BOX DRAWINGS DOUBLE VERTICAL AND RIGHT
ENCODING 9568
SWIDTH 1000 0
DWIDTH 24 0
BBX 24 48 0 -10
BITMAP
03C3C0
03C3C0
03C3C0
03C3C0
03C3C0
03C3C0
03C3C0
03C3C0
03C3C0
03C3C0
03C3C0
03C3C0
03C3C0
03C3C0
03C3C0
03C3C0
03C3C0
03C3C0
03C3FF
03C3FF
03C3FF
03C3FF
03C000
03C000
03C000
03C000
03C3FF
03C3FF
03C3FF
03C3FF
03C3C0
03C3C0
03C3C0
03C3C0
03C3C0
03C3C0
03C3C0
03C3C0
03C3C0
03C3C0
03C3C0
03C3C0
03C3C0
03C3C0
03C3C0
03C3C0
03C3C0
03C3C0
ENDCHAR
STARTCHAR BOX DRAWINGS VERTICAL SINGLE AND LEFT DOUBLE
ENCODING 9569
SWIDTH 1000 0
DWIDTH 24 0
BBX 24 48 0 -10
BITMAP
003C00
003C00
003C00
003C00
003C00
003C00
003C00
003C00
003C00
003C00
003C00
003C00
003C00
003C00
003C00
003C00
003C00
003C00
FFFC00
FFFC00
FFFC00
FFFC00
003C00
003C00
003C00
003C00
FFFC00
FFFC00
FFFC00
FFFC00
003C00
003C00
003C00
003C00
003C00
003C00
003C00
003C00
003C00
003C00
003C00
003C00
003C00
003C00
003C00
003C00
003C00
003C00
ENDCHAR
STARTCHAR BOX DRAWINGS VERTICAL DOUBLE AND LEFT SINGLE
ENCODING 9570
SWIDTH 1000 0
DWIDTH 24 0
BBX 24 48 0 -10
BITMAP
03C3C0
03C3C0
03C3C0
03C3C0
03C3C0
03C3C0
03C3C0
03C3C0
03C3C0
03C3C0
03C3C0
03C3C0
03C3C0
03C3C0
03C3C0
03C3C0
03C3C0
03C3C0
03C3C0
03C3C0
03C3C0
03C3C0
FFC3C0
FFC3C0
FFC3C0
FFC3C0
03C3C0
03C3C0
03C3C0
03C3C0
03C3C0
03C3C0
03C3C0
03C3C0
03C3C0
03C3C0
03C3C0
03C3C0
03C3C0
03C3C0
03C3C0
03C3C0
03C3C0
03C3C0
03C3C0
03C3C0
03C3C0
03C3C0
ENDCHAR
STARTCHAR BOX DRAWINGS DOUBLE VERTICAL AND LEFT
ENCODING 9571
SWIDTH 1000 0
DWIDTH 24 0
BBX 24 48 0 -10
BITMAP
03C3C0
03C3C0
03C3C0
03C3C0
03C3C0
03C3C0
03C3C0
03C3C0
03C3C0
03C3C0
03C3C0
03C3C0
03C3C0
03C3C0
03C3C0
03C3C0
03C3C0
03C3C0
FFC3C0
FFC3C0
FFC3C0
FFC3C0
0003C0
0003C0
0003C0
0003C0
FFC3C0
FFC3C0
FFC3C0
FFC3C0
03C3C0
03C3C0
03C3C0
03C3C0
03C3C0
03C3C0
03C3C0
03C3C0
03C3C0
03C3C0
03C3C0
03C3C0
03C3C0
03C3C0
03C3C0
03C3C0
03C3C0
03C3C0
ENDCHAR
STARTCHAR BOX DRAWINGS DOWN SINGLE AND HORIZONTAL DOUBLE
ENCODING 9572
SWIDTH 1000 0
DWIDTH 24 0
BBX 24 48 0 -10
BITMAP
000000
000000
000000
000000
000000
000000
000000
000000
000000
000000
000000
000000
000000
000000
000000
000000
000000
000000
FFFFFF
FFFFFF
FFFFFF
FFFFFF
000000
000000
000000
000000
FFFFFF
FFFFFF
FFFFFF
FFFFFF
003C00
003C00
003C00
003C00
003C00
003C00
003C00
003C00
003C00
003C00
003C00
003C00
003C00
003C00
003C00
003C00
003C00
003C00
ENDCHAR
STARTCHAR BOX DRAWINGS DOWN DOUBLE AND HORIZONTAL SINGLE
ENCODING 9573
SWIDTH 1000 0
DWIDTH 24 0
BBX 24 48 0 -10
BITMAP
000000
000000
000000
000000
000000
000000
000000
000000
000000
000000
000000
000000
000000
000000
000000
000000
000000
000000
000000
000000
000000
000000
FFFFFF
FFFFFF
FFFFFF
FFFFFF
03C3C0
03C3C0
03C3C0
03C3C0
03C3C0
03C3C0
03C3C0
03C3C0
03C3C0
03C3C0
03C3C0
03C3C0
03C3C0
03C3C0
03C3C0
03C3C0
03C3C0
03C3C0
03C3C0
03C3C0
03C3C0
03C3C0
ENDCHAR
STARTCHAR BOX DRAWINGS DOUBLE DOWN AND HORIZONTAL
ENCODING 9574
SWIDTH 1000 0
DWIDTH 24 0
BBX 24 48 0 -10
BITMAP
000000
000000
000000
000000
000000
000000
000000
000000
000000
000000
000000
000000
000000
000000
000000
000000
000000
000000
FFFFFF
FFFFFF
FFFFFF
FFFFFF
000000
000000
000000
000000
FFC3FF
FFC3FF
FFC3FF
FFC3FF
03C3C0
03C3C0
03C3C0
03C3C0
03C3C0
03C3C0
03C3C0
03C3C0
03C3C0
03C3C0
03C3C0
03C3C0
03C3C0
03C3C0
03C3C0
03C3C0
03C3C0
03C3C0
ENDCHAR
STARTCHAR BOX DRAWINGS UP SINGLE AND HORIZONTAL DOUBLE
ENCODING 9575
SWIDTH 1000 0
DWIDTH 24 0
BBX 24 48 0 -10
BITMAP
003C00
003C00
003C00
003C00
003C00
003C00
003C00
003C00
003C00
003C00
003C00
003C00
003C00
003C00
003C00
003C00
003C00
003C00
FFFFFF
FFFFFF
FFFFFF
FFFFFF
000000
000000
000000
000000
FFFFFF
FFFFFF
FFFFFF
FFFFFF
000000
000000
000000
000000
000000
000000
000000
000000
000000
000000
000000
000000
000000
000000
000000
000000
000000
000000
ENDCHAR
STARTCHAR BOX DRAWINGS UP DOUBLE AND HORIZONTAL SINGLE
ENCODING 9576
SWIDTH 1000 0
DWIDTH 24 0
BBX 24 48 0 -10
BITMAP
03C3C0
03C3C0
03C3C0
03C3C0
03C3C0
03C3C0
03C3C0
03C3C0
03C3C0
03C3C0
03C3C0
03C3C0
03C3C0
03C3C0
03C3C0
03C3C0
03C3C0
03C3C0
03C3C0
03C3C0
03C3C0
03C3C0
FFFFFF
FFFFFF
FFFFFF
FFFFFF
000000
000000
000000
000000
000000
000000
000000
000000
000000
000000
000000
000000
000000
000000
000000
000000
000000
000000
000000
000000
000000
000000
ENDCHAR
STARTCHAR BOX DRAWINGS DOUBLE UP AND HORIZONTAL
ENCODING 9577
SWIDTH 1000 0
DWIDTH 24 0
BBX 24 48 0 -10
BITMAP
03C3C0
03C3C0
03C3C0
03C3C0
03C3C0
03C3C0
03C3C0
03C3C0
03C3C0
03C3C0
03C3C0
03C3C0
03C3C0
03C3C0
03C3C0
03C3C0
03C3C0
03C3C0
FFC3FF
FFC3FF
FFC3FF
FFC3FF
000000
000000
000000
000000
FFFFFF
FFFFFF
FFFFFF
FFFFFF
000000
000000
000000
000000
000000
000000
000000
000000
000000
000000
000000
000000
000000
000000
000000
000000
000000
000000
ENDCHAR
STARTCHAR BOX DRAWINGS VERTICAL SINGLE AND HORIZONTAL DOUBLE
ENCODING 9578
SWIDTH 1000 0
DWIDTH 24 0
BBX 24 48 0 -10
BITMAP
003C00
003C00
003C00
003C00
003C00
003C00
003C00
003C00
003C00
003C00
003C00
003C00
003C00
003C00
003C00
003C00
003C00
003C00
FFFFFF
FFFFFF
FFFFFF
FFFFFF
003C00
003C00
003C00
003C00
FFFFFF
FFFFFF
FFFFFF
FFFFFF
003C00
003C00
003C00
003C00
003C00
003C00
003C00
003C00
003C00
003C00
003C00
003C00
003C00
003C00
003C00
003C00
003C00
003C00
ENDCHAR
STARTCHAR BOX DRAWINGS VERTICAL DOUBLE AND HORIZONTAL SINGLE
ENCODING 9579
SWIDTH 1000 0
DWIDTH 24 0
BBX 24 48 0 -10
BITMAP
03C3C0
03C3C0
03C3C0
03C3C0
03C3C0
03C3C0
03C3C0
03C3C0
03C3C0
03C3C0
03C3C0
03C3C0
03C3C0
03C3C0
03C3C0
03C3C0
03C3C0
03C3C0
03C3C0
03C3C0
03C3C0
03C3C0
FFFFFF
FFFFFF
FFFFFF
FFFFFF
03C3C0
03C3C0
03C3C0
03C3C0
03C3C0
03C3C0
03C3C0
03C3C0
03C3C0
03C3C0
03C3C0
03C3C0
03C3C0
03C3C0
03C3C0
03C3C0
03C3C0
03C3C0
03C3C0
03C3C0
03C3C0
03C3C0
ENDCHAR
STARTCHAR BOX DRAWINGS DOUBLE VERTICAL AND HORIZONTAL
ENCODING 9580
SWIDTH 1000 0
DWIDTH 24 0
BBX 24 48 0 -10
BITMAP
03C3C0
03C3C0
03C3C0
03C3C0
03C3C0
03C3C0
03C3C0
03C3C0
03C3C0
03C3C0
03C3C0
03C3C0
03C3C0
03C3C0
03C3C0
03C3C0
03C3C0
03C3C0
FFC3FF
FFC3FF
FFC3FF
FFC3FF
000000
000000
000000
000000
FFC3FF
FFC3FF
FFC3FF
FFC3FF
03C3C0
03C3C0
03C3C0
03C3C0
03C3C0
03C3C0
03C3C0
03C3C0
03C3C0
03C3C0
03C3C0
03C3C0
03C3C0
03C3C0
03C3C0
03C3C0
03C3C0
03C3C0
ENDCHAR
STARTCHAR BOX DRAWINGS LIGHT ARC DOWN AND RIGHT
ENCODING 9581
SWIDTH 1000 0
DWIDTH 24 0
BBX 24 48 0 -10
BITMAP
000000
000000
000000
000000
000000
000000
000000
000000
000000
000000
000000
000000
000000
000000
000000
000000
000000
000000
000000
000000
000000
000000
0003FF
0003FF
000FFF
000FFF
003F00
003F00
003C00
003C00
003C00
003C00
003C00
003C00
003C00
003C00
003C00
003C00
003C00
003C00
003C00
003C00
003C00
003C00
003C00
003C00
003C00
003C00
ENDCHAR
STARTCHAR BOX DRAWINGS LIGHT ARC DOWN AND LEFT
ENCODING 9582
SWIDTH 1000 0
DWIDTH 24 0
BBX 24 48 0 -10
BITMAP
000000
000000
000000
000000
000000
000000
000000
000000
000000
000000
000000
000000
000000
000000
000000
000000
000000
000000
000000
000000
000000
000000
FFC000
FFC000
FFF000
FFF000
00FC00
00FC00
003C00
003C00
003C00
003C00
003C00
003C00
003C00
003C00
003C00
003C00
003C00
003C00
003C00
003C00
003C00
003C00
003C00
003C00
003C00
003C00
ENDCHAR
STARTCHAR BOX DRAWINGS LIGHT ARC UP AND LEFT
ENCODING 9583
SWIDTH 1000 0
DWIDTH 24 0
BBX 24 48 0 -10
BITMAP
003C00
003C00
003C00
003C00
003C00
003C00
003C00
003C00
003C00
003C00
003C00
003C00
003C00
003C00
003C00
003C00
003C00
003C00
003C00
003C00
00FC00
00FC00
FFF000
FFF000
FFC000
FFC000
000000
000000
000000
000000
000000
000000
000000
000000
000000
000000
000000
000000
000000
000000
000000
000000
000000
000000
000000
000000
000000
000000
ENDCHAR
STARTCHAR BOX DRAWINGS LIGHT ARC UP AND RIGHT
ENCODING 9584
SWIDTH 1000 0
DWIDTH 24 0
BBX 24 48 0 -10
BITMAP
003C00
003C00
003C00
003C00
003C00
003C00
003C00
003C00
003C00
003C00
003C00
003C00
003C00
003C00
003C00
003C00
003C00
003C00
003C00
003C00
003F00
003F00
000FFF
000FFF
0003FF
0003FF
000000
000000
000000
000000
000000
000000
000000
000000
000000
000000
000000
000000
000000
000000
000000
000000
000000
000000
000000
000000
000000
000000
ENDCHAR
STARTCHAR BOX DRAWINGS LIGHT DIAGONAL UPPER RIGHT TO LOWER LEFT
ENCODING 9585
SWIDTH 1000 0
DWIDTH 24 0
BBX 24 48 0 -10
BITMAP
000003
000003
00000F
00000F
00000F
00000F
00003C
00003C
00003C
00003C
0000F0
0000F0
0000F0
0000F0
0003C0
0003C0
0003C0
0003C0
000F00
000F00
000F00
000F00
003C00
003C00
003C00
003C00
00F000
00F000
00F000
00F000
03C000
03C000
03C000
03C000
0F0000
0F0000
0F0000
0F0000
3C0000
3C0000
3C0000
3C0000
F00000
F00000
F00000
F00000
C00000
C00000
ENDCHAR
STARTCHAR BOX DRAWINGS LIGHT DIAGONAL UPPER LEFT TO LOWER RIGHT
ENCODING 9586
SWIDTH 1000 0
DWIDTH 24 0
BBX 24 48 0 -10
BITMAP
C00000
C00000
F00000
F00000
F00000
F00000
3C0000
3C0000
3C0000
3C0000
0F0000
0F0000
0F0000
0F0000
03C000
03C000
03C000
03C000
00F000
00F000
00F000
00F000
003C00
003C00
003C00
003C00
000F00
000F00
000F00
000F00
0003C0
0003C0
0003C0
0003C0
0000F0
0000F0
0000F0
0000F0
00003C
00003C
00003C
00003C
00000F
00000F
00000F
00000F
000003
000003
ENDCHAR
STARTCHAR BOX DRAWINGS LIGHT DIAGONAL CROSS
ENCODING 9587
SWIDTH 1000 0
DWIDTH 24 0
BBX 24 48 0 -10
BITMAP
C00003
C00003
F0000F
F0000F
F0000F
F0000F
3C003C
3C003C
3C003C
3C003C
0F00F0
0F00F0
0F00F0
0F00F0
03C3C0
03C3C0
03C3C0
03C3C0
00FF00
00FF00
00FF00
00FF00
003C00
003C00
003C00
003C00
00FF00
00FF00
00FF00
00FF00
03C3C0
03C3C0
03C3C0
03C3C0
0F00F0
0F00F0
0F00F0
0F00F0
3C003C
3C003C
3C003C
3C003C
F0000F
F0000F
F0000F
F0000F
C00003
C00003
ENDCHAR
STARTCHAR BOX DRAWINGS LIGHT LEFT
ENCODING 9588
SWIDTH 1000 0
DWIDTH 24 0
BBX 24 48 0 -10
BITMAP
000000
000000
000000
000000
000000
000000
000000
000000
000000
000000
000000
000000
000000
000000
000000
000000
000000
000000
000000
000000
000000
000000
FFF000
FFF000
FFF000
FFF000
000000
000000
000000
000000
000000
000000
000000
000000
000000
000000
000000
000000
000000
000000
000000
000000
000000
000000
000000
000000
000000
000000
ENDCHAR
STARTCHAR BOX DRAWINGS LIGHT UP
ENCODING 9589
SWIDTH 1000 0
DWIDTH 24 0
BBX 24 48 0 -10
BITMAP
003C00
003C00
003C00
003C00
003C00
003C00
003C00
003C00
003C00
003C00
003C00
003C00
003C00
003C00
003C00
003C00
003C00
003C00
003C00
003C00
003C00
003C00
003C00
003C00
000000
000000
000000
000000
000000
000000
000000
000000
000000
000000
000000
000000
000000
000000
000000
000000
000000
000000
000000
000000
000000
000000
000000
000000
ENDCHAR
STARTCHAR BOX DRAWINGS LIGHT RIGHT
ENCODING 9590
SWIDTH 1000 0
DWIDTH 24 0
BBX 24 48 0 -10
BITMAP
000000
000000
000000
000000
000000
000000
000000
000000
000000
000000
000000
000000
000000
000000
000000
000000
000000
000000
000000
000000
000000
000000
000FFF
000FFF
000FFF
000FFF
000000
000000
000000
000000
000000
000000
000000
000000
000000
000000
000000
000000
000000
000000
000000
000000
000000
000000
000000
000000
000000
000000
ENDCHAR
STARTCHAR BOX DRAWINGS LIGHT DOWN
ENCODING 9591
SWIDTH 1000 0
DWIDTH 24 0
BBX 24 48 0 -10
BITMAP
000000
000000
000000
000000
000000
000000
000000
000000
000000
000000
000000
000000
000000
000000
000000
000000
000000
000000
000000
000000
000000
000000
000000
000000
003C00
003C00
003C00
003C00
003C00
003C00
003C00
003C00
003C00
003C00
003C00
003C00
003C00
003C00
003C00
003C00
003C00
003C00
003C00
003C00
003C00
003C00
003C00
003C00
ENDCHAR
STARTCHAR BOX DRAWINGS HEAVY LEFT
ENCODING 9592
SWIDTH 1000 0
DWIDTH 24 0
BBX 24 48 0 -10
BITMAP
000000
000000
000000
000000
000000
000000
000000
000000
000000
000000
000000
000000
000000
000000
000000
000000
000000
000000
000000
000000
FFF000
FFF000
FFF000
FFF000
FFF000
FFF000
FFF000
FFF000
000000
000000
000000
000000
000000
000000
000000
000000
000000
000000
000000
000000
000000
000000
000000
000000
000000
000000
000000
000000
ENDCHAR
STARTCHAR BOX DRAWINGS HEAVY UP
ENCODING 9593
SWIDTH 1000 0
DWIDTH 24 0
BBX 24 48 0 -10
BITMAP
00FF00
00FF00
00FF00
00FF00
00FF00
00FF00
00FF00
00FF00
00FF00
00FF00
00FF00
00FF00
00FF00
00FF00
00FF00
00FF00
00FF00
00FF00
00FF00
00FF00
00FF00
00FF00
00FF00
00FF00
000000
000000
000000
000000
000000
000000
000000
000000
000000
000000
000000
000000
000000
000000
000000
000000
000000
000000
000000
000000
000000
000000
000000
000000
ENDCHAR
STARTCHAR BOX DRAWINGS HEAVY RIGHT
ENCODING 9594
SWIDTH 1000 0
DWIDTH 24 0
BBX 24 48 0 -10
BITMAP
000000
000000
000000
000000
000000
000000
000000
000000
000000
000000
000000
000000
000000
000000
000000
000000
000000
000000
000000
000000
000FFF
000FFF
000FFF
000FFF
000FFF
000FFF
000FFF
000FFF
000000
000000
000000
000000
000000
000000
000000
000000
000000
000000
000000
000000
000000
000000
000000
000000
000000
000000
000000
000000
ENDCHAR
STARTCHAR BOX DRAWINGS HEAVY DOWN
ENCODING 9595
SWIDTH 1000 0
DWIDTH 24 0
BBX 24 48 0 -10
BITMAP
000000
000000
000000
000000
000000
000000
000000
000000
000000
000000
000000
000000
000000
000000
000000
000000
000000
000000
000000
000000
000000
000000
000000
000000
00FF00
00FF00
00FF00
00FF00
00FF00
00FF00
00FF00
00FF00
00FF00
00FF00
00FF00
00FF00
00FF00
00FF00
00FF00
00FF00
00FF00
00FF00
00FF00
00FF00
00FF00
00FF00
00FF00
00FF00
ENDCHAR
STARTCHAR BOX DRAWINGS LIGHT LEFT AND HEAVY RIGHT
ENCODING 9596
SWIDTH 1000 0
DWIDTH 24 0
BBX 24 48 0 -10
BITMAP
000000
000000
000000
000000
000000
000000
000000
000000
000000
000000
000000
000000
000000
000000
000000
000000
000000
000000
000000
000000
000FFF
000FFF
FFFFFF
FFFFFF
FFFFFF
FFFFFF
000FFF
000FFF
000000
000000
000000
000000
000000
000000
000000
000000
000000
000000
000000
000000
000000
000000
000000
000000
000000
000000
000000
000000
ENDCHAR
STARTCHAR BOX DRAWINGS LIGHT UP AND HEAVY DOWN
ENCODING 9597
SWIDTH 1000 0
DWIDTH 24 0
BBX 24 48 0 -10
BITMAP
003C00
003C00
003C00
003C00
003C00
003C00
003C00
003C00
003C00
003C00
003C00
003C00
003C00
003C00
003C00
003C00
003C00
003C00
003C00
003C00
003C00
003C00
003C00
003C00
00FF00
00FF00
00FF00
00FF00
00FF00
00FF00
00FF00
00FF00
00FF00
00FF00
00FF00
00FF00
00FF00
00FF00
00FF00
00FF00
00FF00
00FF00
00FF00
00FF00
00FF00
00FF00
00FF00
00FF00
ENDCHAR
STARTCHAR BOX DRAWINGS HEAVY LEFT AND LIGHT RIGHT
ENCODING 9598
SWIDTH 1000 0
DWIDTH 24 0
BBX 24 48 0 -10
BITMAP
000000
000000
000000
000000
000000
000000
000000
000000
000000
000000
000000
000000
000000
000000
000000
000000
000000
000000
000000
000000
FFF000
FFF000
FFFFFF
FFFFFF
FFFFFF
FFFFFF
FFF000
FFF000
000000
000000
000000
000000
000000
000000
000000
000000
000000
000000
000000
000000
000000
000000
000000
000000
000000
000000
000000
000000
ENDCHAR
STARTCHAR BOX DRAWINGS HEAVY UP AND LIGHT DOWN
ENCODING 9599
SWIDTH 1000 0
DWIDTH 24 0
BBX 24 48 0 -10
BITMAP
00FF00
00FF00
00FF00
00FF00
00FF00
00FF00
00FF00
00FF00
00FF00
00FF00
00FF00
00FF00
00FF00
00FF00
00FF00
00FF00
00FF00
00FF00
00FF00
00FF00
00FF00
00FF00
00FF00
00FF00
003C00
003C00
003C00
003C00
003C00
003C00
003C00
003C00
003C00
003C00
003C00
003C00
003C00
003C00
003C00
003C00
003C00
003C00
003C00
003C00
003C00
003C00
003C00
003C00
ENDCHAR
STARTCHAR UPPER HALF BLOCK
ENCODING 9600
SWIDTH 1000 0
DWIDTH 24 0
BBX 24 48 0 -10
BITMAP
FFFFFF
FFFFFF
FFFFFF
FFFFFF
FFFFFF
FFFFFF
FFFFFF
FFFFFF
FFFFFF
FFFFFF
FFFFFF
FFFFFF
FFFFFF
FFFFFF
FFFFFF
FFFFFF
FFFFFF
FFFFFF
FFFFFF
FFFFFF
FFFFFF
FFFFFF
FFFFFF
FFFFFF
000000
000000
000000
000000
000000
000000
000000
000000
000000
000000
000000
000000
000000
000000
000000
000000
000000
000000
000000
000000
000000
000000
000000
000000
ENDCHAR
STARTCHAR LOWER ONE EIGHTH BLOCK
ENCODING 9601
SWIDTH 1000 0
DWIDTH 24 0
BBX 24 48 0 -10
BITMAP
000000
000000
000000
000000
000000
000000
000000
000000
000000
000000
000000
000000
000000
000000
000000
000000
000000
000000
000000
000000
000000
000000
000000
000000
000000
000000
000000
000000
000000
000000
000000
000000
000000
000000
000000
000000
000000
000000
000000
000000
000000
000000
FFFFFF
FFFFFF
FFFFFF
FFFFFF
FFFFFF
FFFFFF
ENDCHAR
STARTCHAR LOWER ONE QUARTER BLOCK
ENCODING 9602
SWIDTH 1000 0
DWIDTH 24 0
BBX 24 48 0 -10
BITMAP
000000
000000
000000
000000
000000
000000
000000
000000
000000
000000
000000
000000
000000
000000
000000
000000
000000
000000
000000
000000
000000
000000
000000
000000
000000
000000
000000
000000
000000
000000
000000
000000
000000
000000
000000
000000
FFFFFF
FFFFFF
FFFFFF
FFFFFF
FFFFFF
FFFFFF
FFFFFF
FFFFFF
FFFFFF
FFFFFF
FFFFFF
FFFFFF
ENDCHAR
STARTCHAR LOWER THREE EIGHTHS BLOCK
ENCODING 9603
SWIDTH 1000 0
DWIDTH 24 0
BBX 24 48 0 -10
BITMAP
000000
000000
000000
000000
000000
000000
000000
000000
000000
000000
000000
000000
000000
000000
000000
000000
000000
000000
000000
000000
000000
000000
000000
000000
000000
000000
000000
000000
000000
000000
FFFFFF
FFFFFF
FFFFFF
FFFFFF
FFFFFF
FFFFFF
FFFFFF
FFFFFF
FFFFFF
FFFFFF
FFFFFF
FFFFFF
FFFFFF
FFFFFF
FFFFFF
FFFFFF
FFFFFF
FFFFFF
ENDCHAR
STARTCHAR LOWER HALF BLOCK
ENCODING 9604
SWIDTH 1000 0
DWIDTH 24 0
BBX 24 48 0 -10
BITMAP
000000
000000
000000
000000
000000
000000
000000
000000
000000
000000
000000
000000
000000
000000
000000
000000
000000
000000
000000
000000
000000
000000
000000
000000
FFFFFF
FFFFFF
FFFFFF
FFFFFF
FFFFFF
FFFFFF
FFFFFF
FFFFFF
FFFFFF
FFFFFF
FFFFFF
FFFFFF
FFFFFF
FFFFFF
FFFFFF
FFFFFF
FFFFFF
FFFFFF
FFFFFF
FFFFFF
FFFFFF
FFFFFF
FFFFFF
FFFFFF
ENDCHAR
STARTCHAR LOWER FIVE EIGHTHS BLOCK
ENCODING 9605
SWIDTH 1000 0
DWIDTH 24 0
BBX 24 48 0 -10
BITMAP
000000
000000
000000
000000
000000
000000
000000
000000
000000
000000
000000
000000
000000
000000
000000
000000
000000
000000
FFFFFF
FFFFFF
FFFFFF
FFFFFF
FFFFFF
FFFFFF
FFFFFF
FFFFFF
FFFFFF
FFFFFF
FFFFFF
FFFFFF
FFFFFF
FFFFFF
FFFFFF
FFFFFF
FFFFFF
FFFFFF
FFFFFF
FFFFFF
FFFFFF
FFFFFF
FFFFFF
FFFFFF
FFFFFF
FFFFFF
FFFFFF
FFFFFF
FFFFFF
FFFFFF
ENDCHAR
STARTCHAR LOWER THREE QUARTERS BLOCK
ENCODING 9606
SWIDTH 1000 0
DWIDTH 24 0
BBX 24 48 0 -10
BITMAP
000000
000000
000000
000000
000000
000000
000000
000000
000000
000000
000000
000000
FFFFFF
FFFFFF
FFFFFF
FFFFFF
FFFFFF
FFFFFF
FFFFFF
FFFFFF
FFFFFF
FFFFFF
FFFFFF
FFFFFF
FFFFFF
FFFFFF
FFFFFF
FFFFFF
FFFFFF
FFFFFF
FFFFFF
FFFFFF
FFFFFF
FFFFFF
FFFFFF
FFFFFF
FFFFFF
FFFFFF
FFFFFF
FFFFFF
FFFFFF
FFFFFF
FFFFFF
FFFFFF
FFFFFF
FFFFFF
FFFFFF
FFFFFF
ENDCHAR
STARTCHAR LOWER SEVEN EIGHTHS BLOCK
ENCODING 9607
SWIDTH 1000 0
DWIDTH 24 0
BBX 24 48 0 -10
BITMAP
000000
000000
000000
000000
000000
000000
FFFFFF
FFFFFF
FFFFFF
FFFFFF
FFFFFF
FFFFFF
FFFFFF
FFFFFF
FFFFFF
FFFFFF
FFFFFF
FFFFFF
FFFFFF
FFFFFF
FFFFFF
FFFFFF
FFFFFF
FFFFFF
FFFFFF
FFFFFF
FFFFFF
FFFFFF
FFFFFF
FFFFFF
FFFFFF
FFFFFF
FFFFFF
FFFFFF
FFFFFF
FFFFFF
FFFFFF
FFFFFF
FFFFFF
FFFFFF
FFFFFF
FFFFFF
FFFFFF
FFFFFF
FFFFFF
FFFFFF
FFFFFF
FFFFFF
ENDCHAR
STARTCHAR FULL BLOCK
ENCODING 9608
SWIDTH 1000 0
DWIDTH 24 0
BBX 24 48 0 -10
BITMAP
FFFFFF
FFFFFF
FFFFFF
FFFFFF
FFFFFF
FFFFFF
FFFFFF
FFFFFF
FFFFFF
FFFFFF
FFFFFF
FFFFFF
FFFFFF
FFFFFF
FFFFFF
FFFFFF
FFFFFF
FFFFFF
FFFFFF
FFFFFF
FFFFFF
FFFFFF
FFFFFF
FFFFFF
FFFFFF
FFFFFF
FFFFFF
FFFFFF
FFFFFF
FFFFFF
FFFFFF
FFFFFF
FFFFFF
FFFFFF
FFFFFF
FFFFFF
FFFFFF
FFFFFF
FFFFFF
FFFFFF
FFFFFF
FFFFFF
FFFFFF
FFFFFF
FFFFFF
FFFFFF
FFFFFF
FFFFFF
ENDCHAR
STARTCHAR LEFT SEVEN EIGHTHS BLOCK
ENCODING 9609
SWIDTH 1000 0
DWIDTH 24 0
BBX 24 48 0 -10
BITMAP
FFFFF0
FFFFF0
FFFFF0
FFFFF0
FFFFF0
FFFFF0
FFFFF0
FFFFF0
FFFFF0
FFFFF0
FFFFF0
FFFFF0
FFFFF0
FFFFF0
FFFFF0
FFFFF0
FFFFF0
FFFFF0
FFFFF0
FFFFF0
FFFFF0
FFFFF0
FFFFF0
FFFFF0
FFFFF0
FFFFF0
FFFFF0
FFFFF0
FFFFF0
FFFFF0
FFFFF0
FFFFF0
FFFFF0
FFFFF0
FFFFF0
FFFFF0
FFFFF0
FFFFF0
FFFFF0
FFFFF0
FFFFF0
FFFFF0
FFFFF0
FFFFF0
FFFFF0
FFFFF0
FFFFF0
FFFFF0
ENDCHAR
STARTCHAR LEFT THREE QUARTERS BLOCK
ENCODING 9610
SWIDTH 1000 0
DWIDTH 24 0
BBX 24 48 0 -10
BITMAP
FFFFC0
FFFFC0
FFFFC0
FFFFC0
FFFFC0
FFFFC0
FFFFC0
FFFFC0
FFFFC0
FFFFC0
FFFFC0
FFFFC0
FFFFC0
FFFFC0
FFFFC0
FFFFC0
FFFFC0
FFFFC0
FFFFC0
FFFFC0
FFFFC0
FFFFC0
FFFFC0
FFFFC0
FFFFC0
FFFFC0
FFFFC0
FFFFC0
FFFFC0
FFFFC0
FFFFC0
FFFFC0
FFFFC0
FFFFC0
FFFFC0
FFFFC0
FFFFC0
FFFFC0
FFFFC0
FFFFC0
FFFFC0
FFFFC0
FFFFC0
FFFFC0
FFFFC0
FFFFC0
FFFFC0
FFFFC0
ENDCHAR
STARTCHAR LEFT FIVE EIGHTHS BLOCK
ENCODING 9611
SWIDTH 1000 0
DWIDTH 24 0
BBX 24 48 0 -10
BITMAP
FFFC00
FFFC00
FFFC00
FFFC00
FFFC00
FFFC00
FFFC00
FFFC00
FFFC00
FFFC00
FFFC00
FFFC00
FFFC00
FFFC00
FFFC00
FFFC00
FFFC00
FFFC00
FFFC00
FFFC00
FFFC00
FFFC00
FFFC00
FFFC00
FFFC00
FFFC00
FFFC00
FFFC00
FFFC00
FFFC00
FFFC00
FFFC00
FFFC00
FFFC00
FFFC00
FFFC00
FFFC00
FFFC00
FFFC00
FFFC00
FFFC00
FFFC00
FFFC00
FFFC00
FFFC00
FFFC00
FFFC00
FFFC00
ENDCHAR
STARTCHAR LEFT HALF BLOCK
ENCODING 9612
SWIDTH 1000 0
DWIDTH 24 0
BBX 24 48 0 -10
BITMAP
FFF000
FFF000
FFF000
FFF000
FFF000
FFF000
FFF000
FFF000
FFF000
FFF000
FFF000
FFF000
FFF000
FFF000
FFF000
FFF000
FFF000
FFF000
FFF000
FFF000
FFF000
FFF000
FFF000
FFF000
FFF000
FFF000
FFF000
FFF000
FFF000
FFF000
FFF000
FFF000
FFF000
FFF000
FFF000
FFF000
FFF000
FFF000
FFF000
FFF000
FFF000
FFF000
FFF000
FFF000
FFF000
FFF000
FFF000
FFF000
ENDCHAR
STARTCHAR LEFT THREE EIGHTHS BLOCK
ENCODING 9613
SWIDTH 1000 0
DWIDTH 24 0
BBX 24 48 0 -10
BITMAP
FF0000
FF0000
FF0000
FF0000
FF0000
FF0000
FF0000
FF0000
FF0000
FF0000
FF0000
FF0000
FF0000
FF0000
FF0000
FF0000
FF0000
FF0000
FF0000
FF0000
FF0000
FF0000
FF0000
FF0000
FF0000
FF0000
FF0000
FF0000
FF0000
FF0000
FF0000
FF0000
FF0000
FF0000
FF0000
FF0000
FF0000
FF0000
FF0000
FF0000
FF0000
FF0000
FF0000
FF0000
FF0000
FF0000
FF0000
FF0000
ENDCHAR
STARTCHAR LEFT ONE QUARTER BLOCK
ENCODING 9614
SWIDTH 1000 0
DWIDTH 24 0
BBX 24 48 0 -10
BITMAP
F00000
F00000
F00000
F00000
F00000
F00000
F00000
F00000
F00000
F00000
F00000
F00000
F00000
F00000
F00000
F00000
F00000
F00000
F00000
F00000
F00000
F00000
F00000
F00000
F00000
F00000
F00000
F00000
F00000
F00000
F00000
F00000
F00000
F00000
F00000
F00000
F00000
F00000
F00000
F00000
F00000
F00000
F00000
F00000
F00000
F00000
F00000
F00000
ENDCHAR
STARTCHAR LEFT ONE EIGHTH BLOCK
ENCODING 9615
SWIDTH 1000 0
DWIDTH 24 0
BBX 24 48 0 -10
BITMAP
C00000
C00000
C00000
C00000
C00000
C00000
C00000
C00000
C00000
C00000
C00000
C00000
C00000
C00000
C00000
C00000
C00000
C00000
C00000
C00000
C00000
C00000
C00000
C00000
C00000
C00000
C00000
C00000
C00000
C00000
C00000
C00000
C00000
C00000
C00000
C00000
C00000
C00000
C00000
C00000
C00000
C00000
C00000
C00000
C00000
C00000
C00000
C00000
ENDCHAR
STARTCHAR RIGHT HALF BLOCK
ENCODING 9616
SWIDTH 1000 0
DWIDTH 24 0
BBX 24 48 0 -10
BITMAP
000FFF
000FFF
000FFF
000FFF
000FFF
000FFF
000FFF
000FFF
000FFF
000FFF
000FFF
000FFF
000FFF
000FFF
000FFF
000FFF
000FFF
000FFF
000FFF
000FFF
000FFF
000FFF
000FFF
000FFF
000FFF
000FFF
000FFF
000FFF
000FFF
000FFF
000FFF
000FFF
000FFF
000FFF
000FFF
000FFF
000FFF
000FFF
000FFF
000FFF
000FFF
000FFF
000FFF
000FFF
000FFF
000FFF
000FFF
000FFF
ENDCHAR
STARTCHAR LIGHT SHADE
ENCODING 9617
SWIDTH 1000 0
DWIDTH 24 0
BBX 24 48 0 -10
BITMAP
00F00F
00F00F
3CF3CF
3CF3CF
3C03C0
3C03C0
00F00F
00F00F
3CF3CF
3CF3CF
3C03C0
3C03C0
00F00F
00F00F
3CF3CF
3CF3CF
3C03C0
3C03C0
00F00F
00F00F
3CF3CF
3CF3CF
3C03C0
3C03C0
00F00F
00F00F
3CF3CF
3CF3CF
3C03C0
3C03C0
00F00F
00F00F
3CF3CF
3CF3CF
3C03C0
3C03C0
00F00F
00F00F
3CF3CF
3CF3CF
3C03C0
3C03C0
00F00F
00F00F
3CF3CF
3CF3CF
3C03C0
3C03C0
ENDCHAR
STARTCHAR MEDIUM SHADE
ENCODING 9618
SWIDTH 1000 0
DWIDTH 24 0
BBX 24 48 0 -10
BITMAP
0F0F0F
0F0F0F
0F0F0F
0F0F0F
F0F0F0
F0F0F0
F0F0F0
F0F0F0
0F0F0F
0F0F0F
0F0F0F
0F0F0F
F0F0F0
F0F0F0
F0F0F0
F0F0F0
0F0F0F
0F0F0F
0F0F0F
0F0F0F
F0F0F0
F0F0F0
F0F0F0
F0F0F0
0F0F0F
0F0F0F
0F0F0F
0F0F0F
F0F0F0
F0F0F0
F0F0F0
F0F0F0
0F0F0F
0F0F0F
0F0F0F
0F0F0F
F0F0F0
F0F0F0
F0F0F0
F0F0F0
0F0F0F
0F0F0F
0F0F0F
0F0F0F
F0F0F0
F0F0F0
F0F0F0
F0F0F0
ENDCHAR
STARTCHAR DARK SHADE
ENCODING 9619
SWIDTH 1000 0
DWIDTH 24 0
BBX 24 48 0 -10
BITMAP
FC3FC3
FC3FC3
FC3FC3
FC3FC3
0FF0FF
0FF0FF
0FF0FF
0FF0FF
FC3FC3
FC3FC3
FC3FC3
FC3FC3
0FF0FF
0FF0FF
0FF0FF
0FF0FF
FC3FC3
FC3FC3
FC3FC3
FC3FC3
0FF0FF
0FF0FF
0FF0FF
0FF0FF
FC3FC3
FC3FC3
FC3FC3
FC3FC3
0FF0FF
0FF0FF
0FF0FF
0FF0FF
FC3FC3
FC3FC3
FC3FC3
FC3FC3
0FF0FF
0FF0FF
0FF0FF
0FF0FF
FC3FC3
FC3FC3
FC3FC3
FC3FC3
0FF0FF
0FF0FF
0FF0FF
0FF0FF
ENDCHAR
STARTCHAR UPPER ONE EIGHTH BLOCK
ENCODING 9620
SWIDTH 1000 0
DWIDTH 24 0
BBX 24 48 0 -10
BITMAP
FFFFFF
FFFFFF
FFFFFF
FFFFFF
FFFFFF
FFFFFF
000000
000000
000000
000000
000000
000000
000000
000000
000000
000000
000000
000000
000000
000000
000000
000000
000000
000000
000000
000000
000000
000000
000000
000000
000000
000000
000000
000000
000000
000000
000000
000000
000000
000000
000000
000000
000000
000000
000000
000000
000000
000000
ENDCHAR
STARTCHAR RIGHT ONE EIGHTH BLOCK
ENCODING 9621
SWIDTH 1000 0
DWIDTH 24 0
BBX 24 48 0 -10
BITMAP
000003
000003
000003
000003
000003
000003
000003
000003
000003
000003
000003
000003
000003
000003
000003
000003
000003
000003
000003
000003
000003
000003
000003
000003
000003
000003
000003
000003
000003
000003
000003
000003
000003
000003
000003
000003
000003
000003
000003
000003
000003
000003
000003
000003
000003
000003
000003
000003
ENDCHAR
STARTCHAR QUADRANT LOWER LEFT
ENCODING 9622
SWIDTH 1000 0
DWIDTH 24 0
BBX 24 48 0 -10
BITMAP
000000
000000
000000
000000
000000
000000
000000
000000
000000
000000
000000
000000
000000
000000
000000
000000
000000
000000
000000
000000
000000
000000
000000
000000
FFF000
FFF000
FFF000
FFF000
FFF000
FFF000
FFF000
FFF000
FFF000
FFF000
FFF000
FFF000
FFF000
FFF000
FFF000
FFF000
FFF000
FFF000
FFF000
FFF000
FFF000
FFF000
FFF000
FFF000
ENDCHAR
STARTCHAR QUADRANT LOWER RIGHT
ENCODING 9623
SWIDTH 1000 0
DWIDTH 24 0
BBX 24 48 0 -10
BITMAP
000000
000000
000000
000000
000000
000000
000000
000000
000000
000000
000000
000000
000000
000000
000000
000000
000000
000000
000000
000000
000000
000000
000000
000000
000FFF
000FFF
000FFF
000FFF
000FFF
000FFF
000FFF
000FFF
000FFF
000FFF
000FFF
000FFF
000FFF
000FFF
000FFF
000FFF
000FFF
000FFF
000FFF
000FFF
000FFF
000FFF
000FFF
000FFF
ENDCHAR
STARTCHAR QUADRANT UPPER LEFT
ENCODING 9624
SWIDTH 1000 0
DWIDTH 24 0
BBX 24 48 0 -10
BITMAP
FFF000
FFF000
FFF000
FFF000
FFF000
FFF000
FFF000
FFF000
FFF000
FFF000
FFF000
FFF000
FFF000
FFF000
FFF000
FFF000
FFF000
FFF000
FFF000
FFF000
FFF000
FFF000
FFF000
FFF000
000000
000000
000000
000000
000000
000000
000000
000000
000000
000000
000000
000000
000000
000000
000000
000000
000000
000000
000000
000000
000000
000000
000000
000000
ENDCHAR
STARTCHAR QUADRANT UPPER LEFT AND LOWER LEFT AND LOWER RIGHT
ENCODING 9625
SWIDTH 1000 0
DWIDTH 24 0
BBX 24 48 0 -10
BITMAP
FFF000
FFF000
FFF000
FFF000
FFF000
FFF000
FFF000
FFF000
FFF000
FFF000
FFF000
FFF000
FFF000
FFF000
FFF000
FFF000
FFF000
FFF000
FFF000
FFF000
FFF000
FFF000
FFF000
FFF000
FFFFFF
FFFFFF
FFFFFF
FFFFFF
FFFFFF
FFFFFF
FFFFFF
FFFFFF
FFFFFF
FFFFFF
FFFFFF
FFFFFF
FFFFFF
FFFFFF
FFFFFF
FFFFFF
FFFFFF
FFFFFF
FFFFFF
FFFFFF
FFFFFF
FFFFFF
FFFFFF
FFFFFF
ENDCHAR
STARTCHAR QUADRANT UPPER LEFT AND LOWER RIGHT
ENCODING 9626
SWIDTH 1000 0
DWIDTH 24 0
BBX 24 48 0 -10
BITMAP
FFF000
FFF000
FFF000
FFF000
FFF000
FFF000
FFF000
FFF000
FFF000
FFF000
FFF000
FFF000
FFF000
FFF000
FFF000
FFF000
FFF000
FFF000
FFF000
FFF000
FFF000
FFF000
FFF000
FFF000
000FFF
000FFF
000FFF
000FFF
000FFF
000FFF
000FFF
000FFF
000FFF
000FFF
000FFF
000FFF
000FFF
000FFF
000FFF
000FFF
000FFF
000FFF
000FFF
000FFF
000FFF
000FFF
000FFF
000FFF
ENDCHAR
STARTCHAR QUADRANT UPPER LEFT AND UPPER RIGHT AND LOWER LEFT
ENCODING 9627
SWIDTH 1000 0
DWIDTH 24 0
BBX 24 48 0 -10
BITMAP
FFFFFF
FFFFFF
FFFFFF
FFFFFF
FFFFFF
FFFFFF
FFFFFF
FFFFFF
FFFFFF
FFFFFF
FFFFFF
FFFFFF
FFFFFF
FFFFFF
FFFFFF
FFFFFF
FFFFFF
FFFFFF
FFFFFF
FFFFFF
FFFFFF
FFFFFF
FFFFFF
FFFFFF
FFF000
FFF000
FFF000
FFF000
FFF000
FFF000
FFF000
FFF000
FFF000
FFF000
FFF000
FFF000
FFF000
FFF000
FFF000
FFF000
FFF000
FFF000
FFF000
FFF000
FFF000
FFF000
FFF000
FFF000
ENDCHAR
STARTCHAR QUADRANT UPPER LEFT AND UPPER RIGHT AND LOWER RIGHT
ENCODING 9628
SWIDTH 1000 0
DWIDTH 24 0
BBX 24 48 0 -10
BITMAP
FFFFFF
FFFFFF
FFFFFF
FFFFFF
FFFFFF
FFFFFF
FFFFFF
FFFFFF
FFFFFF
FFFFFF
FFFFFF
FFFFFF
FFFFFF
FFFFFF
FFFFFF
FFFFFF
FFFFFF
FFFFFF
FFFFFF
FFFFFF
FFFFFF
FFFFFF
FFFFFF
FFFFFF
000FFF
000FFF
000FFF
000FFF
000FFF
000FFF
000FFF
000FFF
000FFF
000FFF
000FFF
000FFF
000FFF
000FFF
000FFF
000FFF
000FFF
000FFF
000FFF
000FFF
000FFF
000FFF
000FFF
000FFF
ENDCHAR
STARTCHAR QUADRANT UPPER RIGHT
ENCODING 9629
SWIDTH 1000 0
DWIDTH 24 0
BBX 24 48 0 -10
BITMAP
000FFF
000FFF
000FFF
000FFF
000FFF
000FFF
000FFF
000FFF
000FFF
000FFF
000FFF
000FFF
000FFF
000FFF
000FFF
000FFF
000FFF
000FFF
000FFF
000FFF
000FFF
000FFF
000FFF
000FFF
000000
000000
000000
000000
000000
000000
000000
000000
000000
000000
000000
000000
000000
000000
000000
000000
000000
000000
000000
000000
000000
000000
000000
000000
ENDCHAR
STARTCHAR QUADRANT UPPER RIGHT AND LOWER LEFT
ENCODING 9630
SWIDTH 1000 0
DWIDTH 24 0
BBX 24 48 0 -10
BITMAP
000FFF
000FFF
000FFF
000FFF
000FFF
000FFF
000FFF
000FFF
000FFF
000FFF
000FFF
000FFF
000FFF
000FFF
000FFF
000FFF
000FFF
000FFF
000FFF
000FFF
000FFF
000FFF
000FFF
000FFF
FFF000
FFF000
FFF000
FFF000
FFF000
FFF000
FFF000
FFF000
FFF000
FFF000
FFF000
FFF000
FFF000
FFF000
FFF000
FFF000
FFF000
FFF000
FFF000
FFF000
FFF000
FFF000
FFF000
FFF000
ENDCHAR
STARTCHAR QUADRANT UPPER RIGHT AND LOWER LEFT AND LOWER RIGHT
ENCODING 9631
SWIDTH 1000 0
DWIDTH 24 0
BBX 24 48 0 -10
BITMAP
000FFF
000FFF
000FFF
000FFF
000FFF
000FFF
000FFF
000FFF
000FFF
000FFF
000FFF
000FFF
000FFF
000FFF
000FFF
000FFF
000FFF
000FFF
000FFF
000FFF
000FFF
000FFF
000FFF
000FFF
FFFFFF
FFFFFF
FFFFFF
FFFFFF
FFFFFF
FFFFFF
FFFFFF
FFFFFF
FFFFFF
FFFFFF
FFFFFF
FFFFFF
FFFFFF
FFFFFF
FFFFFF
FFFFFF
FFFFFF
FFFFFF
FFFFFF
FFFFFF
FFFFFF
FFFFFF
FFFFFF
FFFFFF
ENDCHAR
STARTCHAR BLACK DIAMOND
ENCODING 9670
SWIDTH 1000 0
DWIDTH 24 0
BBX 24 48 0 -10
BITMAP
000000
000000
000000
000000
000000
000000
000000
000000
000000
000000
000000
000000
000000
000000
003000
003000
00FC00
00FC00
03FF00
03FF00
0FFFC0
0FFFC0
3FFFF0
3FFFF0
FFFFFC
FFFFFC
3FFFF0
3FFFF0
0FFFC0
0FFFC0
03FF00
03FF00
00FC00
00FC00
003000
003000
000000
000000
000000
000000
000000
000000
000000
000000
000000
000000
000000
000000
ENDCHAR
STARTCHAR LOZENGE
ENCODING 9674
SWIDTH 1000 0
DWIDTH 24 0
BBX 24 48 0 -10
BITMAP
000000
000000
000000
000000
000000
000000
000000
000000
000000
000000
000000
000000
000000
000000
003000
003000
00FC00
00FC00
03CF00
03CF00
0F03C0
0F03C0
3C00F0
3C00F0
F0003C
F0003C
3C00F0
3C00F0
0F03C0
0F03C0
03CF00
03CF00
00FC00
00FC00
003000
003000
000000
000000
000000
000000
000000
000000
000000
000000
000000
000000
000000
000000
ENDCHAR
STARTCHAR WHITE CIRCLE
ENCODING 9675
SWIDTH 1000 0
DWIDTH 24 0
BBX 24 48 0 -10
BITMAP
000000
000000
000000
000000
000000
000000
000000
000000
000000
000000
000000
000000
000000
000000
000000
000000
00FF00
00FF00
03C3C0
03C3C0
0F00F0
0F00F0
0F00F0
0F00F0
0F00F0
0F00F0
0F00F0
0F00F0
03C3C0
03C3C0
00FF00
00FF00
000000
000000
000000
000000
000000
000000
000000
000000
000000
000000
000000
000000
000000
000000
000000
000000
ENDCHAR
STARTCHAR BLACK CIRCLE
ENCODING 9679
SWIDTH 1000 0
DWIDTH 24 0
BBX 24 48 0 -10
BITMAP
000000
000000
000000
000000
000000
000000
000000
000000
000000
000000
000000
000000
000000
000000
000000
000000
00FF00
00FF00
03FFC0
03FFC0
0FFFF0
0FFFF0
0FFFF0
0FFFF0
0FFFF0
0FFFF0
0FFFF0
0FFFF0
03FFC0
03FFC0
00FF00
00FF00
000000
000000
000000
000000
000000
000000
000000
000000
000000
000000
000000
000000
000000
000000
000000
000000
ENDCHAR
STARTCHAR INVERSE BULLET
ENCODING 9688
SWIDTH 1000 0
DWIDTH 24 0
BBX 24 48 0 -10
BITMAP
FFFFFF
FFFFFF
FFFFFF
FFFFFF
FFFFFF
FFFFFF
FFFFFF
FFFFFF
FFFFFF
FFFFFF
FFFFFF
FFFFFF
FFFFFF
FFFFFF
FFFFFF
FFFFFF
FFFFFF
FFFFFF
FF00FF
FF00FF
FC003F
FC003F
FC003F
FC003F
FC003F
FC003F
FC003F
FC003F
FF00FF
FF00FF
FFFFFF
FFFFFF
FFFFFF
FFFFFF
FFFFFF
FFFFFF
FFFFFF
FFFFFF
FFFFFF
FFFFFF
FFFFFF
FFFFFF
FFFFFF
FFFFFF
FFFFFF
FFFFFF
FFFFFF
FFFFFF
ENDCHAR
STARTCHAR INVERSE WHITE CIRCLE
ENCODING 9689
SWIDTH 1000 0
DWIDTH 24 0
BBX 24 48 0 -10
BITMAP
FFFFFF
FFFFFF
FFFFFF
FFFFFF
FFFFFF
FFFFFF
FFFFFF
FFFFFF
FFFFFF
FFFFFF
FFFFFF
FFFFFF
FFFFFF
FFFFFF
FFFFFF
FFFFFF
FF00FF
FF00FF
FC3C3F
FC3C3F
F0FF0F
F0FF0F
F0FF0F
F0FF0F
F0FF0F
F0FF0F
F0FF0F
F0FF0F
FC3C3F
FC3C3F
FF00FF
FF00FF
FFFFFF
FFFFFF
FFFFFF
FFFFFF
FFFFFF
FFFFFF
FFFFFF
FFFFFF
FFFFFF
FFFFFF
FFFFFF
FFFFFF
FFFFFF
FFFFFF
FFFFFF
FFFFFF
ENDCHAR
STARTCHAR BLACK LOWER RIGHT TRIANGLE
ENCODING 9698
SWIDTH 1000 0
DWIDTH 24 0
BBX 24 48 0 -10
BITMAP
000000
000000
000000
000000
000000
000000
000000
000000
000000
000000
000000
000000
000000
000000
000000
000000
000000
000000
000000
000000
000000
000000
000000
000000
000003
000003
00000F
00000F
00003F
00003F
0000FF
0000FF
0003FF
0003FF
000FFF
000FFF
003FFF
003FFF
00FFFF
00FFFF
03FFFF
03FFFF
0FFFFF
0FFFFF
3FFFFF
3FFFFF
FFFFFF
FFFFFF
ENDCHAR
STARTCHAR BLACK LOWER LEFT TRIANGLE
ENCODING 9699
SWIDTH 1000 0
DWIDTH 24 0
BBX 24 48 0 -10
BITMAP
000000
000000
000000
000000
000000
000000
000000
000000
000000
000000
000000
000000
000000
000000
000000
000000
000000
000000
000000
000000
000000
000000
000000
000000
C00000
C00000
F00000
F00000
FC0000
FC0000
FF0000
FF0000
FFC000
FFC000
FFF000
FFF000
FFFC00
FFFC00
FFFF00
FFFF00
FFFFC0
FFFFC0
FFFFF0
FFFFF0
FFFFFC
FFFFFC
FFFFFF
FFFFFF
ENDCHAR
STARTCHAR BLACK UPPER LEFT TRIANGLE
ENCODING 9700
SWIDTH 1000 0
DWIDTH 24 0
BBX 24 48 0 -10
BITMAP
FFFFFF
FFFFFF
FFFFFC
FFFFFC
FFFFF0
FFFFF0
FFFFC0
FFFFC0
FFFF00
FFFF00
FFFC00
FFFC00
FFF000
FFF000
FFC000
FFC000
FF0000
FF0000
FC0000
FC0000
F00000
F00000
C00000
C00000
000000
000000
000000
000000
000000
000000
000000
000000
000000
000000
000000
000000
000000
000000
000000
000000
000000
000000
000000
000000
000000
000000
000000
000000
ENDCHAR
STARTCHAR BLACK UPPER RIGHT TRIANGLE
ENCODING 9701
SWIDTH 1000 0
DWIDTH 24 0
BBX 24 48 0 -10
BITMAP
FFFFFF
FFFFFF
3FFFFF
3FFFFF
0FFFFF
0FFFFF
03FFFF
03FFFF
00FFFF
00FFFF
003FFF
003FFF
000FFF
000FFF
0003FF
0003FF
0000FF
0000FF
00003F
00003F
00000F
00000F
000003
000003
000000
000000
000000
000000
000000
000000
000000
000000
000000
000000
000000
000000
000000
000000
000000
000000
000000
000000
000000
000000
000000
000000
000000
000000
ENDCHAR
STARTCHAR TRIGRAM FOR HEAVEN
ENCODING 9776
SWIDTH 1000 0
DWIDTH 24 0
BBX 24 48 0 -10
BITMAP
000000
000000
000000
000000
000000
000000
000000
000000
000000
000000
000000
000000
3FFFFC
3FFFFC
3FFFFC
3FFFFC
000000
000000
000000
000000
000000
000000
3FFFFC
3FFFFC
3FFFFC
3FFFFC
000000
000000
000000
000000
000000
000000
3FFFFC
3FFFFC
3FFFFC
3FFFFC
000000
000000
000000
000000
000000
000000
000000
000000
000000
000000
000000
000000
ENDCHAR
STARTCHAR TRIGRAM FOR LAKE
ENCODING 9777
SWIDTH 1000 0
DWIDTH 24 0
BBX 24 48 0 -10
BITMAP
000000
000000
000000
000000
000000
000000
000000
000000
000000
000000
000000
000000
3FC3FC
3FC3FC
3FC3FC
3FC3FC
000000
000000
000000
000000
000000
000000
3FFFFC
3FFFFC
3FFFFC
3FFFFC
000000
000000
000000
000000
000000
000000
3FFFFC
3FFFFC
3FFFFC
3FFFFC
000000
000000
000000
000000
000000
000000
000000
000000
000000
000000
000000
000000
ENDCHAR
STARTCHAR TRIGRAM FOR FIRE
ENCODING 9778
SWIDTH 1000 0
DWIDTH 24 0
BBX 24 48 0 -10
BITMAP
000000
000000
000000
000000
000000
000000
000000
000000
000000
000000
000000
000000
3FFFFC
3FFFFC
3FFFFC
3FFFFC
000000
000000
000000
000000
000000
000000
3FC3FC
3FC3FC
3FC3FC
3FC3FC
000000
000000
000000
000000
000000
000000
3FFFFC
3FFFFC
3FFFFC
3FFFFC
000000
000000
000000
000000
000000
000000
000000
000000
000000
000000
000000
000000
ENDCHAR
STARTCHAR TRIGRAM FOR THUNDER
ENCODING 9779
SWIDTH 1000 0
DWIDTH 24 0
BBX 24 48 0 -10
BITMAP
000000
000000
000000
000000
000000
000000
000000
000000
000000
000000
000000
000000
3FC3FC
3FC3FC
3FC3FC
3FC3FC
000000
000000
000000
000000
000000
000000
3FC3FC
3FC3FC
3FC3FC
3FC3FC
000000
000000
000000
000000
000000
000000
3FFFFC
3FFFFC
3FFFFC
3FFFFC
000000
000000
000000
000000
000000
000000
000000
000000
000000
000000
000000
000000
ENDCHAR
STARTCHAR TRIGRAM FOR WIND
ENCODING 9780
SWIDTH 1000 0
DWIDTH 24 0
BBX 24 48 0 -10
BITMAP
000000
000000
000000
000000
000000
000000
000000
000000
000000
000000
000000
000000
3FFFFC
3FFFFC
3FFFFC
3FFFFC
000000
000000
000000
000000
000000
000000
3FFFFC
3FFFFC
3FFFFC
3FFFFC
000000
000000
000000
000000
000000
000000
3FC3FC
3FC3FC
3FC3FC
3FC3FC
000000
000000
000000
000000
000000
000000
000000
000000
000000
000000
000000
000000
ENDCHAR
STARTCHAR TRIGRAM FOR WATER
ENCODING 9781
SWIDTH 1000 0
DWIDTH 24 0
BBX 24 48 0 -10
BITMAP
000000
000000
000000
000000
000000
000000
000000
000000
000000
000000
000000
000000
3FC3FC
3FC3FC
3FC3FC
3FC3FC
000000
000000
000000
000000
000000
000000
3FFFFC
3FFFFC
3FFFFC
3FFFFC
000000
000000
000000
000000
000000
000000
3FC3FC
3FC3FC
3FC3FC
3FC3FC
000000
000000
000000
000000
000000
000000
000000
000000
000000
000000
000000
000000
ENDCHAR
STARTCHAR TRIGRAM FOR MOUNTAIN
ENCODING 9782
SWIDTH 1000 0
DWIDTH 24 0
BBX 24 48 0 -10
BITMAP
000000
000000
000000
000000
000000
000000
000000
000000
000000
000000
000000
000000
3FFFFC
3FFFFC
3FFFFC
3FFFFC
000000
000000
000000
000000
000000
000000
3FC3FC
3FC3FC
3FC3FC
3FC3FC
000000
000000
000000
000000
000000
000000
3FC3FC
3FC3FC
3FC3FC
3FC3FC
000000
000000
000000
000000
000000
000000
000000
000000
000000
000000
000000
000000
ENDCHAR
STARTCHAR TRIGRAM FOR EARTH
ENCODING 9783
SWIDTH 1000 0
DWIDTH 24 0
BBX 24 48 0 -10
BITMAP
000000
000000
000000
000000
000000
000000
000000
000000
000000
000000
000000
000000
3FC3FC
3FC3FC
3FC3FC
3FC3FC
000000
000000
000000
000000
000000
000000
3FC3FC
3FC3FC
3FC3FC
3FC3FC
000000
000000
000000
000000
000000
000000
3FC3FC
3FC3FC
3FC3FC
3FC3FC
000000
000000
000000
000000
000000
000000
000000
000000
000000
000000
000000
000000
ENDCHAR
STARTCHAR BLACK HEART SUIT
ENCODING 9829
SWIDTH 1000 0
DWIDTH 24 0
BBX 24 48 0 -10
BITMAP
000000
000000
000000
000000
000000
000000
000000
000000
000000
000000
000000
000000
0F03C0
0F03C0
3FCFF0
3FCFF0
FFFFFC
FFFFFC
FFFFFC
FFFFFC
FFFFFC
FFFFFC
FFFFFC
FFFFFC
3FFFF0
3FFFF0
3FFFF0
3FFFF0
0FFFC0
0FFFC0
03FF00
03FF00
00FC00
00FC00
003000
003000
000000
000000
000000
000000
000000
000000
000000
000000
000000
000000
000000
000000
ENDCHAR
STARTCHAR BLACK DIAMOND SUIT
ENCODING 9830
SWIDTH 1000 0
DWIDTH 24 0
BBX 24 48 0 -10
BITMAP
000000
000000
000000
000000
000000
000000
000000
000000
000000
000000
000000
000000
000000
000000
003000
003000
00FC00
00FC00
03FF00
03FF00
0FFFC0
0FFFC0
3FFFF0
3FFFF0
FFFFFC
FFFFFC
3FFFF0
3FFFF0
0FFFC0
0FFFC0
03FF00
03FF00
00FC00
00FC00
003000
003000
000000
000000
000000
000000
000000
000000
000000
000000
000000
000000
000000
000000
ENDCHAR
STARTCHAR BRAILLE PATTERN BLANK
ENCODING 10240
SWIDTH 1000 0
DWIDTH 24 0
BBX 24 48 0 -10
BITMAP
000000
000000
000000
000000
000000
000000
000000
000000
000000
000000
000000
000000
000000
000000
000000
000000
000000
000000
000000
000000
000000
000000
000000
000000
000000
000000
000000
000000
000000
000000
000000
000000
000000
000000
000000
000000
000000
000000
000000
000000
000000
000000
000000
000000
000000
000000
000000
000000
ENDCHAR
STARTCHAR BRAILLE PATTERN DOTS-1
ENCODING 10241
SWIDTH 1000 0
DWIDTH 24 0
BBX 24 48 0 -10
BITMAP
000000
000000
0F0000
0F0000
3FC000
3FC000
3FC000
3FC000
0F0000
0F0000
000000
000000
000000
000000
000000
000000
000000
000000
000000
000000
000000
000000
000000
000000
000000
000000
000000
000000
000000
000000
000000
000000
000000
000000
000000
000000
000000
000000
000000
000000
000000
000000
000000
000000
000000
000000
000000
000000
ENDCHAR
STARTCHAR BRAILLE PATTERN DOTS-2
ENCODING 10242
SWIDTH 1000 0
DWIDTH 24 0
BBX 24 48 0 -10
BITMAP
000000
000000
000000
000000
000000
000000
000000
000000
000000
000000
000000
000000
000000
000000
0F0000
0F0000
3FC000
3FC000
3FC000
3FC000
0F0000
0F0000
000000
000000
000000
000000
000000
000000
000000
000000
000000
000000
000000
000000
000000
000000
000000
000000
000000
000000
000000
000000
000000
000000
000000
000000
000000
000000
ENDCHAR
STARTCHAR BRAILLE PATTERN DOTS-12
ENCODING 10243
SWIDTH 1000 0
DWIDTH 24 0
BBX 24 48 0 -10
BITMAP
000000
000000
0F0000
0F0000
3FC000
3FC000
3FC000
3FC000
0F0000
0F0000
000000
000000
000000
000000
0F0000
0F0000
3FC000
3FC000
3FC000
3FC000
0F0000
0F0000
000000
000000
000000
000000
000000
000000
000000
000000
000000
000000
000000
000000
000000
000000
000000
000000
000000
000000
000000
000000
000000
000000
000000
000000
000000
000000
ENDCHAR
STARTCHAR BRAILLE PATTERN DOTS-3
ENCODING 10244
SWIDTH 1000 0
DWIDTH 24 0
BBX 24 48 0 -10
BITMAP
000000
000000
000000
000000
000000
000000
000000
000000
000000
000000
000000
000000
000000
000000
000000
000000
000000
000000
000000
000000
000000
000000
000000
000000
000000
000000
0F0000
0F0000
3FC000
3FC000
3FC000
3FC000
0F0000
0F0000
000000
000000
000000
000000
000000
000000
000000
000000
000000
000000
000000
000000
000000
000000
ENDCHAR
STARTCHAR BRAILLE PATTERN DOTS-13
ENCODING 10245
SWIDTH 1000 0
DWIDTH 24 0
BBX 24 48 0 -10
BITMAP
000000
000000
0F0000
0F0000
3FC000
3FC000
3FC000
3FC000
0F0000
0F0000
000000
000000
000000
000000
000000
000000
000000
000000
000000
000000
000000
000000
000000
000000
000000
000000
0F0000
0F0000
3FC000
3FC000
3FC000
3FC000
0F0000
0F0000
000000
000000
000000
000000
000000
000000
000000
000000
000000
000000
000000
000000
000000
000000
ENDCHAR
STARTCHAR BRAILLE PATTERN DOTS-23
ENCODING 10246
SWIDTH 1000 0
DWIDTH 24 0
BBX 24 48 0 -10
BITMAP
000000
000000
000000
000000
000000
000000
000000
000000
000000
000000
000000
000000
000000
000000
0F0000
0F0000
3FC000
3FC000
3FC000
3FC000
0F0000
0F0000
000000
000000
000000
000000
0F0000
0F0000
3FC000
3FC000
3FC000
3FC000
0F0000
0F0000
000000
000000
000000
000000
000000
000000
000000
000000
000000
000000
000000
000000
000000
000000
ENDCHAR
STARTCHAR BRAILLE PATTERN DOTS-123
ENCODING 10247
SWIDTH 1000 0
DWIDTH 24 0
BBX 24 48 0 -10
BITMAP
000000
000000
0F0000
0F0000
3FC000
3FC000
3FC000
3FC000
0F0000
0F0000
000000
000000
000000
000000
0F0000
0F0000
3FC000
3FC000
3FC000
3FC000
0F0000
0F0000
000000
000000
000000
000000
0F0000
0F0000
3FC000
3FC000
3FC000
3FC000
0F0000
0F0000
000000
000000
000000
000000
000000
000000
000000
000000
000000
000000
000000
000000
000000
000000
ENDCHAR
STARTCHAR BRAILLE PATTERN DOTS-4
ENCODING 10248
SWIDTH 1000 0
DWIDTH 24 0
BBX 24 48 0 -10
BITMAP
000000
000000
0000F0
0000F0
0003FC
0003FC
0003FC
0003FC
0000F0
0000F0
000000
000000
000000
000000
000000
000000
000000
000000
000000
000000
000000
000000
000000
000000
000000
000000
000000
000000
000000
000000
000000
000000
000000
000000
000000
000000
000000
000000
000000
000000
000000
000000
000000
000000
000000
000000
000000
000000
ENDCHAR
STARTCHAR BRAILLE PATTERN DOTS-14
ENCODING 10249
SWIDTH 1000 0
DWIDTH 24 0
BBX 24 48 0 -10
BITMAP
000000
000000
0F00F0
0F00F0
3FC3FC
3FC3FC
3FC3FC
3FC3FC
0F00F0
0F00F0
000000
000000
000000
000000
000000
000000
000000
000000
000000
000000
000000
000000
000000
000000
000000
000000
000000
000000
000000
000000
000000
000000
000000
000000
000000
000000
000000
000000
000000
000000
000000
000000
000000
000000
000000
000000
000000
000000
ENDCHAR
STARTCHAR BRAILLE PATTERN DOTS-24
ENCODING 10250
SWIDTH 1000 0
DWIDTH 24 0
BBX 24 48 0 -10
BITMAP
000000
000000
0000F0
0000F0
0003FC
0003FC
0003FC
0003FC
0000F0
0000F0
000000
000000
000000
000000
0F0000
0F0000
3FC000
3FC000
3FC000
3FC000
0F0000
0F0000
000000
000000
000000
000000
000000
000000
000000
000000
000000
000000
000000
000000
000000
000000
000000
000000
000000
000000
000000
000000
000000
000000
000000
000000
000000
000000
ENDCHAR
STARTCHAR BRAILLE PATTERN DOTS-124
ENCODING 10251
SWIDTH 1000 0
DWIDTH 24 0
BBX 24 48 0 -10
BITMAP
000000
000000
0F00F0
0F00F0
3FC3FC
3FC3FC
3FC3FC
3FC3FC
0F00F0
0F00F0
000000
000000
000000
000000
0F0000
0F0000
3FC000
3FC000
3FC000
3FC000
0F0000
0F0000
000000
000000
000000
000000
000000
000000
000000
000000
000000
000000
000000
000000
000000
000000
000000
000000
000000
000000
000000
000000
000000
000000
000000
000000
000000
000000
ENDCHAR
STARTCHAR BRAILLE PATTERN DOTS-34
ENCODING 10252
SWIDTH 1000 0
DWIDTH 24 0
BBX 24 48 0 -10
BITMAP
000000
000000
0000F0
0000F0
0003FC
0003FC
0003FC
0003FC
0000F0
0000F0
000000
000000
000000
000000
000000
000000
000000
000000
000000
000000
000000
000000
000000
000000
000000
000000
0F0000
0F0000
3FC000
3FC000
3FC000
3FC000
0F0000
0F0000
000000
000000
000000
000000
000000
000000
000000
000000
000000
000000
000000
000000
000000
000000
ENDCHAR
STARTCHAR BRAILLE PATTERN DOTS-134
ENCODING 10253
SWIDTH 1000 0
DWIDTH 24 0
BBX 24 48 0 -10
BITMAP
000000
000000
0F00F0
0F00F0
3FC3FC
3FC3FC
3FC3FC
3FC3FC
0F00F0
0F00F0
000000
000000
000000
000000
000000
000000
000000
000000
000000
000000
000000
000000
000000
000000
000000
000000
0F0000
0F0000
3FC000
3FC000
3FC000
3FC000
0F0000
0F0000
000000
000000
000000
000000
000000
000000
000000
000000
000000
000000
000000
000000
000000
000000
ENDCHAR
STARTCHAR BRAILLE PATTERN DOTS-234
ENCODING 10254
SWIDTH 1000 0
DWIDTH 24 0
BBX 24 48 0 -10
BITMAP
000000
000000
0000F0
0000F0
0003FC
0003FC
0003FC
0003FC
0000F0
0000F0
000000
000000
000000
000000
0F0000
0F0000
3FC000
3FC000
3FC000
3FC000
0F0000
0F0000
000000
000000
000000
000000
0F0000
0F0000
3FC000
3FC000
3FC000
3FC000
0F0000
0F0000
000000
000000
000000
000000
000000
000000
000000
000000
000000
000000
000000
000000
000000
000000
ENDCHAR
STARTCHAR BRAILLE PATTERN DOTS-1234
ENCODING 10255
SWIDTH 1000 0
DWIDTH 24 0
BBX 24 48 0 -10
BITMAP
000000
000000
0F00F0
0F00F0
3FC3FC
3FC3FC
3FC3FC
3FC3FC
0F00F0
0F00F0
000000
000000
000000
000000
0F0000
0F0000
3FC000
3FC000
3FC000
3FC000
0F0000
0F0000
000000
000000
000000
000000
0F0000
0F0000
3FC000
3FC000
3FC000
3FC000
0F0000
0F0000
000000
000000
000000
000000
000000
000000
000000
000000
000000
000000
000000
000000
000000
000000
ENDCHAR
STARTCHAR BRAILLE PATTERN DOTS-5
ENCODING 10256
SWIDTH 1000 0
DWIDTH 24 0
BBX 24 48 0 -10
BITMAP
000000
000000
000000
000000
000000
000000
000000
000000
000000
000000
000000
000000
000000
000000
0000F0
0000F0
0003FC
0003FC
0003FC
0003FC
0000F0
0000F0
000000
000000
000000
000000
000000
000000
000000
000000
000000
000000
000000
000000
000000
000000
000000
000000
000000
000000
000000
000000
000000
000000
000000
000000
000000
000000
ENDCHAR
STARTCHAR BRAILLE PATTERN DOTS-15
ENCODING 10257
SWIDTH 1000 0
DWIDTH 24 0
BBX 24 48 0 -10
BITMAP
000000
000000
0F0000
0F0000
3FC000
3FC000
3FC000
3FC000
0F0000
0F0000
000000
000000
000000
000000
0000F0
0000F0
0003FC
0003FC
0003FC
0003FC
0000F0
0000F0
000000
000000
000000
000000
000000
000000
000000
000000
000000
000000
000000
000000
000000
000000
000000
000000
000000
000000
000000
000000
000000
000000
000000
000000
000000
000000
ENDCHAR
STARTCHAR BRAILLE PATTERN DOTS-25
ENCODING 10258
SWIDTH 1000 0
DWIDTH 24 0
BBX 24 48 0 -10
BITMAP
000000
000000
000000
000000
000000
000000
000000
000000
000000
000000
000000
000000
000000
000000
0F00F0
0F00F0
3FC3FC
3FC3FC
3FC3FC
3FC3FC
0F00F0
0F00F0
000000
000000
000000
000000
000000
000000
000000
000000
000000
000000
000000
000000
000000
000000
000000
000000
000000
000000
000000
000000
000000
000000
000000
000000
000000
000000
ENDCHAR
STARTCHAR BRAILLE PATTERN DOTS-125
ENCODING 10259
SWIDTH 1000 0
DWIDTH 24 0
BBX 24 48 0 -10
BITMAP
000000
000000
0F0000
0F0000
3FC000
3FC000
3FC000
3FC000
0F0000
0F0000
000000
000000
000000
000000
0F00F0
0F00F0
3FC3FC
3FC3FC
3FC3FC
3FC3FC
0F00F0
0F00F0
000000
000000
000000
000000
000000
000000
000000
000000
000000
000000
000000
000000
000000
000000
000000
000000
000000
000000
000000
000000
000000
000000
000000
000000
000000
000000
ENDCHAR
STARTCHAR BRAILLE PATTERN DOTS-35
ENCODING 10260
SWIDTH 1000 0
DWIDTH 24 0
BBX 24 48 0 -10
BITMAP
000000
000000
000000
000000
000000
000000
000000
000000
000000
000000
000000
000000
000000
000000
0000F0
0000F0
0003FC
0003FC
0003FC
0003FC
0000F0
0000F0
000000
000000
000000
000000
0F0000
0F0000
3FC000
3FC000
3FC000
3FC000
0F0000
0F0000
000000
000000
000000
000000
000000
000000
000000
000000
000000
000000
000000
000000
000000
000000
ENDCHAR
STARTCHAR BRAILLE PATTERN DOTS-135
ENCODING 10261
SWIDTH 1000 0
DWIDTH 24 0
BBX 24 48 0 -10
BITMAP
000000
000000
0F0000
0F0000
3FC000
3FC000
3FC000
3FC000
0F0000
0F0000
000000
000000
000000
000000
0000F0
0000F0
0003FC
0003FC
0003FC
0003FC
0000F0
0000F0
000000
000000
000000
000000
0F0000
0F0000
3FC000
3FC000
3FC000
3FC000
0F0000
0F0000
000000
000000
000000
000000
000000
000000
000000
000000
000000
000000
000000
000000
000000
000000
ENDCHAR
STARTCHAR BRAILLE PATTERN DOTS-235
ENCODING 10262
SWIDTH 1000 0
DWIDTH 24 0
BBX 24 48 0 -10
BITMAP
000000
000000
000000
000000
000000
000000
000000
000000
000000
000000
000000
000000
000000
000000
0F00F0
0F00F0
3FC3FC
3FC3FC
3FC3FC
3FC3FC
0F00F0
0F00F0
000000
000000
000000
000000
0F0000
0F0000
3FC000
3FC000
3FC000
3FC000
0F0000
0F0000
000000
000000
000000
000000
000000
000000
000000
000000
000000
000000
000000
000000
000000
000000
ENDCHAR
STARTCHAR BRAILLE PATTERN DOTS-1235
ENCODING 10263
SWIDTH 1000 0
DWIDTH 24 0
BBX 24 48 0 -10
BITMAP
000000
000000
0F0000
0F0000
3FC000
3FC000
3FC000
3FC000
0F0000
0F0000
000000
000000
000000
000000
0F00F0
0F00F0
3FC3FC
3FC3FC
3FC3FC
3FC3FC
0F00F0
0F00F0
000000
000000
000000
000000
0F0000
0F0000
3FC000
3FC000
3FC000
3FC000
0F0000
0F0000
000000
000000
000000
000000
000000
000000
000000
000000
000000
000000
000000
000000
000000
000000
ENDCHAR
STARTCHAR BRAILLE PATTERN DOTS-45
ENCODING 10264
SWIDTH 1000 0
DWIDTH 24 0
BBX 24 48 0 -10
BITMAP
000000
000000
0000F0
0000F0
0003FC
0003FC
0003FC
0003FC
0000F0
0000F0
000000
000000
000000
000000
0000F0
0000F0
0003FC
0003FC
0003FC
0003FC
0000F0
0000F0
000000
000000
000000
000000
000000
000000
000000
000000
000000
000000
000000
000000
000000
000000
000000
000000
000000
000000
000000
000000
000000
000000
000000
000000
000000
000000
ENDCHAR
STARTCHAR BRAILLE PATTERN DOTS-145
ENCODING 10265
SWIDTH 1000 0
DWIDTH 24 0
BBX 24 48 0 -10
BITMAP
000000
000000
0F00F0
0F00F0
3FC3FC
3FC3FC
3FC3FC
3FC3FC
0F00F0
0F00F0
000000
000000
000000
000000
0000F0
0000F0
0003FC
0003FC
0003FC
0003FC
0000F0
0000F0
000000
000000
000000
000000
000000
000000
000000
000000
000000
000000
000000
000000
000000
000000
000000
000000
000000
000000
000000
000000
000000
000000
000000
000000
000000
000000
ENDCHAR
STARTCHAR BRAILLE PATTERN DOTS-245
ENCODING 10266
SWIDTH 1000 0
DWIDTH 24 0
BBX 24 48 0 -10
BITMAP
000000
000000
0000F0
0000F0
0003FC
0003FC
0003FC
0003FC
0000F0
0000F0
000000
000000
000000
000000
0F00F0
0F00F0
3FC3FC
3FC3FC
3FC3FC
3FC3FC
0F00F0
0F00F0
000000
000000
000000
000000
000000
000000
000000
000000
000000
000000
000000
000000
000000
000000
000000
000000
000000
000000
000000
000000
000000
000000
000000
000000
000000
000000
ENDCHAR
STARTCHAR BRAILLE PATTERN DOTS-1245
ENCODING 10267
SWIDTH 1000 0
DWIDTH 24 0
BBX 24 48 0 -10
BITMAP
000000
000000
0F00F0
0F00F0
3FC3FC
3FC3FC
3FC3FC
3FC3FC
0F00F0
0F00F0
000000
000000
000000
000000
0F00F0
0F00F0
3FC3FC
3FC3FC
3FC3FC
3FC3FC
0F00F0
0F00F0
000000
000000
000000
000000
000000
000000
000000
000000
000000
000000
000000
000000
000000
000000
000000
000000
000000
000000
000000
000000
000000
000000
000000
000000
000000
000000
ENDCHAR
STARTCHAR BRAILLE PATTERN DOTS-345
ENCODING 10268
SWIDTH 1000 0
DWIDTH 24 0
BBX 24 48 0 -10
BITMAP
000000
000000
0000F0
0000F0
0003FC
0003FC
0003FC
0003FC
0000F0
0000F0
000000
000000
000000
000000
0000F0
0000F0
0003FC
0003FC
0003FC
0003FC
0000F0
0000F0
000000
000000
000000
000000
0F0000
0F0000
3FC000
3FC000
3FC000
3FC000
0F0000
0F0000
000000
000000
000000
000000
000000
000000
000000
000000
000000
000000
000000
000000
000000
000000
ENDCHAR
STARTCHAR BRAILLE PATTERN DOTS-1345
ENCODING 10269
SWIDTH 1000 0
DWIDTH 24 0
BBX 24 48 0 -10
BITMAP
000000
000000
0F00F0
0F00F0
3FC3FC
3FC3FC
3FC3FC
3FC3FC
0F00F0
0F00F0
000000
000000
000000
000000
0000F0
0000F0
0003FC
0003FC
0003FC
0003FC
0000F0
0000F0
000000
000000
000000
000000
0F0000
0F0000
3FC000
3FC000
3FC000
3FC000
0F0000
0F0000
000000
000000
000000
000000
000000
000000
000000
000000
000000
000000
000000
000000
000000
000000
ENDCHAR
STARTCHAR BRAILLE PATTERN DOTS-2345
ENCODING 10270
SWIDTH 1000 0
DWIDTH 24 0
BBX 24 48 0 -10
BITMAP
000000
000000
0000F0
0000F0
0003FC
0003FC
0003FC
0003FC
0000F0
0000F0
000000
000000
000000
000000
0F00F0
0F00F0
3FC3FC
3FC3FC
3FC3FC
3FC3FC
0F00F0
0F00F0
000000
000000
000000
000000
0F0000
0F0000
3FC000
3FC000
3FC000
3FC000
0F0000
0F0000
000000
000000
000000
000000
000000
000000
000000
000000
000000
000000
000000
000000
000000
000000
ENDCHAR
STARTCHAR BRAILLE PATTERN DOTS-12345
ENCODING 10271
SWIDTH 1000 0
DWIDTH 24 0
BBX 24 48 0 -10
BITMAP
000000
000000
0F00F0
0F00F0
3FC3FC
3FC3FC
3FC3FC
3FC3FC
0F00F0
0F00F0
000000
000000
000000
000000
0F00F0
0F00F0
3FC3FC
3FC3FC
3FC3FC
3FC3FC
0F00F0
0F00F0
000000
000000
000000
000000
0F0000
0F0000
3FC000
3FC000
3FC000
3FC000
0F0000
0F0000
000000
000000
000000
000000
000000
000000
000000
000000
000000
000000
000000
000000
000000
000000
ENDCHAR
STARTCHAR BRAILLE PATTERN DOTS-6
ENCODING 10272
SWIDTH 1000 0
DWIDTH 24 0
BBX 24 48 0 -10
BITMAP
000000
000000
000000
000000
000000
000000
000000
000000
000000
000000
000000
000000
000000
000000
000000
000000
000000
000000
000000
000000
000000
000000
000000
000000
000000
000000
0000F0
0000F0
0003FC
0003FC
0003FC
0003FC
0000F0
0000F0
000000
000000
000000
000000
000000
000000
000000
000000
000000
000000
000000
000000
000000
000000
ENDCHAR
STARTCHAR BRAILLE PATTERN DOTS-16
ENCODING 10273
SWIDTH 1000 0
DWIDTH 24 0
BBX 24 48 0 -10
BITMAP
000000
000000
0F0000
0F0000
3FC000
3FC000
3FC000
3FC000
0F0000
0F0000
000000
000000
000000
000000
000000
000000
000000
000000
000000
000000
000000
000000
000000
000000
000000
000000
0000F0
0000F0
0003FC
0003FC
0003FC
0003FC
0000F0
0000F0
000000
000000
000000
000000
000000
000000
000000
000000
000000
000000
000000
000000
000000
000000
ENDCHAR
STARTCHAR BRAILLE PATTERN DOTS-26
ENCODING 10274
SWIDTH 1000 0
DWIDTH 24 0
BBX 24 48 0 -10
BITMAP
000000
000000
000000
000000
000000
000000
000000
000000
000000
000000
000000
000000
000000
000000
0F0000
0F0000
3FC000
3FC000
3FC000
3FC000
0F0000
0F0000
000000
000000
000000
000000
0000F0
0000F0
0003FC
0003FC
0003FC
0003FC
0000F0
0000F0
000000
000000
000000
000000
000000
000000
000000
000000
000000
000000
000000
000000
000000
000000
ENDCHAR
STARTCHAR BRAILLE PATTERN DOTS-126
ENCODING 10275
SWIDTH 1000 0
DWIDTH 24 0
BBX 24 48 0 -10
BITMAP
000000
000000
0F0000
0F0000
3FC000
3FC000
3FC000
3FC000
0F0000
0F0000
000000
000000
000000
000000
0F0000
0F0000
3FC000
3FC000
3FC000
3FC000
0F0000
0F0000
000000
000000
000000
000000
0000F0
0000F0
0003FC
0003FC
0003FC
0003FC
0000F0
0000F0
000000
000000
000000
000000
000000
000000
000000
000000
000000
000000
000000
000000
000000
000000
ENDCHAR
STARTCHAR BRAILLE PATTERN DOTS-36
ENCODING 10276
SWIDTH 1000 0
DWIDTH 24 0
BBX 24 48 0 -10
BITMAP
000000
000000
000000
000000
000000
000000
000000
000000
000000
000000
000000
000000
000000
000000
000000
000000
000000
000000
000000
000000
000000
000000
000000
000000
000000
000000
0F00F0
0F00F0
3FC3FC
3FC3FC
3FC3FC
3FC3FC
0F00F0
0F00F0
000000
000000
000000
000000
000000
000000
000000
000000
000000
000000
000000
000000
000000
000000
ENDCHAR
STARTCHAR BRAILLE PATTERN DOTS-136
ENCODING 10277
SWIDTH 1000 0
DWIDTH 24 0
BBX 24 48 0 -10
BITMAP
000000
000000
0F0000
0F0000
3FC000
3FC000
3FC000
3FC000
0F0000
0F0000
000000
000000
000000
000000
000000
000000
000000
000000
000000
000000
000000
000000
000000
000000
000000
000000
0F00F0
0F00F0
3FC3FC
3FC3FC
3FC3FC
3FC3FC
0F00F0
0F00F0
000000
000000
000000
000000
000000
000000
000000
000000
000000
000000
000000
000000
000000
000000
ENDCHAR
STARTCHAR BRAILLE PATTERN DOTS-236
ENCODING 10278
SWIDTH 1000 0
DWIDTH 24 0
BBX 24 48 0 -10
BITMAP
000000
000000
000000
000000
000000
000000
000000
000000
000000
000000
000000
000000
000000
000000
0F0000
0F0000
3FC000
3FC000
3FC000
3FC000
0F0000
0F0000
000000
000000
000000
000000
0F00F0
0F00F0
3FC3FC
3FC3FC
3FC3FC
3FC3FC
0F00F0
0F00F0
000000
000000
000000
000000
000000
000000
000000
000000
000000
000000
000000
000000
000000
000000
ENDCHAR
STARTCHAR BRAILLE PATTERN DOTS-1236
ENCODING 10279
SWIDTH 1000 0
DWIDTH 24 0
BBX 24 48 0 -10
BITMAP
000000
000000
0F0000
0F0000
3FC000
3FC000
3FC000
3FC000
0F0000
0F0000
000000
000000
000000
000000
0F0000
0F0000
3FC000
3FC000
3FC000
3FC000
0F0000
0F0000
000000
000000
000000
000000
0F00F0
0F00F0
3FC3FC
3FC3FC
3FC3FC
3FC3FC
0F00F0
0F00F0
000000
000000
000000
000000
000000
000000
000000
000000
000000
000000
000000
000000
000000
000000
ENDCHAR
STARTCHAR BRAILLE PATTERN DOTS-46
ENCODING 10280
SWIDTH 1000 0
DWIDTH 24 0
BBX 24 48 0 -10
BITMAP
000000
000000
0000F0
0000F0
0003FC
0003FC
0003FC
0003FC
0000F0
0000F0
000000
000000
000000
000000
000000
000000
000000
000000
000000
000000
000000
000000
000000
000000
000000
000000
0000F0
0000F0
0003FC
0003FC
0003FC
0003FC
0000F0
0000F0
000000
000000
000000
000000
000000
000000
000000
000000
000000
000000
000000
000000
000000
000000
ENDCHAR
STARTCHAR BRAILLE PATTERN DOTS-146
ENCODING 10281
SWIDTH 1000 0
DWIDTH 24 0
BBX 24 48 0 -10
BITMAP
000000
000000
0F00F0
0F00F0
3FC3FC
3FC3FC
3FC3FC
3FC3FC
0F00F0
0F00F0
000000
000000
000000
000000
000000
000000
000000
000000
000000
000000
000000
000000
000000
000000
000000
000000
0000F0
0000F0
0003FC
0003FC
0003FC
0003FC
0000F0
0000F0
000000
000000
000000
000000
000000
000000
000000
000000
000000
000000
000000
000000
000000
000000
ENDCHAR
STARTCHAR BRAILLE PATTERN DOTS-246
ENCODING 10282
SWIDTH 1000 0
DWIDTH 24 0
BBX 24 48 0 -10
BITMAP
000000
000000
0000F0
0000F0
0003FC
0003FC
0003FC
0003FC
0000F0
0000F0
000000
000000
000000
000000
0F0000
0F0000
3FC000
3FC000
3FC000
3FC000
0F0000
0F0000
000000
000000
000000
000000
0000F0
0000F0
0003FC
0003FC
0003FC
0003FC
0000F0
0000F0
000000
000000
000000
000000
000000
000000
000000
000000
000000
000000
000000
000000
000000
000000
ENDCHAR
STARTCHAR BRAILLE PATTERN DOTS-1246
ENCODING 10283
SWIDTH 1000 0
DWIDTH 24 0
BBX 24 48 0 -10
BITMAP
000000
000000
0F00F0
0F00F0
3FC3FC
3FC3FC
3FC3FC
3FC3FC
0F00F0
0F00F0
000000
000000
000000
000000
0F0000
0F0000
3FC000
3FC000
3FC000
3FC000
0F0000
0F0000
000000
000000
000000
000000
0000F0
0000F0
0003FC
0003FC
0003FC
0003FC
0000F0
0000F0
000000
000000
000000
000000
000000
000000
000000
000000
000000
000000
000000
000000
000000
000000
ENDCHAR
STARTCHAR BRAILLE PATTERN DOTS-346
ENCODING 10284
SWIDTH 1000 0
DWIDTH 24 0
BBX 24 48 0 -10
BITMAP
000000
000000
0000F0
0000F0
0003FC
0003FC
0003FC
0003FC
0000F0
0000F0
000000
000000
000000
000000
000000
000000
000000
000000
000000
000000
000000
000000
000000
000000
000000
000000
0F00F0
0F00F0
3FC3FC
3FC3FC
3FC3FC
3FC3FC
0F00F0
0F00F0
000000
000000
000000
000000
000000
000000
000000
000000
000000
000000
000000
000000
000000
000000
ENDCHAR
STARTCHAR BRAILLE PATTERN DOTS-1346
ENCODING 10285
SWIDTH 1000 0
DWIDTH 24 0
BBX 24 48 0 -10
BITMAP
000000
000000
0F00F0
0F00F0
3FC3FC
3FC3FC
3FC3FC
3FC3FC
0F00F0
0F00F0
000000
000000
000000
000000
000000
000000
000000
000000
000000
000000
000000
000000
000000
000000
000000
000000
0F00F0
0F00F0
3FC3FC
3FC3FC
3FC3FC
3FC3FC
0F00F0
0F00F0
000000
000000
000000
000000
000000
000000
000000
000000
000000
000000
000000
000000
000000
000000
ENDCHAR
STARTCHAR BRAILLE PATTERN DOTS-2346
ENCODING 10286
SWIDTH 1000 0
DWIDTH 24 0
BBX 24 48 0 -10
BITMAP
000000
000000
0000F0
0000F0
0003FC
0003FC
0003FC
0003FC
0000F0
0000F0
000000
000000
000000
000000
0F0000
0F0000
3FC000
3FC000
3FC000
3FC000
0F0000
0F0000
000000
000000
000000
000000
0F00F0
0F00F0
3FC3FC
3FC3FC
3FC3FC
3FC3FC
0F00F0
0F00F0
000000
000000
000000
000000
000000
000000
000000
000000
000000
000000
000000
000000
000000
000000
ENDCHAR
STARTCHAR BRAILLE PATTERN DOTS-12346
ENCODING 10287
SWIDTH 1000 0
DWIDTH 24 0
BBX 24 48 0 -10
BITMAP
000000
000000
0F00F0
0F00F0
3FC3FC
3FC3FC
3FC3FC
3FC3FC
0F00F0
0F00F0
000000
000000
000000
000000
0F0000
0F0000
3FC000
3FC000
3FC000
3FC000
0F0000
0F0000
000000
000000
000000
000000
0F00F0
0F00F0
3FC3FC
3FC3FC
3FC3FC
3FC3FC
0F00F0
0F00F0
000000
000000
000000
000000
000000
000000
000000
000000
000000
000000
000000
000000
000000
000000
ENDCHAR
STARTCHAR BRAILLE PATTERN DOTS-56
ENCODING 10288
SWIDTH 1000 0
DWIDTH 24 0
BBX 24 48 0 -10
BITMAP
000000
000000
000000
000000
000000
000000
000000
000000
000000
000000
000000
000000
000000
000000
0000F0
0000F0
0003FC
0003FC
0003FC
0003FC
0000F0
0000F0
000000
000000
000000
000000
0000F0
0000F0
0003FC
0003FC
0003FC
0003FC
0000F0
0000F0
000000
000000
000000
000000
000000
000000
000000
000000
000000
000000
000000
000000
000000
000000
ENDCHAR
STARTCHAR BRAILLE PATTERN DOTS-156
ENCODING 10289
SWIDTH 1000 0
DWIDTH 24 0
BBX 24 48 0 -10
BITMAP
000000
000000
0F0000
0F0000
3FC000
3FC000
3FC000
3FC000
0F0000
0F0000
000000
000000
000000
000000
0000F0
0000F0
0003FC
0003FC
0003FC
0003FC
0000F0
0000F0
000000
000000
000000
000000
0000F0
0000F0
0003FC
0003FC
0003FC
0003FC
0000F0
0000F0
000000
000000
000000
000000
000000
000000
000000
000000
000000
000000
000000
000000
000000
000000
ENDCHAR
STARTCHAR BRAILLE PATTERN DOTS-256
ENCODING 10290
SWIDTH 1000 0
DWIDTH 24 0
BBX 24 48 0 -10
BITMAP
000000
000000
000000
000000
000000
000000
000000
000000
000000
000000
000000
000000
000000
000000
0F00F0
0F00F0
3FC3FC
3FC3FC
3FC3FC
3FC3FC
0F00F0
0F00F0
000000
000000
000000
000000
0000F0
0000F0
0003FC
0003FC
0003FC
0003FC
0000F0
0000F0
000000
000000
000000
000000
000000
000000
000000
000000
000000
000000
000000
000000
000000
000000
ENDCHAR
STARTCHAR BRAILLE PATTERN DOTS-1256
ENCODING 10291
SWIDTH 1000 0
DWIDTH 24 0
BBX 24 48 0 -10
BITMAP
000000
000000
0F0000
0F0000
3FC000
3FC000
3FC000
3FC000
0F0000
0F0000
000000
000000
000000
000000
0F00F0
0F00F0
3FC3FC
3FC3FC
3FC3FC
3FC3FC
0F00F0
0F00F0
000000
000000
000000
000000
0000F0
0000F0
0003FC
0003FC
0003FC
0003FC
0000F0
0000F0
000000
000000
000000
000000
000000
000000
000000
000000
000000
000000
000000
000000
000000
000000
ENDCHAR
STARTCHAR BRAILLE PATTERN DOTS-356
ENCODING 10292
SWIDTH 1000 0
DWIDTH 24 0
BBX 24 48 0 -10
BITMAP
000000
000000
000000
000000
000000
000000
000000
000000
000000
000000
000000
000000
000000
000000
0000F0
0000F0
0003FC
0003FC
0003FC
0003FC
0000F0
0000F0
000000
000000
000000
000000
0F00F0
0F00F0
3FC3FC
3FC3FC
3FC3FC
3FC3FC
0F00F0
0F00F0
000000
000000
000000
000000
000000
000000
000000
000000
000000
000000
000000
000000
000000
000000
ENDCHAR
STARTCHAR BRAILLE PATTERN DOTS-1356
ENCODING 10293
SWIDTH 1000 0
DWIDTH 24 0
BBX 24 48 0 -10
BITMAP
000000
000000
0F0000
0F0000
3FC000
3FC000
3FC000
3FC000
0F0000
0F0000
000000
000000
000000
000000
0000F0
0000F0
0003FC
0003FC
0003FC
0003FC
0000F0
0000F0
000000
000000
000000
000000
0F00F0
0F00F0
3FC3FC
3FC3FC
3FC3FC
3FC3FC
0F00F0
0F00F0
000000
000000
000000
000000
000000
000000
000000
000000
000000
000000
000000
000000
000000
000000
ENDCHAR
STARTCHAR BRAILLE PATTERN DOTS-2356
ENCODING 10294
SWIDTH 1000 0
DWIDTH 24 0
BBX 24 48 0 -10
BITMAP
000000
000000
000000
000000
000000
000000
000000
000000
000000
000000
000000
000000
000000
000000
0F00F0
0F00F0
3FC3FC
3FC3FC
3FC3FC
3FC3FC
0F00F0
0F00F0
000000
000000
000000
000000
0F00F0
0F00F0
3FC3FC
3FC3FC
3FC3FC
3FC3FC
0F00F0
0F00F0
000000
000000
000000
000000
000000
000000
000000
000000
000000
000000
000000
000000
000000
000000
ENDCHAR
STARTCHAR BRAILLE PATTERN DOTS-12356
ENCODING 10295
SWIDTH 1000 0
DWIDTH 24 0
BBX 24 48 0 -10
BITMAP
000000
000000
0F0000
0F0000
3FC000
3FC000
3FC000
3FC000
0F0000
0F0000
000000
000000
000000
000000
0F00F0
0F00F0
3FC3FC
3FC3FC
3FC3FC
3FC3FC
0F00F0
0F00F0
000000
000000
000000
000000
0F00F0
0F00F0
3FC3FC
3FC3FC
3FC3FC
3FC3FC
0F00F0
0F00F0
000000
000000
000000
000000
000000
000000
000000
000000
000000
000000
000000
000000
000000
000000
ENDCHAR
STARTCHAR BRAILLE PATTERN DOTS-456
ENCODING 10296
SWIDTH 1000 0
DWIDTH 24 0
BBX 24 48 0 -10
BITMAP
000000
000000
0000F0
0000F0
0003FC
0003FC
0003FC
0003FC
0000F0
0000F0
000000
000000
000000
000000
0000F0
0000F0
0003FC
0003FC
0003FC
0003FC
0000F0
0000F0
000000
000000
000000
000000
0000F0
0000F0
0003FC
0003FC
0003FC
0003FC
0000F0
0000F0
000000
000000
000000
000000
000000
000000
000000
000000
000000
000000
000000
000000
000000
000000
ENDCHAR
STARTCHAR BRAILLE PATTERN DOTS-1456
ENCODING 10297
SWIDTH 1000 0
DWIDTH 24 0
BBX 24 48 0 -10
BITMAP
000000
000000
0F00F0
0F00F0
3FC3FC
3FC3FC
3FC3FC
3FC3FC
0F00F0
0F00F0
000000
000000
000000
000000
0000F0
0000F0
0003FC
0003FC
0003FC
0003FC
0000F0
0000F0
000000
000000
000000
000000
0000F0
0000F0
0003FC
0003FC
0003FC
0003FC
0000F0
0000F0
000000
000000
000000
000000
000000
000000
000000
000000
000000
000000
000000
000000
000000
000000
ENDCHAR
STARTCHAR BRAILLE PATTERN DOTS-2456
ENCODING 10298
SWIDTH 1000 0
DWIDTH 24 0
BBX 24 48 0 -10
BITMAP
000000
000000
0000F0
0000F0
0003FC
0003FC
0003FC
0003FC
0000F0
0000F0
000000
000000
000000
000000
0F00F0
0F00F0
3FC3FC
3FC3FC
3FC3FC
3FC3FC
0F00F0
0F00F0
000000
000000
000000
000000
0000F0
0000F0
0003FC
0003FC
0003FC
0003FC
0000F0
0000F0
000000
000000
000000
000000
000000
000000
000000
000000
000000
000000
000000
000000
000000
000000
ENDCHAR
STARTCHAR BRAILLE PATTERN DOTS-12456
ENCODING 10299
SWIDTH 1000 0
DWIDTH 24 0
BBX 24 48 0 -10
BITMAP
000000
000000
0F00F0
0F00F0
3FC3FC
3FC3FC
3FC3FC
3FC3FC
0F00F0
0F00F0
000000
000000
000000
000000
0F00F0
0F00F0
3FC3FC
3FC3FC
3FC3FC
3FC3FC
0F00F0
0F00F0
000000
000000
000000
000000
0000F0
0000F0
0003FC
0003FC
0003FC
0003FC
0000F0
0000F0
000000
000000
000000
000000
000000
000000
000000
000000
000000
000000
000000
000000
000000
000000
ENDCHAR
STARTCHAR BRAILLE PATTERN DOTS-3456
ENCODING 10300
SWIDTH 1000 0
DWIDTH 24 0
BBX 24 48 0 -10
BITMAP
000000
000000
0000F0
0000F0
0003FC
0003FC
0003FC
0003FC
0000F0
0000F0
000000
000000
000000
000000
0000F0
0000F0
0003FC
0003FC
0003FC
0003FC
0000F0
0000F0
000000
000000
000000
000000
0F00F0
0F00F0
3FC3FC
3FC3FC
3FC3FC
3FC3FC
0F00F0
0F00F0
000000
000000
000000
000000
000000
000000
000000
000000
000000
000000
000000
000000
000000
000000
ENDCHAR
STARTCHAR BRAILLE PATTERN DOTS-13456
ENCODING 10301
SWIDTH 1000 0
DWIDTH 24 0
BBX 24 48 0 -10
BITMAP
000000
000000
0F00F0
0F00F0
3FC3FC
3FC3FC
3FC3FC
3FC3FC
0F00F0
0F00F0
000000
000000
000000
000000
0000F0
0000F0
0003FC
0003FC
0003FC
0003FC
0000F0
0000F0
000000
000000
000000
000000
0F00F0
0F00F0
3FC3FC
3FC3FC
3FC3FC
3FC3FC
0F00F0
0F00F0
000000
000000
000000
000000
000000
000000
000000
000000
000000
000000
000000
000000
000000
000000
ENDCHAR
STARTCHAR BRAILLE PATTERN DOTS-23456
ENCODING 10302
SWIDTH 1000 0
DWIDTH 24 0
BBX 24 48 0 -10
BITMAP
000000
000000
0000F0
0000F0
0003FC
0003FC
0003FC
0003FC
0000F0
0000F0
000000
000000
000000
000000
0F00F0
0F00F0
3FC3FC
3FC3FC
3FC3FC
3FC3FC
0F00F0
0F00F0
000000
000000
000000
000000
0F00F0
0F00F0
3FC3FC
3FC3FC
3FC3FC
3FC3FC
0F00F0
0F00F0
000000
000000
000000
000000
000000
000000
000000
000000
000000
000000
000000
000000
000000
000000
ENDCHAR
STARTCHAR BRAILLE PATTERN DOTS-123456
ENCODING 10303
SWIDTH 1000 0
DWIDTH 24 0
BBX 24 48 0 -10
BITMAP
000000
000000
0F00F0
0F00F0
3FC3FC
3FC3FC
3FC3FC
3FC3FC
0F00F0
0F00F0
000000
000000
000000
000000
0F00F0
0F00F0
3FC3FC
3FC3FC
3FC3FC
3FC3FC
0F00F0
0F00F0
000000
000000
000000
000000
0F00F0
0F00F0
3FC3FC
3FC3FC
3FC3FC
3FC3FC
0F00F0
0F00F0
000000
000000
000000
000000
000000
000000
000000
000000
000000
000000
000000
000000
000000
000000
ENDCHAR
STARTCHAR BRAILLE PATTERN DOTS-7
ENCODING 10304
SWIDTH 1000 0
DWIDTH 24 0
BBX 24 48 0 -10
BITMAP
000000
000000
000000
000000
000000
000000
000000
000000
000000
000000
000000
000000
000000
000000
000000
000000
000000
000000
000000
000000
000000
000000
000000
000000
000000
000000
000000
000000
000000
000000
000000
000000
000000
000000
000000
000000
000000
000000
0F0000
0F0000
3FC000
3FC000
3FC000
3FC000
0F0000
0F0000
000000
000000
ENDCHAR
STARTCHAR BRAILLE PATTERN DOTS-17
ENCODING 10305
SWIDTH 1000 0
DWIDTH 24 0
BBX 24 48 0 -10
BITMAP
000000
000000
0F0000
0F0000
3FC000
3FC000
3FC000
3FC000
0F0000
0F0000
000000
000000
000000
000000
000000
000000
000000
000000
000000
000000
000000
000000
000000
000000
000000
000000
000000
000000
000000
000000
000000
000000
000000
000000
000000
000000
000000
000000
0F0000
0F0000
3FC000
3FC000
3FC000
3FC000
0F0000
0F0000
000000
000000
ENDCHAR
STARTCHAR BRAILLE PATTERN DOTS-27
ENCODING 10306
SWIDTH 1000 0
DWIDTH 24 0
BBX 24 48 0 -10
BITMAP
000000
000000
000000
000000
000000
000000
000000
000000
000000
000000
000000
000000
000000
000000
0F0000
0F0000
3FC000
3FC000
3FC000
3FC000
0F0000
0F0000
000000
000000
000000
000000
000000
000000
000000
000000
000000
000000
000000
000000
000000
000000
000000
000000
0F0000
0F0000
3FC000
3FC000
3FC000
3FC000
0F0000
0F0000
000000
000000
ENDCHAR
STARTCHAR BRAILLE PATTERN DOTS-127
ENCODING 10307
SWIDTH 1000 0
DWIDTH 24 0
BBX 24 48 0 -10
BITMAP
000000
000000
0F0000
0F0000
3FC000
3FC000
3FC000
3FC000
0F0000
0F0000
000000
000000
000000
000000
0F0000
0F0000
3FC000
3FC000
3FC000
3FC000
0F0000
0F0000
000000
000000
000000
000000
000000
000000
000000
000000
000000
000000
000000
000000
000000
000000
000000
000000
0F0000
0F0000
3FC000
3FC000
3FC000
3FC000
0F0000
0F0000
000000
000000
ENDCHAR
STARTCHAR BRAILLE PATTERN DOTS-37
ENCODING 10308
SWIDTH 1000 0
DWIDTH 24 0
BBX 24 48 0 -10
BITMAP
000000
000000
000000
000000
000000
000000
000000
000000
000000
000000
000000
000000
000000
000000
000000
000000
000000
000000
000000
000000
000000
000000
000000
000000
000000
000000
0F0000
0F0000
3FC000
3FC000
3FC000
3FC000
0F0000
0F0000
000000
000000
000000
000000
0F0000
0F0000
3FC000
3FC000
3FC000
3FC000
0F0000
0F0000
000000
000000
ENDCHAR
STARTCHAR BRAILLE PATTERN DOTS-137
ENCODING 10309
SWIDTH 1000 0
DWIDTH 24 0
BBX 24 48 0 -10
BITMAP
000000
000000
0F0000
0F0000
3FC000
3FC000
3FC000
3FC000
0F0000
0F0000
000000
000000
000000
000000
000000
000000
000000
000000
000000
000000
000000
000000
000000
000000
000000
000000
0F0000
0F0000
3FC000
3FC000
3FC000
3FC000
0F0000
0F0000
000000
000000
000000
000000
0F0000
0F0000
3FC000
3FC000
3FC000
3FC000
0F0000
0F0000
000000
000000
ENDCHAR
STARTCHAR BRAILLE PATTERN DOTS-237
ENCODING 10310
SWIDTH 1000 0
DWIDTH 24 0
BBX 24 48 0 -10
BITMAP
000000
000000
000000
000000
000000
000000
000000
000000
000000
000000
000000
000000
000000
000000
0F0000
0F0000
3FC000
3FC000
3FC000
3FC000
0F0000
0F0000
000000
000000
000000
000000
0F0000
0F0000
3FC000
3FC000
3FC000
3FC000
0F0000
0F0000
000000
000000
000000
000000
0F0000
0F0000
3FC000
3FC000
3FC000
3FC000
0F0000
0F0000
000000
000000
ENDCHAR
STARTCHAR BRAILLE PATTERN DOTS-1237
ENCODING 10311
SWIDTH 1000 0
DWIDTH 24 0
BBX 24 48 0 -10
BITMAP
000000
000000
0F0000
0F0000
3FC000
3FC000
3FC000
3FC000
0F0000
0F0000
000000
000000
000000
000000
0F0000
0F0000
3FC000
3FC000
3FC000
3FC000
0F0000
0F0000
000000
000000
000000
000000
0F0000
0F0000
3FC000
3FC000
3FC000
3FC000
0F0000
0F0000
000000
000000
000000
000000
0F0000
0F0000
3FC000
3FC000
3FC000
3FC000
0F0000
0F0000
000000
000000
ENDCHAR
STARTCHAR BRAILLE PATTERN DOTS-47
ENCODING 10312
SWIDTH 1000 0
DWIDTH 24 0
BBX 24 48 0 -10
BITMAP
000000
000000
0000F0
0000F0
0003FC
0003FC
0003FC
0003FC
0000F0
0000F0
000000
000000
000000
000000
000000
000000
000000
000000
000000
000000
000000
000000
000000
000000
000000
000000
000000
000000
000000
000000
000000
000000
000000
000000
000000
000000
000000
000000
0F0000
0F0000
3FC000
3FC000
3FC000
3FC000
0F0000
0F0000
000000
000000
ENDCHAR
STARTCHAR BRAILLE PATTERN DOTS-147
ENCODING 10313
SWIDTH 1000 0
DWIDTH 24 0
BBX 24 48 0 -10
BITMAP
000000
000000
0F00F0
0F00F0
3FC3FC
3FC3FC
3FC3FC
3FC3FC
0F00F0
0F00F0
000000
000000
000000
000000
000000
000000
000000
000000
000000
000000
000000
000000
000000
000000
000000
000000
000000
000000
000000
000000
000000
000000
000000
000000
000000
000000
000000
000000
0F0000
0F0000
3FC000
3FC000
3FC000
3FC000
0F0000
0F0000
000000
000000
ENDCHAR
STARTCHAR BRAILLE PATTERN DOTS-247
ENCODING 10314
SWIDTH 1000 0
DWIDTH 24 0
BBX 24 48 0 -10
BITMAP
000000
000000
0000F0
0000F0
0003FC
0003FC
0003FC
0003FC
0000F0
0000F0
000000
000000
000000
000000
0F0000
0F0000
3FC000
3FC000
3FC000
3FC000
0F0000
0F0000
000000
000000
000000
000000
000000
000000
000000
000000
000000
000000
000000
000000
000000
000000
000000
000000
0F0000
0F0000
3FC000
3FC000
3FC000
3FC000
0F0000
0F0000
000000
000000
ENDCHAR
STARTCHAR BRAILLE PATTERN DOTS-1247
ENCODING 10315
SWIDTH 1000 0
DWIDTH 24 0
BBX 24 48 0 -10
BITMAP
000000
000000
0F00F0
0F00F0
3FC3FC
3FC3FC
3FC3FC
3FC3FC
0F00F0
0F00F0
000000
000000
000000
000000
0F0000
0F0000
3FC000
3FC000
3FC000
3FC000
0F0000
0F0000
000000
000000
000000
000000
000000
000000
000000
000000
000000
000000
000000
000000
000000
000000
000000
000000
0F0000
0F0000
3FC000
3FC000
3FC000
3FC000
0F0000
0F0000
000000
000000
ENDCHAR
STARTCHAR BRAILLE PATTERN DOTS-347
ENCODING 10316
SWIDTH 1000 0
DWIDTH 24 0
BBX 24 48 0 -10
BITMAP
000000
000000
0000F0
0000F0
0003FC
0003FC
0003FC
0003FC
0000F0
0000F0
000000
000000
000000
000000
000000
000000
000000
000000
000000
000000
000000
000000
000000
000000
000000
000000
0F0000
0F0000
3FC000
3FC000
3FC000
3FC000
0F0000
0F0000
000000
000000
000000
000000
0F0000
0F0000
3FC000
3FC000
3FC000
3FC000
0F0000
0F0000
000000
000000
ENDCHAR
STARTCHAR BRAILLE PATTERN DOTS-1347
ENCODING 10317
SWIDTH 1000 0
DWIDTH 24 0
BBX 24 48 0 -10
BITMAP
000000
000000
0F00F0
0F00F0
3FC3FC
3FC3FC
3FC3FC
3FC3FC
0F00F0
0F00F0
000000
000000
000000
000000
000000
000000
000000
000000
000000
000000
000000
000000
000000
000000
000000
000000
0F0000
0F0000
3FC000
3FC000
3FC000
3FC000
0F0000
0F0000
000000
000000
000000
000000
0F0000
0F0000
3FC000
3FC000
3FC000
3FC000
0F0000
0F0000
000000
000000
ENDCHAR
STARTCHAR BRAILLE PATTERN DOTS-2347
ENCODING 10318
SWIDTH 1000 0
DWIDTH 24 0
BBX 24 48 0 -10
BITMAP
000000
000000
0000F0
0000F0
0003FC
0003FC
0003FC
0003FC
0000F0
0000F0
000000
000000
000000
000000
0F0000
0F0000
3FC000
3FC000
3FC000
3FC000
0F0000
0F0000
000000
000000
000000
000000
0F0000
0F0000
3FC000
3FC000
3FC000
3FC000
0F0000
0F0000
000000
000000
000000
000000
0F0000
0F0000
3FC000
3FC000
3FC000
3FC000
0F0000
0F0000
000000
000000
ENDCHAR
STARTCHAR BRAILLE PATTERN DOTS-12347
ENCODING 10319
SWIDTH 1000 0
DWIDTH 24 0
BBX 24 48 0 -10
BITMAP
000000
000000
0F00F0
0F00F0
3FC3FC
3FC3FC
3FC3FC
3FC3FC
0F00F0
0F00F0
000000
000000
000000
000000
0F0000
0F0000
3FC000
3FC000
3FC000
3FC000
0F0000
0F0000
000000
000000
000000
000000
0F0000
0F0000
3FC000
3FC000
3FC000
3FC000
0F0000
0F0000
000000
000000
000000
000000
0F0000
0F0000
3FC000
3FC000
3FC000
3FC000
0F0000
0F0000
000000
000000
ENDCHAR
STARTCHAR BRAILLE PATTERN DOTS-57
ENCODING 10320
SWIDTH 1000 0
DWIDTH 24 0
BBX 24 48 0 -10
BITMAP
000000
000000
000000
000000
000000
000000
000000
000000
000000
000000
000000
000000
000000
000000
0000F0
0000F0
0003FC
0003FC
0003FC
0003FC
0000F0
0000F0
000000
000000
000000
000000
000000
000000
000000
000000
000000
000000
000000
000000
000000
000000
000000
000000
0F0000
0F0000
3FC000
3FC000
3FC000
3FC000
0F0000
0F0000
000000
000000
ENDCHAR
STARTCHAR BRAILLE PATTERN DOTS-157
ENCODING 10321
SWIDTH 1000 0
DWIDTH 24 0
BBX 24 48 0 -10
BITMAP
000000
000000
0F0000
0F0000
3FC000
3FC000
3FC000
3FC000
0F0000
0F0000
000000
000000
000000
000000
0000F0
0000F0
0003FC
0003FC
0003FC
0003FC
0000F0
0000F0
000000
000000
000000
000000
000000
000000
000000
000000
000000
000000
000000
000000
000000
000000
000000
000000
0F0000
0F0000
3FC000
3FC000
3FC000
3FC000
0F0000
0F0000
000000
000000
ENDCHAR
STARTCHAR BRAILLE PATTERN DOTS-257
ENCODING 10322
SWIDTH 1000 0
DWIDTH 24 0
BBX 24 48 0 -10
BITMAP
000000
000000
000000
000000
000000
000000
000000
000000
000000
000000
000000
000000
000000
000000
0F00F0
0F00F0
3FC3FC
3FC3FC
3FC3FC
3FC3FC
0F00F0
0F00F0
000000
000000
000000
000000
000000
000000
000000
000000
000000
000000
000000
000000
000000
000000
000000
000000
0F0000
0F0000
3FC000
3FC000
3FC000
3FC000
0F0000
0F0000
000000
000000
ENDCHAR
STARTCHAR BRAILLE PATTERN DOTS-1257
ENCODING 10323
SWIDTH 1000 0
DWIDTH 24 0
BBX 24 48 0 -10
BITMAP
000000
000000
0F0000
0F0000
3FC000
3FC000
3FC000
3FC000
0F0000
0F0000
000000
000000
000000
000000
0F00F0
0F00F0
3FC3FC
3FC3FC
3FC3FC
3FC3FC
0F00F0
0F00F0
000000
000000
000000
000000
000000
000000
000000
000000
000000
000000
000000
000000
000000
000000
000000
000000
0F0000
0F0000
3FC000
3FC000
3FC000
3FC000
0F0000
0F0000
000000
000000
ENDCHAR
STARTCHAR BRAILLE PATTERN DOTS-357
ENCODING 10324
SWIDTH 1000 0
DWIDTH 24 0
BBX 24 48 0 -10
BITMAP
000000
000000
000000
000000
000000
000000
000000
000000
000000
000000
000000
000000
000000
000000
0000F0
0000F0
0003FC
0003FC
0003FC
0003FC
0000F0
0000F0
000000
000000
000000
000000
0F0000
0F0000
3FC000
3FC000
3FC000
3FC000
0F0000
0F0000
000000
000000
000000
000000
0F0000
0F0000
3FC000
3FC000
3FC000
3FC000
0F0000
0F0000
000000
000000
ENDCHAR
STARTCHAR BRAILLE PATTERN DOTS-1357
ENCODING 10325
SWIDTH 1000 0
DWIDTH 24 0
BBX 24 48 0 -10
BITMAP
000000
000000
0F0000
0F0000
3FC000
3FC000
3FC000
3FC000
0F0000
0F0000
000000
000000
000000
000000
0000F0
0000F0
0003FC
0003FC
0003FC
0003FC
0000F0
0000F0
000000
000000
000000
000000
0F0000
0F0000
3FC000
3FC000
3FC000
3FC000
0F0000
0F0000
000000
000000
000000
000000
0F0000
0F0000
3FC000
3FC000
3FC000
3FC000
0F0000
0F0000
000000
000000
ENDCHAR
STARTCHAR BRAILLE PATTERN DOTS-2357
ENCODING 10326
SWIDTH 1000 0
DWIDTH 24 0
BBX 24 48 0 -10
BITMAP
000000
000000
000000
000000
000000
000000
000000
000000
000000
000000
000000
000000
000000
000000
0F00F0
0F00F0
3FC3FC
3FC3FC
3FC3FC
3FC3FC
0F00F0
0F00F0
000000
000000
000000
000000
0F0000
0F0000
3FC000
3FC000
3FC000
3FC000
0F0000
0F0000
000000
000000
000000
000000
0F0000
0F0000
3FC000
3FC000
3FC000
3FC000
0F0000
0F0000
000000
000000
ENDCHAR
STARTCHAR BRAILLE PATTERN DOTS-12357
ENCODING 10327
SWIDTH 1000 0
DWIDTH 24 0
BBX 24 48 0 -10
BITMAP
000000
000000
0F0000
0F0000
3FC000
3FC000
3FC000
3FC000
0F0000
0F0000
000000
000000
000000
000000
0F00F0
0F00F0
3FC3FC
3FC3FC
3FC3FC
3FC3FC
0F00F0
0F00F0
000000
000000
000000
000000
0F0000
0F0000
3FC000
3FC000
3FC000
3FC000
0F0000
0F0000
000000
000000
000000
000000
0F0000
0F0000
3FC000
3FC000
3FC000
3FC000
0F0000
0F0000
000000
000000
ENDCHAR
STARTCHAR BRAILLE PATTERN DOTS-457
ENCODING 10328
SWIDTH 1000 0
DWIDTH 24 0
BBX 24 48 0 -10
BITMAP
000000
000000
0000F0
0000F0
0003FC
0003FC
0003FC
0003FC
0000F0
0000F0
000000
000000
000000
000000
0000F0
0000F0
0003FC
0003FC
0003FC
0003FC
0000F0
0000F0
000000
000000
000000
000000
000000
000000
000000
000000
000000
000000
000000
000000
000000
000000
000000
000000
0F0000
0F0000
3FC000
3FC000
3FC000
3FC000
0F0000
0F0000
000000
000000
ENDCHAR
STARTCHAR BRAILLE PATTERN DOTS-1457
ENCODING 10329
SWIDTH 1000 0
DWIDTH 24 0
BBX 24 48 0 -10
BITMAP
000000
000000
0F00F0
0F00F0
3FC3FC
3FC3FC
3FC3FC
3FC3FC
0F00F0
0F00F0
000000
000000
000000
000000
0000F0
0000F0
0003FC
0003FC
0003FC
0003FC
0000F0
0000F0
000000
000000
000000
000000
000000
000000
000000
000000
000000
000000
000000
000000
000000
000000
000000
000000
0F0000
0F0000
3FC000
3FC000
3FC000
3FC000
0F0000
0F0000
000000
000000
ENDCHAR
STARTCHAR BRAILLE PATTERN DOTS-2457
ENCODING 10330
SWIDTH 1000 0
DWIDTH 24 0
BBX 24 48 0 -10
BITMAP
000000
000000
0000F0
0000F0
0003FC
0003FC
0003FC
0003FC
0000F0
0000F0
000000
000000
000000
000000
0F00F0
0F00F0
3FC3FC
3FC3FC
3FC3FC
3FC3FC
0F00F0
0F00F0
000000
000000
000000
000000
000000
000000
000000
000000
000000
000000
000000
000000
000000
000000
000000
000000
0F0000
0F0000
3FC000
3FC000
3FC000
3FC000
0F0000
0F0000
000000
000000
ENDCHAR
STARTCHAR BRAILLE PATTERN DOTS-12457
ENCODING 10331
SWIDTH 1000 0
DWIDTH 24 0
BBX 24 48 0 -10
BITMAP
000000
000000
0F00F0
0F00F0
3FC3FC
3FC3FC
3FC3FC
3FC3FC
0F00F0
0F00F0
000000
000000
000000
000000
0F00F0
0F00F0
3FC3FC
3FC3FC
3FC3FC
3FC3FC
0F00F0
0F00F0
000000
000000
000000
000000
000000
000000
000000
000000
000000
000000
000000
000000
000000
000000
000000
000000
0F0000
0F0000
3FC000
3FC000
3FC000
3FC000
0F0000
0F0000
000000
000000
ENDCHAR
STARTCHAR BRAILLE PATTERN DOTS-3457
ENCODING 10332
SWIDTH 1000 0
DWIDTH 24 0
BBX 24 48 0 -10
BITMAP
000000
000000
0000F0
0000F0
0003FC
0003FC
0003FC
0003FC
0000F0
0000F0
000000
000000
000000
000000
0000F0
0000F0
0003FC
0003FC
0003FC
0003FC
0000F0
0000F0
000000
000000
000000
000000
0F0000
0F0000
3FC000
3FC000
3FC000
3FC000
0F0000
0F0000
000000
000000
000000
000000
0F0000
0F0000
3FC000
3FC000
3FC000
3FC000
0F0000
0F0000
000000
000000
ENDCHAR
STARTCHAR BRAILLE PATTERN DOTS-13457
ENCODING 10333
SWIDTH 1000 0
DWIDTH 24 0
BBX 24 48 0 -10
BITMAP
000000
000000
0F00F0
0F00F0
3FC3FC
3FC3FC
3FC3FC
3FC3FC
0F00F0
0F00F0
000000
000000
000000
000000
0000F0
0000F0
0003FC
0003FC
0003FC
0003FC
0000F0
0000F0
000000
000000
000000
000000
0F0000
0F0000
3FC000
3FC000
3FC000
3FC000
0F0000
0F0000
000000
000000
000000
000000
0F0000
0F0000
3FC000
3FC000
3FC000
3FC000
0F0000
0F0000
000000
000000
ENDCHAR
STARTCHAR BRAILLE PATTERN DOTS-23457
ENCODING 10334
SWIDTH 1000 0
DWIDTH 24 0
BBX 24 48 0 -10
BITMAP
000000
000000
0000F0
0000F0
0003FC
0003FC
0003FC
0003FC
0000F0
0000F0
000000
000000
000000
000000
0F00F0
0F00F0
3FC3FC
3FC3FC
3FC3FC
3FC3FC
0F00F0
0F00F0
000000
000000
000000
000000
0F0000
0F0000
3FC000
3FC000
3FC000
3FC000
0F0000
0F0000
000000
000000
000000
000000
0F0000
0F0000
3FC000
3FC000
3FC000
3FC000
0F0000
0F0000
000000
000000
ENDCHAR
STARTCHAR BRAILLE PATTERN DOTS-123457
ENCODING 10335
SWIDTH 1000 0
DWIDTH 24 0
BBX 24 48 0 -10
BITMAP
000000
000000
0F00F0
0F00F0
3FC3FC
3FC3FC
3FC3FC
3FC3FC
0F00F0
0F00F0
000000
000000
000000
000000
0F00F0
0F00F0
3FC3FC
3FC3FC
3FC3FC
3FC3FC
0F00F0
0F00F0
000000
000000
000000
000000
0F0000
0F0000
3FC000
3FC000
3FC000
3FC000
0F0000
0F0000
000000
000000
000000
000000
0F0000
0F0000
3FC000
3FC000
3FC000
3FC000
0F0000
0F0000
000000
000000
ENDCHAR
STARTCHAR BRAILLE PATTERN DOTS-67
ENCODING 10336
SWIDTH 1000 0
DWIDTH 24 0
BBX 24 48 0 -10
BITMAP
000000
000000
000000
000000
000000
000000
000000
000000
000000
000000
000000
000000
000000
000000
000000
000000
000000
000000
000000
000000
000000
000000
000000
000000
000000
000000
0000F0
0000F0
0003FC
0003FC
0003FC
0003FC
0000F0
0000F0
000000
000000
000000
000000
0F0000
0F0000
3FC000
3FC000
3FC000
3FC000
0F0000
0F0000
000000
000000
ENDCHAR
STARTCHAR BRAILLE PATTERN DOTS-167
ENCODING 10337
SWIDTH 1000 0
DWIDTH 24 0
BBX 24 48 0 -10
BITMAP
000000
000000
0F0000
0F0000
3FC000
3FC000
3FC000
3FC000
0F0000
0F0000
000000
000000
000000
000000
000000
000000
000000
000000
000000
000000
000000
000000
000000
000000
000000
000000
0000F0
0000F0
0003FC
0003FC
0003FC
0003FC
0000F0
0000F0
000000
000000
000000
000000
0F0000
0F0000
3FC000
3FC000
3FC000
3FC000
0F0000
0F0000
000000
000000
ENDCHAR
STARTCHAR BRAILLE PATTERN DOTS-267
ENCODING 10338
SWIDTH 1000 0
DWIDTH 24 0
BBX 24 48 0 -10
BITMAP
000000
000000
000000
000000
000000
000000
000000
000000
000000
000000
000000
000000
000000
000000
0F0000
0F0000
3FC000
3FC000
3FC000
3FC000
0F0000
0F0000
000000
000000
000000
000000
0000F0
0000F0
0003FC
0003FC
0003FC
0003FC
0000F0
0000F0
000000
000000
000000
000000
0F0000
0F0000
3FC000
3FC000
3FC000
3FC000
0F0000
0F0000
000000
000000
ENDCHAR
STARTCHAR BRAILLE PATTERN DOTS-1267
ENCODING 10339
SWIDTH 1000 0
DWIDTH 24 0
BBX 24 48 0 -10
BITMAP
000000
000000
0F0000
0F0000
3FC000
3FC000
3FC000
3FC000
0F0000
0F0000
000000
000000
000000
000000
0F0000
0F0000
3FC000
3FC000
3FC000
3FC000
0F0000
0F0000
000000
000000
000000
000000
0000F0
0000F0
0003FC
0003FC
0003FC
0003FC
0000F0
0000F0
000000
000000
000000
000000
0F0000
0F0000
3FC000
3FC000
3FC000
3FC000
0F0000
0F0000
000000
000000
ENDCHAR
STARTCHAR BRAILLE PATTERN DOTS-367
ENCODING 10340
SWIDTH 1000 0
DWIDTH 24 0
BBX 24 48 0 -10
BITMAP
000000
000000
000000
000000
000000
000000
000000
000000
000000
000000
000000
000000
000000
000000
000000
000000
000000
000000
000000
000000
000000
000000
000000
000000
000000
000000
0F00F0
0F00F0
3FC3FC
3FC3FC
3FC3FC
3FC3FC
0F00F0
0F00F0
000000
000000
000000
000000
0F0000
0F0000
3FC000
3FC000
3FC000
3FC000
0F0000
0F0000
000000
000000
ENDCHAR
STARTCHAR BRAILLE PATTERN DOTS-1367
ENCODING 10341
SWIDTH 1000 0
DWIDTH 24 0
BBX 24 48 0 -10
BITMAP
000000
000000
0F0000
0F0000
3FC000
3FC000
3FC000
3FC000
0F0000
0F0000
000000
000000
000000
000000
000000
000000
000000
000000
000000
000000
000000
000000
000000
000000
000000
000000
0F00F0
0F00F0
3FC3FC
3FC3FC
3FC3FC
3FC3FC
0F00F0
0F00F0
000000
000000
000000
000000
0F0000
0F0000
3FC000
3FC000
3FC000
3FC000
0F0000
0F0000
000000
000000
ENDCHAR
STARTCHAR BRAILLE PATTERN DOTS-2367
ENCODING 10342
SWIDTH 1000 0
DWIDTH 24 0
BBX 24 48 0 -10
BITMAP
000000
000000
000000
000000
000000
000000
000000
000000
000000
000000
000000
000000
000000
000000
0F0000
0F0000
3FC000
3FC000
3FC000
3FC000
0F0000
0F0000
000000
000000
000000
000000
0F00F0
0F00F0
3FC3FC
3FC3FC
3FC3FC
3FC3FC
0F00F0
0F00F0
000000
000000
000000
000000
0F0000
0F0000
3FC000
3FC000
3FC000
3FC000
0F0000
0F0000
000000
000000
ENDCHAR
STARTCHAR BRAILLE PATTERN DOTS-12367
ENCODING 10343
SWIDTH 1000 0
DWIDTH 24 0
BBX 24 48 0 -10
BITMAP
000000
000000
0F0000
0F0000
3FC000
3FC000
3FC000
3FC000
0F0000
0F0000
000000
000000
000000
000000
0F0000
0F0000
3FC000
3FC000
3FC000
3FC000
0F0000
0F0000
000000
000000
000000
000000
0F00F0
0F00F0
3FC3FC
3FC3FC
3FC3FC
3FC3FC
0F00F0
0F00F0
000000
000000
000000
000000
0F0000
0F0000
3FC000
3FC000
3FC000
3FC000
0F0000
0F0000
000000
000000
ENDCHAR
STARTCHAR BRAILLE PATTERN DOTS-467
ENCODING 10344
SWIDTH 1000 0
DWIDTH 24 0
BBX 24 48 0 -10
BITMAP
000000
000000
0000F0
0000F0
0003FC
0003FC
0003FC
0003FC
0000F0
0000F0
000000
000000
000000
000000
000000
000000
000000
000000
000000
000000
000000
000000
000000
000000
000000
000000
0000F0
0000F0
0003FC
0003FC
0003FC
0003FC
0000F0
0000F0
000000
000000
000000
000000
0F0000
0F0000
3FC000
3FC000
3FC000
3FC000
0F0000
0F0000
000000
000000
ENDCHAR
STARTCHAR BRAILLE PATTERN DOTS-1467
ENCODING 10345
SWIDTH 1000 0
DWIDTH 24 0
BBX 24 48 0 -10
BITMAP
000000
000000
0F00F0
0F00F0
3FC3FC
3FC3FC
3FC3FC
3FC3FC
0F00F0
0F00F0
000000
000000
000000
000000
000000
000000
000000
000000
000000
000000
000000
000000
000000
000000
000000
000000
0000F0
0000F0
0003FC
0003FC
0003FC
0003FC
0000F0
0000F0
000000
000000
000000
000000
0F0000
0F0000
3FC000
3FC000
3FC000
3FC000
0F0000
0F0000
000000
000000
ENDCHAR
STARTCHAR BRAILLE PATTERN DOTS-2467
ENCODING 10346
SWIDTH 1000 0
DWIDTH 24 0
BBX 24 48 0 -10
BITMAP
000000
000000
0000F0
0000F0
0003FC
0003FC
0003FC
0003FC
0000F0
0000F0
000000
000000
000000
000000
0F0000
0F0000
3FC000
3FC000
3FC000
3FC000
0F0000
0F0000
000000
000000
000000
000000
0000F0
0000F0
0003FC
0003FC
0003FC
0003FC
0000F0
0000F0
000000
000000
000000
000000
0F0000
0F0000
3FC000
3FC000
3FC000
3FC000
0F0000
0F0000
000000
000000
ENDCHAR
STARTCHAR BRAILLE PATTERN DOTS-12467
ENCODING 10347
SWIDTH 1000 0
DWIDTH 24 0
BBX 24 48 0 -10
BITMAP
000000
000000
0F00F0
0F00F0
3FC3FC
3FC3FC
3FC3FC
3FC3FC
0F00F0
0F00F0
000000
000000
000000
000000
0F0000
0F0000
3FC000
3FC000
3FC000
3FC000
0F0000
0F0000
000000
000000
000000
000000
0000F0
0000F0
0003FC
0003FC
0003FC
0003FC
0000F0
0000F0
000000
000000
000000
000000
0F0000
0F0000
3FC000
3FC000
3FC000
3FC000
0F0000
0F0000
000000
000000
ENDCHAR
STARTCHAR BRAILLE PATTERN DOTS-3467
ENCODING 10348
SWIDTH 1000 0
DWIDTH 24 0
BBX 24 48 0 -10
BITMAP
000000
000000
0000F0
0000F0
0003FC
0003FC
0003FC
0003FC
0000F0
0000F0
000000
000000
000000
000000
000000
000000
000000
000000
000000
000000
000000
000000
000000
000000
000000
000000
0F00F0
0F00F0
3FC3FC
3FC3FC
3FC3FC
3FC3FC
0F00F0
0F00F0
000000
000000
000000
000000
0F0000
0F0000
3FC000
3FC000
3FC000
3FC000
0F0000
0F0000
000000
000000
ENDCHAR
STARTCHAR BRAILLE PATTERN DOTS-13467
ENCODING 10349
SWIDTH 1000 0
DWIDTH 24 0
BBX 24 48 0 -10
BITMAP
000000
000000
0F00F0
0F00F0
3FC3FC
3FC3FC
3FC3FC
3FC3FC
0F00F0
0F00F0
000000
000000
000000
000000
000000
000000
000000
000000
000000
000000
000000
000000
000000
000000
000000
000000
0F00F0
0F00F0
3FC3FC
3FC3FC
3FC3FC
3FC3FC
0F00F0
0F00F0
000000
000000
000000
000000
0F0000
0F0000
3FC000
3FC000
3FC000
3FC000
0F0000
0F0000
000000
000000
ENDCHAR
STARTCHAR BRAILLE PATTERN DOTS-23467
ENCODING 10350
SWIDTH 1000 0
DWIDTH 24 0
BBX 24 48 0 -10
BITMAP
000000
000000
0000F0
0000F0
0003FC
0003FC
0003FC
0003FC
0000F0
0000F0
000000
000000
000000
000000
0F0000
0F0000
3FC000
3FC000
3FC000
3FC000
0F0000
0F0000
000000
000000
000000
000000
0F00F0
0F00F0
3FC3FC
3FC3FC
3FC3FC
3FC3FC
0F00F0
0F00F0
000000
000000
000000
000000
0F0000
0F0000
3FC000
3FC000
3FC000
3FC000
0F0000
0F0000
000000
000000
ENDCHAR
STARTCHAR BRAILLE PATTERN DOTS-123467
ENCODING 10351
SWIDTH 1000 0
DWIDTH 24 0
BBX 24 48 0 -10
BITMAP
000000
000000
0F00F0
0F00F0
3FC3FC
3FC3FC
3FC3FC
3FC3FC
0F00F0
0F00F0
000000
000000
000000
000000
0F0000
0F0000
3FC000
3FC000
3FC000
3FC000
0F0000
0F0000
000000
000000
000000
000000
0F00F0
0F00F0
3FC3FC
3FC3FC
3FC3FC
3FC3FC
0F00F0
0F00F0
000000
000000
000000
000000
0F0000
0F0000
3FC000
3FC000
3FC000
3FC000
0F0000
0F0000
000000
000000
ENDCHAR
STARTCHAR BRAILLE PATTERN DOTS-567
ENCODING 10352
SWIDTH 1000 0
DWIDTH 24 0
BBX 24 48 0 -10
BITMAP
000000
000000
000000
000000
000000
000000
000000
000000
000000
000000
000000
000000
000000
000000
0000F0
0000F0
0003FC
0003FC
0003FC
0003FC
0000F0
0000F0
000000
000000
000000
000000
0000F0
0000F0
0003FC
0003FC
0003FC
0003FC
0000F0
0000F0
000000
000000
000000
000000
0F0000
0F0000
3FC000
3FC000
3FC000
3FC000
0F0000
0F0000
000000
000000
ENDCHAR
STARTCHAR BRAILLE PATTERN DOTS-1567
ENCODING 10353
SWIDTH 1000 0
DWIDTH 24 0
BBX 24 48 0 -10
BITMAP
000000
000000
0F0000
0F0000
3FC000
3FC000
3FC000
3FC000
0F0000
0F0000
000000
000000
000000
000000
0000F0
0000F0
0003FC
0003FC
0003FC
0003FC
0000F0
0000F0
000000
000000
000000
000000
0000F0
0000F0
0003FC
0003FC
0003FC
0003FC
0000F0
0000F0
000000
000000
000000
000000
0F0000
0F0000
3FC000
3FC000
3FC000
3FC000
0F0000
0F0000
000000
000000
ENDCHAR
STARTCHAR BRAILLE PATTERN DOTS-2567
ENCODING 10354
SWIDTH 1000 0
DWIDTH 24 0
BBX 24 48 0 -10
BITMAP
000000
000000
000000
000000
000000
000000
000000
000000
000000
000000
000000
000000
000000
000000
0F00F0
0F00F0
3FC3FC
3FC3FC
3FC3FC
3FC3FC
0F00F0
0F00F0
000000
000000
000000
000000
0000F0
0000F0
0003FC
0003FC
0003FC
0003FC
0000F0
0000F0
000000
000000
000000
000000
0F0000
0F0000
3FC000
3FC000
3FC000
3FC000
0F0000
0F0000
000000
000000
ENDCHAR
STARTCHAR BRAILLE PATTERN DOTS-12567
ENCODING 10355
SWIDTH 1000 0
DWIDTH 24 0
BBX 24 48 0 -10
BITMAP
000000
000000
0F0000
0F0000
3FC000
3FC000
3FC000
3FC000
0F0000
0F0000
000000
000000
000000
000000
0F00F0
0F00F0
3FC3FC
3FC3FC
3FC3FC
3FC3FC
0F00F0
0F00F0
000000
000000
000000
000000
0000F0
0000F0
0003FC
0003FC
0003FC
0003FC
0000F0
0000F0
000000
000000
000000
000000
0F0000
0F0000
3FC000
3FC000
3FC000
3FC000
0F0000
0F0000
000000
000000
ENDCHAR
STARTCHAR BRAILLE PATTERN DOTS-3567
ENCODING 10356
SWIDTH 1000 0
DWIDTH 24 0
BBX 24 48 0 -10
BITMAP
000000
000000
000000
000000
000000
000000
000000
000000
000000
000000
000000
000000
000000
000000
0000F0
0000F0
0003FC
0003FC
0003FC
0003FC
0000F0
0000F0
000000
000000
000000
000000
0F00F0
0F00F0
3FC3FC
3FC3FC
3FC3FC
3FC3FC
0F00F0
0F00F0
000000
000000
000000
000000
0F0000
0F0000
3FC000
3FC000
3FC000
3FC000
0F0000
0F0000
000000
000000
ENDCHAR
STARTCHAR BRAILLE PATTERN DOTS-13567
ENCODING 10357
SWIDTH 1000 0
DWIDTH 24 0
BBX 24 48 0 -10
BITMAP
000000
000000
0F0000
0F0000
3FC000
3FC000
3FC000
3FC000
0F0000
0F0000
000000
000000
000000
000000
0000F0
0000F0
0003FC
0003FC
0003FC
0003FC
0000F0
0000F0
000000
000000
000000
000000
0F00F0
0F00F0
3FC3FC
3FC3FC
3FC3FC
3FC3FC
0F00F0
0F00F0
000000
000000
000000
000000
0F0000
0F0000
3FC000
3FC000
3FC000
3FC000
0F0000
0F0000
000000
000000
ENDCHAR
STARTCHAR BRAILLE PATTERN DOTS-23567
ENCODING 10358
SWIDTH 1000 0
DWIDTH 24 0
BBX 24 48 0 -10
BITMAP
000000
000000
000000
000000
000000
000000
000000
000000
000000
000000
000000
000000
000000
000000
0F00F0
0F00F0
3FC3FC
3FC3FC
3FC3FC
3FC3FC
0F00F0
0F00F0
000000
000000
000000
000000
0F00F0
0F00F0
3FC3FC
3FC3FC
3FC3FC
3FC3FC
0F00F0
0F00F0
000000
000000
000000
000000
0F0000
0F0000
3FC000
3FC000
3FC000
3FC000
0F0000
0F0000
000000
000000
ENDCHAR
STARTCHAR BRAILLE PATTERN DOTS-123567
ENCODING 10359
SWIDTH 1000 0
DWIDTH 24 0
BBX 24 48 0 -10
BITMAP
000000
000000
0F0000
0F0000
3FC000
3FC000
3FC000
3FC000
0F0000
0F0000
000000
000000
000000
000000
0F00F0
0F00F0
3FC3FC
3FC3FC
3FC3FC
3FC3FC
0F00F0
0F00F0
000000
000000
000000
000000
0F00F0
0F00F0
3FC3FC
3FC3FC
3FC3FC
3FC3FC
0F00F0
0F00F0
000000
000000
000000
000000
0F0000
0F0000
3FC000
3FC000
3FC000
3FC000
0F0000
0F0000
000000
000000
ENDCHAR
STARTCHAR BRAILLE PATTERN DOTS-4567
ENCODING 10360
SWIDTH 1000 0
DWIDTH 24 0
BBX 24 48 0 -10
BITMAP
000000
000000
0000F0
0000F0
0003FC
0003FC
0003FC
0003FC
0000F0
0000F0
000000
000000
000000
000000
0000F0
0000F0
0003FC
0003FC
0003FC
0003FC
0000F0
0000F0
000000
000000
000000
000000
0000F0
0000F0
0003FC
0003FC
0003FC
0003FC
0000F0
0000F0
000000
000000
000000
000000
0F0000
0F0000
3FC000
3FC000
3FC000
3FC000
0F0000
0F0000
000000
000000
ENDCHAR
STARTCHAR BRAILLE PATTERN DOTS-14567
ENCODING 10361
SWIDTH 1000 0
DWIDTH 24 0
BBX 24 48 0 -10
BITMAP
000000
000000
0F00F0
0F00F0
3FC3FC
3FC3FC
3FC3FC
3FC3FC
0F00F0
0F00F0
000000
000000
000000
000000
0000F0
0000F0
0003FC
0003FC
0003FC
0003FC
0000F0
0000F0
000000
000000
000000
000000
0000F0
0000F0
0003FC
0003FC
0003FC
0003FC
0000F0
0000F0
000000
000000
000000
000000
0F0000
0F0000
3FC000
3FC000
3FC000
3FC000
0F0000
0F0000
000000
000000
ENDCHAR
STARTCHAR BRAILLE PATTERN DOTS-24567
ENCODING 10362
SWIDTH 1000 0
DWIDTH 24 0
BBX 24 48 0 -10
BITMAP
000000
000000
0000F0
0000F0
0003FC
0003FC
0003FC
0003FC
0000F0
0000F0
000000
000000
000000
000000
0F00F0
0F00F0
3FC3FC
3FC3FC
3FC3FC
3FC3FC
0F00F0
0F00F0
000000
000000
000000
000000
0000F0
0000F0
0003FC
0003FC
0003FC
0003FC
0000F0
0000F0
000000
000000
000000
000000
0F0000
0F0000
3FC000
3FC000
3FC000
3FC000
0F0000
0F0000
000000
000000
ENDCHAR
STARTCHAR BRAILLE PATTERN DOTS-124567
ENCODING 10363
SWIDTH 1000 0
DWIDTH 24 0
BBX 24 48 0 -10
BITMAP
000000
000000
0F00F0
0F00F0
3FC3FC
3FC3FC
3FC3FC
3FC3FC
0F00F0
0F00F0
000000
000000
000000
000000
0F00F0
0F00F0
3FC3FC
3FC3FC
3FC3FC
3FC3FC
0F00F0
0F00F0
000000
000000
000000
000000
0000F0
0000F0
0003FC
0003FC
0003FC
0003FC
0000F0
0000F0
000000
000000
000000
000000
0F0000
0F0000
3FC000
3FC000
3FC000
3FC000
0F0000
0F0000
000000
000000
ENDCHAR
STARTCHAR BRAILLE PATTERN DOTS-34567
ENCODING 10364
SWIDTH 1000 0
DWIDTH 24 0
BBX 24 48 0 -10
BITMAP
000000
000000
0000F0
0000F0
0003FC
0003FC
0003FC
0003FC
0000F0
0000F0
000000
000000
000000
000000
0000F0
0000F0
0003FC
0003FC
0003FC
0003FC
0000F0
0000F0
000000
000000
000000
000000
0F00F0
0F00F0
3FC3FC
3FC3FC
3FC3FC
3FC3FC
0F00F0
0F00F0
000000
000000
000000
000000
0F0000
0F0000
3FC000
3FC000
3FC000
3FC000
0F0000
0F0000
000000
000000
ENDCHAR
STARTCHAR BRAILLE PATTERN DOTS-134567
ENCODING 10365
SWIDTH 1000 0
DWIDTH 24 0
BBX 24 48 0 -10
BITMAP
000000
000000
0F00F0
0F00F0
3FC3FC
3FC3FC
3FC3FC
3FC3FC
0F00F0
0F00F0
000000
000000
000000
000000
0000F0
0000F0
0003FC
0003FC
0003FC
0003FC
0000F0
0000F0
000000
000000
000000
000000
0F00F0
0F00F0
3FC3FC
3FC3FC
3FC3FC
3FC3FC
0F00F0
0F00F0
000000
000000
000000
000000
0F0000
0F0000
3FC000
3FC000
3FC000
3FC000
0F0000
0F0000
000000
000000
ENDCHAR
STARTCHAR BRAILLE PATTERN DOTS-234567
ENCODING 10366
SWIDTH 1000 0
DWIDTH 24 0
BBX 24 48 0 -10
BITMAP
000000
000000
0000F0
0000F0
0003FC
0003FC
0003FC
0003FC
0000F0
0000F0
000000
000000
000000
000000
0F00F0
0F00F0
3FC3FC
3FC3FC
3FC3FC
3FC3FC
0F00F0
0F00F0
000000
000000
000000
000000
0F00F0
0F00F0
3FC3FC
3FC3FC
3FC3FC
3FC3FC
0F00F0
0F00F0
000000
000000
000000
000000
0F0000
0F0000
3FC000
3FC000
3FC000
3FC000
0F0000
0F0000
000000
000000
ENDCHAR
STARTCHAR BRAILLE PATTERN DOTS-1234567
ENCODING 10367
SWIDTH 1000 0
DWIDTH 24 0
BBX 24 48 0 -10
BITMAP
000000
000000
0F00F0
0F00F0
3FC3FC
3FC3FC
3FC3FC
3FC3FC
0F00F0
0F00F0
000000
000000
000000
000000
0F00F0
0F00F0
3FC3FC
3FC3FC
3FC3FC
3FC3FC
0F00F0
0F00F0
000000
000000
000000
000000
0F00F0
0F00F0
3FC3FC
3FC3FC
3FC3FC
3FC3FC
0F00F0
0F00F0
000000
000000
000000
000000
0F0000
0F0000
3FC000
3FC000
3FC000
3FC000
0F0000
0F0000
000000
000000
ENDCHAR
STARTCHAR BRAILLE PATTERN DOTS-8
ENCODING 10368
SWIDTH 1000 0
DWIDTH 24 0
BBX 24 48 0 -10
BITMAP
000000
000000
000000
000000
000000
000000
000000
000000
000000
000000
000000
000000
000000
000000
000000
000000
000000
000000
000000
000000
000000
000000
000000
000000
000000
000000
000000
000000
000000
000000
000000
000000
000000
000000
000000
000000
000000
000000
0000F0
0000F0
0003FC
0003FC
0003FC
0003FC
0000F0
0000F0
000000
000000
ENDCHAR
STARTCHAR BRAILLE PATTERN DOTS-18
ENCODING 10369
SWIDTH 1000 0
DWIDTH 24 0
BBX 24 48 0 -10
BITMAP
000000
000000
0F0000
0F0000
3FC000
3FC000
3FC000
3FC000
0F0000
0F0000
000000
000000
000000
000000
000000
000000
000000
000000
000000
000000
000000
000000
000000
000000
000000
000000
000000
000000
000000
000000
000000
000000
000000
000000
000000
000000
000000
000000
0000F0
0000F0
0003FC
0003FC
0003FC
0003FC
0000F0
0000F0
000000
000000
ENDCHAR
STARTCHAR BRAILLE PATTERN DOTS-28
ENCODING 10370
SWIDTH 1000 0
DWIDTH 24 0
BBX 24 48 0 -10
BITMAP
000000
000000
000000
000000
000000
000000
000000
000000
000000
000000
000000
000000
000000
000000
0F0000
0F0000
3FC000
3FC000
3FC000
3FC000
0F0000
0F0000
000000
000000
000000
000000
000000
000000
000000
000000
000000
000000
000000
000000
000000
000000
000000
000000
0000F0
0000F0
0003FC
0003FC
0003FC
0003FC
0000F0
0000F0
000000
000000
ENDCHAR
STARTCHAR BRAILLE PATTERN DOTS-128
ENCODING 10371
SWIDTH 1000 0
DWIDTH 24 0
BBX 24 48 0 -10
BITMAP
000000
000000
0F0000
0F0000
3FC000
3FC000
3FC000
3FC000
0F0000
0F0000
000000
000000
000000
000000
0F0000
0F0000
3FC000
3FC000
3FC000
3FC000
0F0000
0F0000
000000
000000
000000
000000
000000
000000
000000
000000
000000
000000
000000
000000
000000
000000
000000
000000
0000F0
0000F0
0003FC
0003FC
0003FC
0003FC
0000F0
0000F0
000000
000000
ENDCHAR
STARTCHAR BRAILLE PATTERN DOTS-38
ENCODING 10372
SWIDTH 1000 0
DWIDTH 24 0
BBX 24 48 0 -10
BITMAP
000000
000000
000000
000000
000000
000000
000000
000000
000000
000000
000000
000000
000000
000000
000000
000000
000000
000000
000000
000000
000000
000000
000000
000000
000000
000000
0F0000
0F0000
3FC000
3FC000
3FC000
3FC000
0F0000
0F0000
000000
000000
000000
000000
0000F0
0000F0
0003FC
0003FC
0003FC
0003FC
0000F0
0000F0
000000
000000
ENDCHAR
STARTCHAR BRAILLE PATTERN DOTS-138
ENCODING 10373
SWIDTH 1000 0
DWIDTH 24 0
BBX 24 48 0 -10
BITMAP
000000
000000
0F0000
0F0000
3FC000
3FC000
3FC000
3FC000
0F0000
0F0000
000000
000000
000000
000000
000000
000000
000000
000000
000000
000000
000000
000000
000000
000000
000000
000000
0F0000
0F0000
3FC000
3FC000
3FC000
3FC000
0F0000
0F0000
000000
000000
000000
000000
0000F0
0000F0
0003FC
0003FC
0003FC
0003FC
0000F0
0000F0
000000
000000
ENDCHAR
STARTCHAR BRAILLE PATTERN DOTS-238
ENCODING 10374
SWIDTH 1000 0
DWIDTH 24 0
BBX 24 48 0 -10
BITMAP
000000
000000
000000
000000
000000
000000
000000
000000
000000
000000
000000
000000
000000
000000
0F0000
0F0000
3FC000
3FC000
3FC000
3FC000
0F0000
0F0000
000000
000000
000000
000000
0F0000
0F0000
3FC000
3FC000
3FC000
3FC000
0F0000
0F0000
000000
000000
000000
000000
0000F0
0000F0
0003FC
0003FC
0003FC
0003FC
0000F0
0000F0
000000
000000
ENDCHAR
STARTCHAR BRAILLE PATTERN DOTS-1238
ENCODING 10375
SWIDTH 1000 0
DWIDTH 24 0
BBX 24 48 0 -10
BITMAP
000000
000000
0F0000
0F0000
3FC000
3FC000
3FC000
3FC000
0F0000
0F0000
000000
000000
000000
000000
0F0000
0F0000
3FC000
3FC000
3FC000
3FC000
0F0000
0F0000
000000
000000
000000
000000
0F0000
0F0000
3FC000
3FC000
3FC000
3FC000
0F0000
0F0000
000000
000000
000000
000000
0000F0
0000F0
0003FC
0003FC
0003FC
0003FC
0000F0
0000F0
000000
000000
ENDCHAR
STARTCHAR BRAILLE PATTERN DOTS-48
ENCODING 10376
SWIDTH 1000 0
DWIDTH 24 0
BBX 24 48 0 -10
BITMAP
000000
000000
0000F0
0000F0
0003FC
0003FC
0003FC
0003FC
0000F0
0000F0
000000
000000
000000
000000
000000
000000
000000
000000
000000
000000
000000
000000
000000
000000
000000
000000
000000
000000
000000
000000
000000
000000
000000
000000
000000
000000
000000
000000
0000F0
0000F0
0003FC
0003FC
0003FC
0003FC
0000F0
0000F0
000000
000000
ENDCHAR
STARTCHAR BRAILLE PATTERN DOTS-148
ENCODING 10377
SWIDTH 1000 0
DWIDTH 24 0
BBX 24 48 0 -10
BITMAP
000000
000000
0F00F0
0F00F0
3FC3FC
3FC3FC
3FC3FC
3FC3FC
0F00F0
0F00F0
000000
000000
000000
000000
000000
000000
000000
000000
000000
000000
000000
000000
000000
000000
000000
000000
000000
000000
000000
000000
000000
000000
000000
000000
000000
000000
000000
000000
0000F0
0000F0
0003FC
0003FC
0003FC
0003FC
0000F0
0000F0
000000
000000
ENDCHAR
STARTCHAR BRAILLE PATTERN DOTS-248
ENCODING 10378
SWIDTH 1000 0
DWIDTH 24 0
BBX 24 48 0 -10
BITMAP
000000
000000
0000F0
0000F0
0003FC
0003FC
0003FC
0003FC
0000F0
0000F0
000000
000000
000000
000000
0F0000
0F0000
3FC000
3FC000
3FC000
3FC000
0F0000
0F0000
000000
000000
000000
000000
000000
000000
000000
000000
000000
000000
000000
000000
000000
000000
000000
000000
0000F0
0000F0
0003FC
0003FC
0003FC
0003FC
0000F0
0000F0
000000
000000
ENDCHAR
STARTCHAR BRAILLE PATTERN DOTS-1248
ENCODING 10379
SWIDTH 1000 0
DWIDTH 24 0
BBX 24 48 0 -10
BITMAP
000000
000000
0F00F0
0F00F0
3FC3FC
3FC3FC
3FC3FC
3FC3FC
0F00F0
0F00F0
000000
000000
000000
000000
0F0000
0F0000
3FC000
3FC000
3FC000
3FC000
0F0000
0F0000
000000
000000
000000
000000
000000
000000
000000
000000
000000
000000
000000
000000
000000
000000
000000
000000
0000F0
0000F0
0003FC
0003FC
0003FC
0003FC
0000F0
0000F0
000000
000000
ENDCHAR
STARTCHAR BRAILLE PATTERN DOTS-348
ENCODING 10380
SWIDTH 1000 0
DWIDTH 24 0
BBX 24 48 0 -10
BITMAP
000000
000000
0000F0
0000F0
0003FC
0003FC
0003FC
0003FC
0000F0
0000F0
000000
000000
000000
000000
000000
000000
000000
000000
000000
000000
000000
000000
000000
000000
000000
000000
0F0000
0F0000
3FC000
3FC000
3FC000
3FC000
0F0000
0F0000
000000
000000
000000
000000
0000F0
0000F0
0003FC
0003FC
0003FC
0003FC
0000F0
0000F0
000000
000000
ENDCHAR
STARTCHAR BRAILLE PATTERN DOTS-1348
ENCODING 10381
SWIDTH 1000 0
DWIDTH 24 0
BBX 24 48 0 -10
BITMAP
000000
000000
0F00F0
0F00F0
3FC3FC
3FC3FC
3FC3FC
3FC3FC
0F00F0
0F00F0
000000
000000
000000
000000
000000
000000
000000
000000
000000
000000
000000
000000
000000
000000
000000
000000
0F0000
0F0000
3FC000
3FC000
3FC000
3FC000
0F0000
0F0000
000000
000000
000000
000000
0000F0
0000F0
0003FC
0003FC
0003FC
0003FC
0000F0
0000F0
000000
000000
ENDCHAR
STARTCHAR BRAILLE PATTERN DOTS-2348
ENCODING 10382
SWIDTH 1000 0
DWIDTH 24 0
BBX 24 48 0 -10
BITMAP
000000
000000
0000F0
0000F0
0003FC
0003FC
0003FC
0003FC
0000F0
0000F0
000000
000000
000000
000000
0F0000
0F0000
3FC000
3FC000
3FC000
3FC000
0F0000
0F0000
000000
000000
000000
000000
0F0000
0F0000
3FC000
3FC000
3FC000
3FC000
0F0000
0F0000
000000
000000
000000
000000
0000F0
0000F0
0003FC
0003FC
0003FC
0003FC
0000F0
0000F0
000000
000000
ENDCHAR
STARTCHAR BRAILLE PATTERN DOTS-12348
ENCODING 10383
SWIDTH 1000 0
DWIDTH 24 0
BBX 24 48 0 -10
BITMAP
000000
000000
0F00F0
0F00F0
3FC3FC
3FC3FC
3FC3FC
3FC3FC
0F00F0
0F00F0
000000
000000
000000
000000
0F0000
0F0000
3FC000
3FC000
3FC000
3FC000
0F0000
0F0000
000000
000000
000000
000000
0F0000
0F0000
3FC000
3FC000
3FC000
3FC000
0F0000
0F0000
000000
000000
000000
000000
0000F0
0000F0
0003FC
0003FC
0003FC
0003FC
0000F0
0000F0
000000
000000
ENDCHAR
STARTCHAR BRAILLE PATTERN DOTS-58
ENCODING 10384
SWIDTH 1000 0
DWIDTH 24 0
BBX 24 48 0 -10
BITMAP
000000
000000
000000
000000
000000
000000
000000
000000
000000
000000
000000
000000
000000
000000
0000F0
0000F0
0003FC
0003FC
0003FC
0003FC
0000F0
0000F0
000000
000000
000000
000000
000000
000000
000000
000000
000000
000000
000000
000000
000000
000000
000000
000000
0000F0
0000F0
0003FC
0003FC
0003FC
0003FC
0000F0
0000F0
000000
000000
ENDCHAR
STARTCHAR BRAILLE PATTERN DOTS-158
ENCODING 10385
SWIDTH 1000 0
DWIDTH 24 0
BBX 24 48 0 -10
BITMAP
000000
000000
0F0000
0F0000
3FC000
3FC000
3FC000
3FC000
0F0000
0F0000
000000
000000
000000
000000
0000F0
0000F0
0003FC
0003FC
0003FC
0003FC
0000F0
0000F0
000000
000000
000000
000000
000000
000000
000000
000000
000000
000000
000000
000000
000000
000000
000000
000000
0000F0
0000F0
0003FC
0003FC
0003FC
0003FC
0000F0
0000F0
000000
000000
ENDCHAR
STARTCHAR BRAILLE PATTERN DOTS-258
ENCODING 10386
SWIDTH 1000 0
DWIDTH 24 0
BBX 24 48 0 -10
BITMAP
000000
000000
000000
000000
000000
000000
000000
000000
000000
000000
000000
000000
000000
000000
0F00F0
0F00F0
3FC3FC
3FC3FC
3FC3FC
3FC3FC
0F00F0
0F00F0
000000
000000
000000
000000
000000
000000
000000
000000
000000
000000
000000
000000
000000
000000
000000
000000
0000F0
0000F0
0003FC
0003FC
0003FC
0003FC
0000F0
0000F0
000000
000000
ENDCHAR
STARTCHAR BRAILLE PATTERN DOTS-1258
ENCODING 10387
SWIDTH 1000 0
DWIDTH 24 0
BBX 24 48 0 -10
BITMAP
000000
000000
0F0000
0F0000
3FC000
3FC000
3FC000
3FC000
0F0000
0F0000
000000
000000
000000
000000
0F00F0
0F00F0
3FC3FC
3FC3FC
3FC3FC
3FC3FC
0F00F0
0F00F0
000000
000000
000000
000000
000000
000000
000000
000000
000000
000000
000000
000000
000000
000000
000000
000000
0000F0
0000F0
0003FC
0003FC
0003FC
0003FC
0000F0
0000F0
000000
000000
ENDCHAR
STARTCHAR BRAILLE PATTERN DOTS-358
ENCODING 10388
SWIDTH 1000 0
DWIDTH 24 0
BBX 24 48 0 -10
BITMAP
000000
000000
000000
000000
000000
000000
000000
000000
000000
000000
000000
000000
000000
000000
0000F0
0000F0
0003FC
0003FC
0003FC
0003FC
0000F0
0000F0
000000
000000
000000
000000
0F0000
0F0000
3FC000
3FC000
3FC000
3FC000
0F0000
0F0000
000000
000000
000000
000000
0000F0
0000F0
0003FC
0003FC
0003FC
0003FC
0000F0
0000F0
000000
000000
ENDCHAR
STARTCHAR BRAILLE PATTERN DOTS-1358
ENCODING 10389
SWIDTH 1000 0
DWIDTH 24 0
BBX 24 48 0 -10
BITMAP
000000
000000
0F0000
0F0000
3FC000
3FC000
3FC000
3FC000
0F0000
0F0000
000000
000000
000000
000000
0000F0
0000F0
0003FC
0003FC
0003FC
0003FC
0000F0
0000F0
000000
000000
000000
000000
0F0000
0F0000
3FC000
3FC000
3FC000
3FC000
0F0000
0F0000
000000
000000
000000
000000
0000F0
0000F0
0003FC
0003FC
0003FC
0003FC
0000F0
0000F0
000000
000000
ENDCHAR
STARTCHAR BRAILLE PATTERN DOTS-2358
ENCODING 10390
SWIDTH 1000 0
DWIDTH 24 0
BBX 24 48 0 -10
BITMAP
000000
000000
000000
000000
000000
000000
000000
000000
000000
000000
000000
000000
000000
000000
0F00F0
0F00F0
3FC3FC
3FC3FC
3FC3FC
3FC3FC
0F00F0
0F00F0
000000
000000
000000
000000
0F0000
0F0000
3FC000
3FC000
3FC000
3FC000
0F0000
0F0000
000000
000000
000000
000000
0000F0
0000F0
0003FC
0003FC
0003FC
0003FC
0000F0
0000F0
000000
000000
ENDCHAR
STARTCHAR BRAILLE PATTERN DOTS-12358
ENCODING 10391
SWIDTH 1000 0
DWIDTH 24 0
BBX 24 48 0 -10
BITMAP
000000
000000
0F0000
0F0000
3FC000
3FC000
3FC000
3FC000
0F0000
0F0000
000000
000000
000000
000000
0F00F0
0F00F0
3FC3FC
3FC3FC
3FC3FC
3FC3FC
0F00F0
0F00F0
000000
000000
000000
000000
0F0000
0F0000
3FC000
3FC000
3FC000
3FC000
0F0000
0F0000
000000
000000
000000
000000
0000F0
0000F0
0003FC
0003FC
0003FC
0003FC
0000F0
0000F0
000000
000000
ENDCHAR
STARTCHAR BRAILLE PATTERN DOTS-458
ENCODING 10392
SWIDTH 1000 0
DWIDTH 24 0
BBX 24 48 0 -10
BITMAP
000000
000000
0000F0
0000F0
0003FC
0003FC
0003FC
0003FC
0000F0
0000F0
000000
000000
000000
000000
0000F0
0000F0
0003FC
0003FC
0003FC
0003FC
0000F0
0000F0
000000
000000
000000
000000
000000
000000
000000
000000
000000
000000
000000
000000
000000
000000
000000
000000
0000F0
0000F0
0003FC
0003FC
0003FC
0003FC
0000F0
0000F0
000000
000000
ENDCHAR
STARTCHAR BRAILLE PATTERN DOTS-1458
ENCODING 10393
SWIDTH 1000 0
DWIDTH 24 0
BBX 24 48 0 -10
BITMAP
000000
000000
0F00F0
0F00F0
3FC3FC
3FC3FC
3FC3FC
3FC3FC
0F00F0
0F00F0
000000
000000
000000
000000
0000F0
0000F0
0003FC
0003FC
0003FC
0003FC
0000F0
0000F0
000000
000000
000000
000000
000000
000000
000000
000000
000000
000000
000000
000000
000000
000000
000000
000000
0000F0
0000F0
0003FC
0003FC
0003FC
0003FC
0000F0
0000F0
000000
000000
ENDCHAR
STARTCHAR BRAILLE PATTERN DOTS-2458
ENCODING 10394
SWIDTH 1000 0
DWIDTH 24 0
BBX 24 48 0 -10
BITMAP
000000
000000
0000F0
0000F0
0003FC
0003FC
0003FC
0003FC
0000F0
0000F0
000000
000000
000000
000000
0F00F0
0F00F0
3FC3FC
3FC3FC
3FC3FC
3FC3FC
0F00F0
0F00F0
000000
000000
000000
000000
000000
000000
000000
000000
000000
000000
000000
000000
000000
000000
000000
000000
0000F0
0000F0
0003FC
0003FC
0003FC
0003FC
0000F0
0000F0
000000
000000
ENDCHAR
STARTCHAR BRAILLE PATTERN DOTS-12458
ENCODING 10395
SWIDTH 1000 0
DWIDTH 24 0
BBX 24 48 0 -10
BITMAP
000000
000000
0F00F0
0F00F0
3FC3FC
3FC3FC
3FC3FC
3FC3FC
0F00F0
0F00F0
000000
000000
000000
000000
0F00F0
0F00F0
3FC3FC
3FC3FC
3FC3FC
3FC3FC
0F00F0
0F00F0
000000
000000
000000
000000
000000
000000
000000
000000
000000
000000
000000
000000
000000
000000
000000
000000
0000F0
0000F0
0003FC
0003FC
0003FC
0003FC
0000F0
0000F0
000000
000000
ENDCHAR
STARTCHAR BRAILLE PATTERN DOTS-3458
ENCODING 10396
SWIDTH 1000 0
DWIDTH 24 0
BBX 24 48 0 -10
BITMAP
000000
000000
0000F0
0000F0
0003FC
0003FC
0003FC
0003FC
0000F0
0000F0
000000
000000
000000
000000
0000F0
0000F0
0003FC
0003FC
0003FC
0003FC
0000F0
0000F0
000000
000000
000000
000000
0F0000
0F0000
3FC000
3FC000
3FC000
3FC000
0F0000
0F0000
000000
000000
000000
000000
0000F0
0000F0
0003FC
0003FC
0003FC
0003FC
0000F0
0000F0
000000
000000
ENDCHAR
STARTCHAR BRAILLE PATTERN DOTS-13458
ENCODING 10397
SWIDTH 1000 0
DWIDTH 24 0
BBX 24 48 0 -10
BITMAP
000000
000000
0F00F0
0F00F0
3FC3FC
3FC3FC
3FC3FC
3FC3FC
0F00F0
0F00F0
000000
000000
000000
000000
0000F0
0000F0
0003FC
0003FC
0003FC
0003FC
0000F0
0000F0
000000
000000
000000
000000
0F0000
0F0000
3FC000
3FC000
3FC000
3FC000
0F0000
0F0000
000000
000000
000000
000000
0000F0
0000F0
0003FC
0003FC
0003FC
0003FC
0000F0
0000F0
000000
000000
ENDCHAR
STARTCHAR BRAILLE PATTERN DOTS-23458
ENCODING 10398
SWIDTH 1000 0
DWIDTH 24 0
BBX 24 48 0 -10
BITMAP
000000
000000
0000F0
0000F0
0003FC
0003FC
0003FC
0003FC
0000F0
0000F0
000000
000000
000000
000000
0F00F0
0F00F0
3FC3FC
3FC3FC
3FC3FC
3FC3FC
0F00F0
0F00F0
000000
000000
000000
000000
0F0000
0F0000
3FC000
3FC000
3FC000
3FC000
0F0000
0F0000
000000
000000
000000
000000
0000F0
0000F0
0003FC
0003FC
0003FC
0003FC
0000F0
0000F0
000000
000000
ENDCHAR
STARTCHAR BRAILLE PATTERN DOTS-123458
ENCODING 10399
SWIDTH 1000 0
DWIDTH 24 0
BBX 24 48 0 -10
BITMAP
000000
000000
0F00F0
0F00F0
3FC3FC
3FC3FC
3FC3FC
3FC3FC
0F00F0
0F00F0
000000
000000
000000
000000
0F00F0
0F00F0
3FC3FC
3FC3FC
3FC3FC
3FC3FC
0F00F0
0F00F0
000000
000000
000000
000000
0F0000
0F0000
3FC000
3FC000
3FC000
3FC000
0F0000
0F0000
000000
000000
000000
000000
0000F0
0000F0
0003FC
0003FC
0003FC
0003FC
0000F0
0000F0
000000
000000
ENDCHAR
STARTCHAR BRAILLE PATTERN DOTS-68
ENCODING 10400
SWIDTH 1000 0
DWIDTH 24 0
BBX 24 48 0 -10
BITMAP
000000
000000
000000
000000
000000
000000
000000
000000
000000
000000
000000
000000
000000
000000
000000
000000
000000
000000
000000
000000
000000
000000
000000
000000
000000
000000
0000F0
0000F0
0003FC
0003FC
0003FC
0003FC
0000F0
0000F0
000000
000000
000000
000000
0000F0
0000F0
0003FC
0003FC
0003FC
0003FC
0000F0
0000F0
000000
000000
ENDCHAR
STARTCHAR BRAILLE PATTERN DOTS-168
ENCODING 10401
SWIDTH 1000 0
DWIDTH 24 0
BBX 24 48 0 -10
BITMAP
000000
000000
0F0000
0F0000
3FC000
3FC000
3FC000
3FC000
0F0000
0F0000
000000
000000
000000
000000
000000
000000
000000
000000
000000
000000
000000
000000
000000
000000
000000
000000
0000F0
0000F0
0003FC
0003FC
0003FC
0003FC
0000F0
0000F0
000000
000000
000000
000000
0000F0
0000F0
0003FC
0003FC
0003FC
0003FC
0000F0
0000F0
000000
000000
ENDCHAR
STARTCHAR BRAILLE PATTERN DOTS-268
ENCODING 10402
SWIDTH 1000 0
DWIDTH 24 0
BBX 24 48 0 -10
BITMAP
000000
000000
000000
000000
000000
000000
000000
000000
000000
000000
000000
000000
000000
000000
0F0000
0F0000
3FC000
3FC000
3FC000
3FC000
0F0000
0F0000
000000
000000
000000
000000
0000F0
0000F0
0003FC
0003FC
0003FC
0003FC
0000F0
0000F0
000000
000000
000000
000000
0000F0
0000F0
0003FC
0003FC
0003FC
0003FC
0000F0
0000F0
000000
000000
ENDCHAR
STARTCHAR BRAILLE PATTERN DOTS-1268
ENCODING 10403
SWIDTH 1000 0
DWIDTH 24 0
BBX 24 48 0 -10
BITMAP
000000
000000
0F0000
0F0000
3FC000
3FC000
3FC000
3FC000
0F0000
0F0000
000000
000000
000000
000000
0F0000
0F0000
3FC000
3FC000
3FC000
3FC000
0F0000
0F0000
000000
000000
000000
000000
0000F0
0000F0
0003FC
0003FC
0003FC
0003FC
0000F0
0000F0
000000
000000
000000
000000
0000F0
0000F0
0003FC
0003FC
0003FC
0003FC
0000F0
0000F0
000000
000000
ENDCHAR
STARTCHAR BRAILLE PATTERN DOTS-368
ENCODING 10404
SWIDTH 1000 0
DWIDTH 24 0
BBX 24 48 0 -10
BITMAP
000000
000000
000000
000000
000000
000000
000000
000000
000000
000000
000000
000000
000000
000000
000000
000000
000000
000000
000000
000000
000000
000000
000000
000000
000000
000000
0F00F0
0F00F0
3FC3FC
3FC3FC
3FC3FC
3FC3FC
0F00F0
0F00F0
000000
000000
000000
000000
0000F0
0000F0
0003FC
0003FC
0003FC
0003FC
0000F0
0000F0
000000
000000
ENDCHAR
STARTCHAR BRAILLE PATTERN DOTS-1368
ENCODING 10405
SWIDTH 1000 0
DWIDTH 24 0
BBX 24 48 0 -10
BITMAP
000000
000000
0F0000
0F0000
3FC000
3FC000
3FC000
3FC000
0F0000
0F0000
000000
000000
000000
000000
000000
000000
000000
000000
000000
000000
000000
000000
000000
000000
000000
000000
0F00F0
0F00F0
3FC3FC
3FC3FC
3FC3FC
3FC3FC
0F00F0
0F00F0
000000
000000
000000
000000
0000F0
0000F0
0003FC
0003FC
0003FC
0003FC
0000F0
0000F0
000000
000000
ENDCHAR
STARTCHAR BRAILLE PATTERN DOTS-2368
ENCODING 10406
SWIDTH 1000 0
DWIDTH 24 0
BBX 24 48 0 -10
BITMAP
000000
000000
000000
000000
000000
000000
000000
000000
000000
000000
000000
000000
000000
000000
0F0000
0F0000
3FC000
3FC000
3FC000
3FC000
0F0000
0F0000
000000
000000
000000
000000
0F00F0
0F00F0
3FC3FC
3FC3FC
3FC3FC
3FC3FC
0F00F0
0F00F0
000000
000000
000000
000000
0000F0
0000F0
0003FC
0003FC
0003FC
0003FC
0000F0
0000F0
000000
000000
ENDCHAR
STARTCHAR BRAILLE PATTERN DOTS-12368
ENCODING 10407
SWIDTH 1000 0
DWIDTH 24 0
BBX 24 48 0 -10
BITMAP
000000
000000
0F0000
0F0000
3FC000
3FC000
3FC000
3FC000
0F0000
0F0000
000000
000000
000000
000000
0F0000
0F0000
3FC000
3FC000
3FC000
3FC000
0F0000
0F0000
000000
000000
000000
000000
0F00F0
0F00F0
3FC3FC
3FC3FC
3FC3FC
3FC3FC
0F00F0
0F00F0
000000
000000
000000
000000
0000F0
0000F0
0003FC
0003FC
0003FC
0003FC
0000F0
0000F0
000000
000000
ENDCHAR
STARTCHAR BRAILLE PATTERN DOTS-468
ENCODING 10408
SWIDTH 1000 0
DWIDTH 24 0
BBX 24 48 0 -10
BITMAP
000000
000000
0000F0
0000F0
0003FC
0003FC
0003FC
0003FC
0000F0
0000F0
000000
000000
000000
000000
000000
000000
000000
000000
000000
000000
000000
000000
000000
000000
000000
000000
0000F0
0000F0
0003FC
0003FC
0003FC
0003FC
0000F0
0000F0
000000
000000
000000
000000
0000F0
0000F0
0003FC
0003FC
0003FC
0003FC
0000F0
0000F0
000000
000000
ENDCHAR
STARTCHAR BRAILLE PATTERN DOTS-1468
ENCODING 10409
SWIDTH 1000 0
DWIDTH 24 0
BBX 24 48 0 -10
BITMAP
000000
000000
0F00F0
0F00F0
3FC3FC
3FC3FC
3FC3FC
3FC3FC
0F00F0
0F00F0
000000
000000
000000
000000
000000
000000
000000
000000
000000
000000
000000
000000
000000
000000
000000
000000
0000F0
0000F0
0003FC
0003FC
0003FC
0003FC
0000F0
0000F0
000000
000000
000000
000000
0000F0
0000F0
0003FC
0003FC
0003FC
0003FC
0000F0
0000F0
000000
000000
ENDCHAR
STARTCHAR BRAILLE PATTERN DOTS-2468
ENCODING 10410
SWIDTH 1000 0
DWIDTH 24 0
BBX 24 48 0 -10
BITMAP
000000
000000
0000F0
0000F0
0003FC
0003FC
0003FC
0003FC
0000F0
0000F0
000000
000000
000000
000000
0F0000
0F0000
3FC000
3FC000
3FC000
3FC000
0F0000
0F0000
000000
000000
000000
000000
0000F0
0000F0
0003FC
0003FC
0003FC
0003FC
0000F0
0000F0
000000
000000
000000
000000
0000F0
0000F0
0003FC
0003FC
0003FC
0003FC
0000F0
0000F0
000000
000000
ENDCHAR
STARTCHAR BRAILLE PATTERN DOTS-12468
ENCODING 10411
SWIDTH 1000 0
DWIDTH 24 0
BBX 24 48 0 -10
BITMAP
000000
000000
0F00F0
0F00F0
3FC3FC
3FC3FC
3FC3FC
3FC3FC
0F00F0
0F00F0
000000
000000
000000
000000
0F0000
0F0000
3FC000
3FC000
3FC000
3FC000
0F0000
0F0000
000000
000000
000000
000000
0000F0
0000F0
0003FC
0003FC
0003FC
0003FC
0000F0
0000F0
000000
000000
000000
000000
0000F0
0000F0
0003FC
0003FC
0003FC
0003FC
0000F0
0000F0
000000
000000
ENDCHAR
STARTCHAR BRAILLE PATTERN DOTS-3468
ENCODING 10412
SWIDTH 1000 0
DWIDTH 24 0
BBX 24 48 0 -10
BITMAP
000000
000000
0000F0
0000F0
0003FC
0003FC
0003FC
0003FC
0000F0
0000F0
000000
000000
000000
000000
000000
000000
000000
000000
000000
000000
000000
000000
000000
000000
000000
000000
0F00F0
0F00F0
3FC3FC
3FC3FC
3FC3FC
3FC3FC
0F00F0
0F00F0
000000
000000
000000
000000
0000F0
0000F0
0003FC
0003FC
0003FC
0003FC
0000F0
0000F0
000000
000000
ENDCHAR
STARTCHAR BRAILLE PATTERN DOTS-13468
ENCODING 10413
SWIDTH 1000 0
DWIDTH 24 0
BBX 24 48 0 -10
BITMAP
000000
000000
0F00F0
0F00F0
3FC3FC
3FC3FC
3FC3FC
3FC3FC
0F00F0
0F00F0
000000
000000
000000
000000
000000
000000
000000
000000
000000
000000
000000
000000
000000
000000
000000
000000
0F00F0
0F00F0
3FC3FC
3FC3FC
3FC3FC
3FC3FC
0F00F0
0F00F0
000000
000000
000000
000000
0000F0
0000F0
0003FC
0003FC
0003FC
0003FC
0000F0
0000F0
000000
000000
ENDCHAR
STARTCHAR BRAILLE PATTERN DOTS-23468
ENCODING 10414
SWIDTH 1000 0
DWIDTH 24 0
BBX 24 48 0 -10
BITMAP
000000
000000
0000F0
0000F0
0003FC
0003FC
0003FC
0003FC
0000F0
0000F0
000000
000000
000000
000000
0F0000
0F0000
3FC000
3FC000
3FC000
3FC000
0F0000
0F0000
000000
000000
000000
000000
0F00F0
0F00F0
3FC3FC
3FC3FC
3FC3FC
3FC3FC
0F00F0
0F00F0
000000
000000
000000
000000
0000F0
0000F0
0003FC
0003FC
0003FC
0003FC
0000F0
0000F0
000000
000000
ENDCHAR
STARTCHAR BRAILLE PATTERN DOTS-123468
ENCODING 10415
SWIDTH 1000 0
DWIDTH 24 0
BBX 24 48 0 -10
BITMAP
000000
000000
0F00F0
0F00F0
3FC3FC
3FC3FC
3FC3FC
3FC3FC
0F00F0
0F00F0
000000
000000
000000
000000
0F0000
0F0000
3FC000
3FC000
3FC000
3FC000
0F0000
0F0000
000000
000000
000000
000000
0F00F0
0F00F0
3FC3FC
3FC3FC
3FC3FC
3FC3FC
0F00F0
0F00F0
000000
000000
000000
000000
0000F0
0000F0
0003FC
0003FC
0003FC
0003FC
0000F0
0000F0
000000
000000
ENDCHAR
STARTCHAR BRAILLE PATTERN DOTS-568
ENCODING 10416
SWIDTH 1000 0
DWIDTH 24 0
BBX 24 48 0 -10
BITMAP
000000
000000
000000
000000
000000
000000
000000
000000
000000
000000
000000
000000
000000
000000
0000F0
0000F0
0003FC
0003FC
0003FC
0003FC
0000F0
0000F0
000000
000000
000000
000000
0000F0
0000F0
0003FC
0003FC
0003FC
0003FC
0000F0
0000F0
000000
000000
000000
000000
0000F0
0000F0
0003FC
0003FC
0003FC
0003FC
0000F0
0000F0
000000
000000
ENDCHAR
STARTCHAR BRAILLE PATTERN DOTS-1568
ENCODING 10417
SWIDTH 1000 0
DWIDTH 24 0
BBX 24 48 0 -10
BITMAP
000000
000000
0F0000
0F0000
3FC000
3FC000
3FC000
3FC000
0F0000
0F0000
000000
000000
000000
000000
0000F0
0000F0
0003FC
0003FC
0003FC
0003FC
0000F0
0000F0
000000
000000
000000
000000
0000F0
0000F0
0003FC
0003FC
0003FC
0003FC
0000F0
0000F0
000000
000000
000000
000000
0000F0
0000F0
0003FC
0003FC
0003FC
0003FC
0000F0
0000F0
000000
000000
ENDCHAR
STARTCHAR BRAILLE PATTERN DOTS-2568
ENCODING 10418
SWIDTH 1000 0
DWIDTH 24 0
BBX 24 48 0 -10
BITMAP
000000
000000
000000
000000
000000
000000
000000
000000
000000
000000
000000
000000
000000
000000
0F00F0
0F00F0
3FC3FC
3FC3FC
3FC3FC
3FC3FC
0F00F0
0F00F0
000000
000000
000000
000000
0000F0
0000F0
0003FC
0003FC
0003FC
0003FC
0000F0
0000F0
000000
000000
000000
000000
0000F0
0000F0
0003FC
0003FC
0003FC
0003FC
0000F0
0000F0
000000
000000
ENDCHAR
STARTCHAR BRAILLE PATTERN DOTS-12568
ENCODING 10419
SWIDTH 1000 0
DWIDTH 24 0
BBX 24 48 0 -10
BITMAP
000000
000000
0F0000
0F0000
3FC000
3FC000
3FC000
3FC000
0F0000
0F0000
000000
000000
000000
000000
0F00F0
0F00F0
3FC3FC
3FC3FC
3FC3FC
3FC3FC
0F00F0
0F00F0
000000
000000
000000
000000
0000F0
0000F0
0003FC
0003FC
0003FC
0003FC
0000F0
0000F0
000000
000000
000000
000000
0000F0
0000F0
0003FC
0003FC
0003FC
0003FC
0000F0
0000F0
000000
000000
ENDCHAR
STARTCHAR BRAILLE PATTERN DOTS-3568
ENCODING 10420
SWIDTH 1000 0
DWIDTH 24 0
BBX 24 48 0 -10
BITMAP
000000
000000
000000
000000
000000
000000
000000
000000
000000
000000
000000
000000
000000
000000
0000F0
0000F0
0003FC
0003FC
0003FC
0003FC
0000F0
0000F0
000000
000000
000000
000000
0F00F0
0F00F0
3FC3FC
3FC3FC
3FC3FC
3FC3FC
0F00F0
0F00F0
000000
000000
000000
000000
0000F0
0000F0
0003FC
0003FC
0003FC
0003FC
0000F0
0000F0
000000
000000
ENDCHAR
STARTCHAR BRAILLE PATTERN DOTS-13568
ENCODING 10421
SWIDTH 1000 0
DWIDTH 24 0
BBX 24 48 0 -10
BITMAP
000000
000000
0F0000
0F0000
3FC000
3FC000
3FC000
3FC000
0F0000
0F0000
000000
000000
000000
000000
0000F0
0000F0
0003FC
0003FC
0003FC
0003FC
0000F0
0000F0
000000
000000
000000
000000
0F00F0
0F00F0
3FC3FC
3FC3FC
3FC3FC
3FC3FC
0F00F0
0F00F0
000000
000000
000000
000000
0000F0
0000F0
0003FC
0003FC
0003FC
0003FC
0000F0
0000F0
000000
000000
ENDCHAR
STARTCHAR BRAILLE PATTERN DOTS-23568
ENCODING 10422
SWIDTH 1000 0
DWIDTH 24 0
BBX 24 48 0 -10
BITMAP
000000
000000
000000
000000
000000
000000
000000
000000
000000
000000
000000
000000
000000
000000
0F00F0
0F00F0
3FC3FC
3FC3FC
3FC3FC
3FC3FC
0F00F0
0F00F0
000000
000000
000000
000000
0F00F0
0F00F0
3FC3FC
3FC3FC
3FC3FC
3FC3FC
0F00F0
0F00F0
000000
000000
000000
000000
0000F0
0000F0
0003FC
0003FC
0003FC
0003FC
0000F0
0000F0
000000
000000
ENDCHAR
STARTCHAR BRAILLE PATTERN DOTS-123568
ENCODING 10423
SWIDTH 1000 0
DWIDTH 24 0
BBX 24 48 0 -10
BITMAP
000000
000000
0F0000
0F0000
3FC000
3FC000
3FC000
3FC000
0F0000
0F0000
000000
000000
000000
000000
0F00F0
0F00F0
3FC3FC
3FC3FC
3FC3FC
3FC3FC
0F00F0
0F00F0
000000
000000
000000
000000
0F00F0
0F00F0
3FC3FC
3FC3FC
3FC3FC
3FC3FC
0F00F0
0F00F0
000000
000000
000000
000000
0000F0
0000F0
0003FC
0003FC
0003FC
0003FC
0000F0
0000F0
000000
000000
ENDCHAR
STARTCHAR BRAILLE PATTERN DOTS-4568
ENCODING 10424
SWIDTH 1000 0
DWIDTH 24 0
BBX 24 48 0 -10
BITMAP
000000
000000
0000F0
0000F0
0003FC
0003FC
0003FC
0003FC
0000F0
0000F0
000000
000000
000000
000000
0000F0
0000F0
0003FC
0003FC
0003FC
0003FC
0000F0
0000F0
000000
000000
000000
000000
0000F0
0000F0
0003FC
0003FC
0003FC
0003FC
0000F0
0000F0
000000
000000
000000
000000
0000F0
0000F0
0003FC
0003FC
0003FC
0003FC
0000F0
0000F0
000000
000000
ENDCHAR
STARTCHAR BRAILLE PATTERN DOTS-14568
ENCODING 10425
SWIDTH 1000 0
DWIDTH 24 0
BBX 24 48 0 -10
BITMAP
000000
000000
0F00F0
0F00F0
3FC3FC
3FC3FC
3FC3FC
3FC3FC
0F00F0
0F00F0
000000
000000
000000
000000
0000F0
0000F0
0003FC
0003FC
0003FC
0003FC
0000F0
0000F0
000000
000000
000000
000000
0000F0
0000F0
0003FC
0003FC
0003FC
0003FC
0000F0
0000F0
000000
000000
000000
000000
0000F0
0000F0
0003FC
0003FC
0003FC
0003FC
0000F0
0000F0
000000
000000
ENDCHAR
STARTCHAR BRAILLE PATTERN DOTS-24568
ENCODING 10426
SWIDTH 1000 0
DWIDTH 24 0
BBX 24 48 0 -10
BITMAP
000000
000000
0000F0
0000F0
0003FC
0003FC
0003FC
0003FC
0000F0
0000F0
000000
000000
000000
000000
0F00F0
0F00F0
3FC3FC
3FC3FC
3FC3FC
3FC3FC
0F00F0
0F00F0
000000
000000
000000
000000
0000F0
0000F0
0003FC
0003FC
0003FC
0003FC
0000F0
0000F0
000000
000000
000000
000000
0000F0
0000F0
0003FC
0003FC
0003FC
0003FC
0000F0
0000F0
000000
000000
ENDCHAR
STARTCHAR BRAILLE PATTERN DOTS-124568
ENCODING 10427
SWIDTH 1000 0
DWIDTH 24 0
BBX 24 48 0 -10
BITMAP
000000
000000
0F00F0
0F00F0
3FC3FC
3FC3FC
3FC3FC
3FC3FC
0F00F0
0F00F0
000000
000000
000000
000000
0F00F0
0F00F0
3FC3FC
3FC3FC
3FC3FC
3FC3FC
0F00F0
0F00F0
000000
000000
000000
000000
0000F0
0000F0
0003FC
0003FC
0003FC
0003FC
0000F0
0000F0
000000
000000
000000
000000
0000F0
0000F0
0003FC
0003FC
0003FC
0003FC
0000F0
0000F0
000000
000000
ENDCHAR
STARTCHAR BRAILLE PATTERN DOTS-34568
ENCODING 10428
SWIDTH 1000 0
DWIDTH 24 0
BBX 24 48 0 -10
BITMAP
000000
000000
0000F0
0000F0
0003FC
0003FC
0003FC
0003FC
0000F0
0000F0
000000
000000
000000
000000
0000F0
0000F0
0003FC
0003FC
0003FC
0003FC
0000F0
0000F0
000000
000000
000000
000000
0F00F0
0F00F0
3FC3FC
3FC3FC
3FC3FC
3FC3FC
0F00F0
0F00F0
000000
000000
000000
000000
0000F0
0000F0
0003FC
0003FC
0003FC
0003FC
0000F0
0000F0
000000
000000
ENDCHAR
STARTCHAR BRAILLE PATTERN DOTS-134568
ENCODING 10429
SWIDTH 1000 0
DWIDTH 24 0
BBX 24 48 0 -10
BITMAP
000000
000000
0F00F0
0F00F0
3FC3FC
3FC3FC
3FC3FC
3FC3FC
0F00F0
0F00F0
000000
000000
000000
000000
0000F0
0000F0
0003FC
0003FC
0003FC
0003FC
0000F0
0000F0
000000
000000
000000
000000
0F00F0
0F00F0
3FC3FC
3FC3FC
3FC3FC
3FC3FC
0F00F0
0F00F0
000000
000000
000000
000000
0000F0
0000F0
0003FC
0003FC
0003FC
0003FC
0000F0
0000F0
000000
000000
ENDCHAR
STARTCHAR BRAILLE PATTERN DOTS-234568
ENCODING 10430
SWIDTH 1000 0
DWIDTH 24 0
BBX 24 48 0 -10
BITMAP
000000
000000
0000F0
0000F0
0003FC
0003FC
0003FC
0003FC
0000F0
0000F0
000000
000000
000000
000000
0F00F0
0F00F0
3FC3FC
3FC3FC
3FC3FC
3FC3FC
0F00F0
0F00F0
000000
000000
000000
000000
0F00F0
0F00F0
3FC3FC
3FC3FC
3FC3FC
3FC3FC
0F00F0
0F00F0
000000
000000
000000
000000
0000F0
0000F0
0003FC
0003FC
0003FC
0003FC
0000F0
0000F0
000000
000000
ENDCHAR
STARTCHAR BRAILLE PATTERN DOTS-1234568
ENCODING 10431
SWIDTH 1000 0
DWIDTH 24 0
BBX 24 48 0 -10
BITMAP
000000
000000
0F00F0
0F00F0
3FC3FC
3FC3FC
3FC3FC
3FC3FC
0F00F0
0F00F0
000000
000000
000000
000000
0F00F0
0F00F0
3FC3FC
3FC3FC
3FC3FC
3FC3FC
0F00F0
0F00F0
000000
000000
000000
000000
0F00F0
0F00F0
3FC3FC
3FC3FC
3FC3FC
3FC3FC
0F00F0
0F00F0
000000
000000
000000
000000
0000F0
0000F0
0003FC
0003FC
0003FC
0003FC
0000F0
0000F0
000000
000000
ENDCHAR
STARTCHAR BRAILLE PATTERN DOTS-78
ENCODING 10432
SWIDTH 1000 0
DWIDTH 24 0
BBX 24 48 0 -10
BITMAP
000000
000000
000000
000000
000000
000000
000000
000000
000000
000000
000000
000000
000000
000000
000000
000000
000000
000000
000000
000000
000000
000000
000000
000000
000000
000000
000000
000000
000000
000000
000000
000000
000000
000000
000000
000000
000000
000000
0F00F0
0F00F0
3FC3FC
3FC3FC
3FC3FC
3FC3FC
0F00F0
0F00F0
000000
000000
ENDCHAR
STARTCHAR BRAILLE PATTERN DOTS-178
ENCODING 10433
SWIDTH 1000 0
DWIDTH 24 0
BBX 24 48 0 -10
BITMAP
000000
000000
0F0000
0F0000
3FC000
3FC000
3FC000
3FC000
0F0000
0F0000
000000
000000
000000
000000
000000
000000
000000
000000
000000
000000
000000
000000
000000
000000
000000
000000
000000
000000
000000
000000
000000
000000
000000
000000
000000
000000
000000
000000
0F00F0
0F00F0
3FC3FC
3FC3FC
3FC3FC
3FC3FC
0F00F0
0F00F0
000000
000000
ENDCHAR
STARTCHAR BRAILLE PATTERN DOTS-278
ENCODING 10434
SWIDTH 1000 0
DWIDTH 24 0
BBX 24 48 0 -10
BITMAP
000000
000000
000000
000000
000000
000000
000000
000000
000000
000000
000000
000000
000000
000000
0F0000
0F0000
3FC000
3FC000
3FC000
3FC000
0F0000
0F0000
000000
000000
000000
000000
000000
000000
000000
000000
000000
000000
000000
000000
000000
000000
000000
000000
0F00F0
0F00F0
3FC3FC
3FC3FC
3FC3FC
3FC3FC
0F00F0
0F00F0
000000
000000
ENDCHAR
STARTCHAR BRAILLE PATTERN DOTS-1278
ENCODING 10435
SWIDTH 1000 0
DWIDTH 24 0
BBX 24 48 0 -10
BITMAP
000000
000000
0F0000
0F0000
3FC000
3FC000
3FC000
3FC000
0F0000
0F0000
000000
000000
000000
000000
0F0000
0F0000
3FC000
3FC000
3FC000
3FC000
0F0000
0F0000
000000
000000
000000
000000
000000
000000
000000
000000
000000
000000
000000
000000
000000
000000
000000
000000
0F00F0
0F00F0
3FC3FC
3FC3FC
3FC3FC
3FC3FC
0F00F0
0F00F0
000000
000000
ENDCHAR
STARTCHAR BRAILLE PATTERN DOTS-378
ENCODING 10436
SWIDTH 1000 0
DWIDTH 24 0
BBX 24 48 0 -10
BITMAP
000000
000000
000000
000000
000000
000000
000000
000000
000000
000000
000000
000000
000000
000000
000000
000000
000000
000000
000000
000000
000000
000000
000000
000000
000000
000000
0F0000
0F0000
3FC000
3FC000
3FC000
3FC000
0F0000
0F0000
000000
000000
000000
000000
0F00F0
0F00F0
3FC3FC
3FC3FC
3FC3FC
3FC3FC
0F00F0
0F00F0
000000
000000
ENDCHAR
STARTCHAR BRAILLE PATTERN DOTS-1378
ENCODING 10437
SWIDTH 1000 0
DWIDTH 24 0
BBX 24 48 0 -10
BITMAP
000000
000000
0F0000
0F0000
3FC000
3FC000
3FC000
3FC000
0F0000
0F0000
000000
000000
000000
000000
000000
000000
000000
000000
000000
000000
000000
000000
000000
000000
000000
000000
0F0000
0F0000
3FC000
3FC000
3FC000
3FC000
0F0000
0F0000
000000
000000
000000
000000
0F00F0
0F00F0
3FC3FC
3FC3FC
3FC3FC
3FC3FC
0F00F0
0F00F0
000000
000000
ENDCHAR
STARTCHAR BRAILLE PATTERN DOTS-2378
ENCODING 10438
SWIDTH 1000 0
DWIDTH 24 0
BBX 24 48 0 -10
BITMAP
000000
000000
000000
000000
000000
000000
000000
000000
000000
000000
000000
000000
000000
000000
0F0000
0F0000
3FC000
3FC000
3FC000
3FC000
0F0000
0F0000
000000
000000
000000
000000
0F0000
0F0000
3FC000
3FC000
3FC000
3FC000
0F0000
0F0000
000000
000000
000000
000000
0F00F0
0F00F0
3FC3FC
3FC3FC
3FC3FC
3FC3FC
0F00F0
0F00F0
000000
000000
ENDCHAR
STARTCHAR BRAILLE PATTERN DOTS-12378
ENCODING 10439
SWIDTH 1000 0
DWIDTH 24 0
BBX 24 48 0 -10
BITMAP
000000
000000
0F0000
0F0000
3FC000
3FC000
3FC000
3FC000
0F0000
0F0000
000000
000000
000000
000000
0F0000
0F0000
3FC000
3FC000
3FC000
3FC000
0F0000
0F0000
000000
000000
000000
000000
0F0000
0F0000
3FC000
3FC000
3FC000
3FC000
0F0000
0F0000
000000
000000
000000
000000
0F00F0
0F00F0
3FC3FC
3FC3FC
3FC3FC
3FC3FC
0F00F0
0F00F0
000000
000000
ENDCHAR
STARTCHAR BRAILLE PATTERN DOTS-478
ENCODING 10440
SWIDTH 1000 0
DWIDTH 24 0
BBX 24 48 0 -10
BITMAP
000000
000000
0000F0
0000F0
0003FC
0003FC
0003FC
0003FC
0000F0
0000F0
000000
000000
000000
000000
000000
000000
000000
000000
000000
000000
000000
000000
000000
000000
000000
000000
000000
000000
000000
000000
000000
000000
000000
000000
000000
000000
000000
000000
0F00F0
0F00F0
3FC3FC
3FC3FC
3FC3FC
3FC3FC
0F00F0
0F00F0
000000
000000
ENDCHAR
STARTCHAR BRAILLE PATTERN DOTS-1478
ENCODING 10441
SWIDTH 1000 0
DWIDTH 24 0
BBX 24 48 0 -10
BITMAP
000000
000000
0F00F0
0F00F0
3FC3FC
3FC3FC
3FC3FC
3FC3FC
0F00F0
0F00F0
000000
000000
000000
000000
000000
000000
000000
000000
000000
000000
000000
000000
000000
000000
000000
000000
000000
000000
000000
000000
000000
000000
000000
000000
000000
000000
000000
000000
0F00F0
0F00F0
3FC3FC
3FC3FC
3FC3FC
3FC3FC
0F00F0
0F00F0
000000
000000
ENDCHAR
STARTCHAR BRAILLE PATTERN DOTS-2478
ENCODING 10442
SWIDTH 1000 0
DWIDTH 24 0
BBX 24 48 0 -10
BITMAP
000000
000000
0000F0
0000F0
0003FC
0003FC
0003FC
0003FC
0000F0
0000F0
000000
000000
000000
000000
0F0000
0F0000
3FC000
3FC000
3FC000
3FC000
0F0000
0F0000
000000
000000
000000
000000
000000
000000
000000
000000
000000
000000
000000
000000
000000
000000
000000
000000
0F00F0
0F00F0
3FC3FC
3FC3FC
3FC3FC
3FC3FC
0F00F0
0F00F0
000000
000000
ENDCHAR
STARTCHAR BRAILLE PATTERN DOTS-12478
ENCODING 10443
SWIDTH 1000 0
DWIDTH 24 0
BBX 24 48 0 -10
BITMAP
000000
000000
0F00F0
0F00F0
3FC3FC
3FC3FC
3FC3FC
3FC3FC
0F00F0
0F00F0
000000
000000
000000
000000
0F0000
0F0000
3FC000
3FC000
3FC000
3FC000
0F0000
0F0000
000000
000000
000000
000000
000000
000000
000000
000000
000000
000000
000000
000000
000000
000000
000000
000000
0F00F0
0F00F0
3FC3FC
3FC3FC
3FC3FC
3FC3FC
0F00F0
0F00F0
000000
000000
ENDCHAR
STARTCHAR BRAILLE PATTERN DOTS-3478
ENCODING 10444
SWIDTH 1000 0
DWIDTH 24 0
BBX 24 48 0 -10
BITMAP
000000
000000
0000F0
0000F0
0003FC
0003FC
0003FC
0003FC
0000F0
0000F0
000000
000000
000000
000000
000000
000000
000000
000000
000000
000000
000000
000000
000000
000000
000000
000000
0F0000
0F0000
3FC000
3FC000
3FC000
3FC000
0F0000
0F0000
000000
000000
000000
000000
0F00F0
0F00F0
3FC3FC
3FC3FC
3FC3FC
3FC3FC
0F00F0
0F00F0
000000
000000
ENDCHAR
STARTCHAR BRAILLE PATTERN DOTS-13478
ENCODING 10445
SWIDTH 1000 0
DWIDTH 24 0
BBX 24 48 0 -10
BITMAP
000000
000000
0F00F0
0F00F0
3FC3FC
3FC3FC
3FC3FC
3FC3FC
0F00F0
0F00F0
000000
000000
000000
000000
000000
000000
000000
000000
000000
000000
000000
000000
000000
000000
000000
000000
0F0000
0F0000
3FC000
3FC000
3FC000
3FC000
0F0000
0F0000
000000
000000
000000
000000
0F00F0
0F00F0
3FC3FC
3FC3FC
3FC3FC
3FC3FC
0F00F0
0F00F0
000000
000000
ENDCHAR
STARTCHAR BRAILLE PATTERN DOTS-23478
ENCODING 10446
SWIDTH 1000 0
DWIDTH 24 0
BBX 24 48 0 -10
BITMAP
000000
000000
0000F0
0000F0
0003FC
0003FC
0003FC
0003FC
0000F0
0000F0
000000
000000
000000
000000
0F0000
0F0000
3FC000
3FC000
3FC000
3FC000
0F0000
0F0000
000000
000000
000000
000000
0F0000
0F0000
3FC000
3FC000
3FC000
3FC000
0F0000
0F0000
000000
000000
000000
000000
0F00F0
0F00F0
3FC3FC
3FC3FC
3FC3FC
3FC3FC
0F00F0
0F00F0
000000
000000
ENDCHAR
STARTCHAR BRAILLE PATTERN DOTS-123478
ENCODING 10447
SWIDTH 1000 0
DWIDTH 24 0
BBX 24 48 0 -10
BITMAP
000000
000000
0F00F0
0F00F0
3FC3FC
3FC3FC
3FC3FC
3FC3FC
0F00F0
0F00F0
000000
000000
000000
000000
0F0000
0F0000
3FC000
3FC000
3FC000
3FC000
0F0000
0F0000
000000
000000
000000
000000
0F0000
0F0000
3FC000
3FC000
3FC000
3FC000
0F0000
0F0000
000000
000000
000000
000000
0F00F0
0F00F0
3FC3FC
3FC3FC
3FC3FC
3FC3FC
0F00F0
0F00F0
000000
000000
ENDCHAR
STARTCHAR BRAILLE PATTERN DOTS-578
ENCODING 10448
SWIDTH 1000 0
DWIDTH 24 0
BBX 24 48 0 -10
BITMAP
000000
000000
000000
000000
000000
000000
000000
000000
000000
000000
000000
000000
000000
000000
0000F0
0000F0
0003FC
0003FC
0003FC
0003FC
0000F0
0000F0
000000
000000
000000
000000
000000
000000
000000
000000
000000
000000
000000
000000
000000
000000
000000
000000
0F00F0
0F00F0
3FC3FC
3FC3FC
3FC3FC
3FC3FC
0F00F0
0F00F0
000000
000000
ENDCHAR
STARTCHAR BRAILLE PATTERN DOTS-1578
ENCODING 10449
SWIDTH 1000 0
DWIDTH 24 0
BBX 24 48 0 -10
BITMAP
000000
000000
0F0000
0F0000
3FC000
3FC000
3FC000
3FC000
0F0000
0F0000
000000
000000
000000
000000
0000F0
0000F0
0003FC
0003FC
0003FC
0003FC
0000F0
0000F0
000000
000000
000000
000000
000000
000000
000000
000000
000000
000000
000000
000000
000000
000000
000000
000000
0F00F0
0F00F0
3FC3FC
3FC3FC
3FC3FC
3FC3FC
0F00F0
0F00F0
000000
000000
ENDCHAR
STARTCHAR BRAILLE PATTERN DOTS-2578
ENCODING 10450
SWIDTH 1000 0
DWIDTH 24 0
BBX 24 48 0 -10
BITMAP
000000
000000
000000
000000
000000
000000
000000
000000
000000
000000
000000
000000
000000
000000
0F00F0
0F00F0
3FC3FC
3FC3FC
3FC3FC
3FC3FC
0F00F0
0F00F0
000000
000000
000000
000000
000000
000000
000000
000000
000000
000000
000000
000000
000000
000000
000000
000000
0F00F0
0F00F0
3FC3FC
3FC3FC
3FC3FC
3FC3FC
0F00F0
0F00F0
000000
000000
ENDCHAR
STARTCHAR BRAILLE PATTERN DOTS-12578
ENCODING 10451
SWIDTH 1000 0
DWIDTH 24 0
BBX 24 48 0 -10
BITMAP
000000
000000
0F0000
0F0000
3FC000
3FC000
3FC000
3FC000
0F0000
0F0000
000000
000000
000000
000000
0F00F0
0F00F0
3FC3FC
3FC3FC
3FC3FC
3FC3FC
0F00F0
0F00F0
000000
000000
000000
000000
000000
000000
000000
000000
000000
000000
000000
000000
000000
000000
000000
000000
0F00F0
0F00F0
3FC3FC
3FC3FC
3FC3FC
3FC3FC
0F00F0
0F00F0
000000
000000
ENDCHAR
STARTCHAR BRAILLE PATTERN DOTS-3578
ENCODING 10452
SWIDTH 1000 0
DWIDTH 24 0
BBX 24 48 0 -10
BITMAP
000000
000000
000000
000000
000000
000000
000000
000000
000000
000000
000000
000000
000000
000000
0000F0
0000F0
0003FC
0003FC
0003FC
0003FC
0000F0
0000F0
000000
000000
000000
000000
0F0000
0F0000
3FC000
3FC000
3FC000
3FC000
0F0000
0F0000
000000
000000
000000
000000
0F00F0
0F00F0
3FC3FC
3FC3FC
3FC3FC
3FC3FC
0F00F0
0F00F0
000000
000000
ENDCHAR
STARTCHAR BRAILLE PATTERN DOTS-13578
ENCODING 10453
SWIDTH 1000 0
DWIDTH 24 0
BBX 24 48 0 -10
BITMAP
000000
000000
0F0000
0F0000
3FC000
3FC000
3FC000
3FC000
0F0000
0F0000
000000
000000
000000
000000
0000F0
0000F0
0003FC
0003FC
0003FC
0003FC
0000F0
0000F0
000000
000000
000000
000000
0F0000
0F0000
3FC000
3FC000
3FC000
3FC000
0F0000
0F0000
000000
000000
000000
000000
0F00F0
0F00F0
3FC3FC
3FC3FC
3FC3FC
3FC3FC
0F00F0
0F00F0
000000
000000
ENDCHAR
STARTCHAR BRAILLE PATTERN DOTS-23578
ENCODING 10454
SWIDTH 1000 0
DWIDTH 24 0
BBX 24 48 0 -10
BITMAP
000000
000000
000000
000000
000000
000000
000000
000000
000000
000000
000000
000000
000000
000000
0F00F0
0F00F0
3FC3FC
3FC3FC
3FC3FC
3FC3FC
0F00F0
0F00F0
000000
000000
000000
000000
0F0000
0F0000
3FC000
3FC000
3FC000
3FC000
0F0000
0F0000
000000
000000
000000
000000
0F00F0
0F00F0
3FC3FC
3FC3FC
3FC3FC
3FC3FC
0F00F0
0F00F0
000000
000000
ENDCHAR
STARTCHAR BRAILLE PATTERN DOTS-123578
ENCODING 10455
SWIDTH 1000 0
DWIDTH 24 0
BBX 24 48 0 -10
BITMAP
000000
000000
0F0000
0F0000
3FC000
3FC000
3FC000
3FC000
0F0000
0F0000
000000
000000
000000
000000
0F00F0
0F00F0
3FC3FC
3FC3FC
3FC3FC
3FC3FC
0F00F0
0F00F0
000000
000000
000000
000000
0F0000
0F0000
3FC000
3FC000
3FC000
3FC000
0F0000
0F0000
000000
000000
000000
000000
0F00F0
0F00F0
3FC3FC
3FC3FC
3FC3FC
3FC3FC
0F00F0
0F00F0
000000
000000
ENDCHAR
STARTCHAR BRAILLE PATTERN DOTS-4578
ENCODING 10456
SWIDTH 1000 0
DWIDTH 24 0
BBX 24 48 0 -10
BITMAP
000000
000000
0000F0
0000F0
0003FC
0003FC
0003FC
0003FC
0000F0
0000F0
000000
000000
000000
000000
0000F0
0000F0
0003FC
0003FC
0003FC
0003FC
0000F0
0000F0
000000
000000
000000
000000
000000
000000
000000
000000
000000
000000
000000
000000
000000
000000
000000
000000
0F00F0
0F00F0
3FC3FC
3FC3FC
3FC3FC
3FC3FC
0F00F0
0F00F0
000000
000000
ENDCHAR
STARTCHAR BRAILLE PATTERN DOTS-14578
ENCODING 10457
SWIDTH 1000 0
DWIDTH 24 0
BBX 24 48 0 -10
BITMAP
000000
000000
0F00F0
0F00F0
3FC3FC
3FC3FC
3FC3FC
3FC3FC
0F00F0
0F00F0
000000
000000
000000
000000
0000F0
0000F0
0003FC
0003FC
0003FC
0003FC
0000F0
0000F0
000000
000000
000000
000000
000000
000000
000000
000000
000000
000000
000000
000000
000000
000000
000000
000000
0F00F0
0F00F0
3FC3FC
3FC3FC
3FC3FC
3FC3FC
0F00F0
0F00F0
000000
000000
ENDCHAR
STARTCHAR BRAILLE PATTERN DOTS-24578
ENCODING 10458
SWIDTH 1000 0
DWIDTH 24 0
BBX 24 48 0 -10
BITMAP
000000
000000
0000F0
0000F0
0003FC
0003FC
0003FC
0003FC
0000F0
0000F0
000000
000000
000000
000000
0F00F0
0F00F0
3FC3FC
3FC3FC
3FC3FC
3FC3FC
0F00F0
0F00F0
000000
000000
000000
000000
000000
000000
000000
000000
000000
000000
000000
000000
000000
000000
000000
000000
0F00F0
0F00F0
3FC3FC
3FC3FC
3FC3FC
3FC3FC
0F00F0
0F00F0
000000
000000
ENDCHAR
STARTCHAR BRAILLE PATTERN DOTS-124578
ENCODING 10459
SWIDTH 1000 0
DWIDTH 24 0
BBX 24 48 0 -10
BITMAP
000000
000000
0F00F0
0F00F0
3FC3FC
3FC3FC
3FC3FC
3FC3FC
0F00F0
0F00F0
000000
000000
000000
000000
0F00F0
0F00F0
3FC3FC
3FC3FC
3FC3FC
3FC3FC
0F00F0
0F00F0
000000
000000
000000
000000
000000
000000
000000
000000
000000
000000
000000
000000
000000
000000
000000
000000
0F00F0
0F00F0
3FC3FC
3FC3FC
3FC3FC
3FC3FC
0F00F0
0F00F0
000000
000000
ENDCHAR
STARTCHAR BRAILLE PATTERN DOTS-34578
ENCODING 10460
SWIDTH 1000 0
DWIDTH 24 0
BBX 24 48 0 -10
BITMAP
000000
000000
0000F0
0000F0
0003FC
0003FC
0003FC
0003FC
0000F0
0000F0
000000
000000
000000
000000
0000F0
0000F0
0003FC
0003FC
0003FC
0003FC
0000F0
0000F0
000000
000000
000000
000000
0F0000
0F0000
3FC000
3FC000
3FC000
3FC000
0F0000
0F0000
000000
000000
000000
000000
0F00F0
0F00F0
3FC3FC
3FC3FC
3FC3FC
3FC3FC
0F00F0
0F00F0
000000
000000
ENDCHAR
STARTCHAR BRAILLE PATTERN DOTS-134578
ENCODING 10461
SWIDTH 1000 0
DWIDTH 24 0
BBX 24 48 0 -10
BITMAP
000000
000000
0F00F0
0F00F0
3FC3FC
3FC3FC
3FC3FC
3FC3FC
0F00F0
0F00F0
000000
000000
000000
000000
0000F0
0000F0
0003FC
0003FC
0003FC
0003FC
0000F0
0000F0
000000
000000
000000
000000
0F0000
0F0000
3FC000
3FC000
3FC000
3FC000
0F0000
0F0000
000000
000000
000000
000000
0F00F0
0F00F0
3FC3FC
3FC3FC
3FC3FC
3FC3FC
0F00F0
0F00F0
000000
000000
ENDCHAR
STARTCHAR BRAILLE PATTERN DOTS-234578
ENCODING 10462
SWIDTH 1000 0
DWIDTH 24 0
BBX 24 48 0 -10
BITMAP
000000
000000
0000F0
0000F0
0003FC
0003FC
0003FC
0003FC
0000F0
0000F0
000000
000000
000000
000000
0F00F0
0F00F0
3FC3FC
3FC3FC
3FC3FC
3FC3FC
0F00F0
0F00F0
000000
000000
000000
000000
0F0000
0F0000
3FC000
3FC000
3FC000
3FC000
0F0000
0F0000
000000
000000
000000
000000
0F00F0
0F00F0
3FC3FC
3FC3FC
3FC3FC
3FC3FC
0F00F0
0F00F0
000000
000000
ENDCHAR
STARTCHAR BRAILLE PATTERN DOTS-1234578
ENCODING 10463
SWIDTH 1000 0
DWIDTH 24 0
BBX 24 48 0 -10
BITMAP
000000
000000
0F00F0
0F00F0
3FC3FC
3FC3FC
3FC3FC
3FC3FC
0F00F0
0F00F0
000000
000000
000000
000000
0F00F0
0F00F0
3FC3FC
3FC3FC
3FC3FC
3FC3FC
0F00F0
0F00F0
000000
000000
000000
000000
0F0000
0F0000
3FC000
3FC000
3FC000
3FC000
0F0000
0F0000
000000
000000
000000
000000
0F00F0
0F00F0
3FC3FC
3FC3FC
3FC3FC
3FC3FC
0F00F0
0F00F0
000000
000000
ENDCHAR
STARTCHAR BRAILLE PATTERN DOTS-678
ENCODING 10464
SWIDTH 1000 0
DWIDTH 24 0
BBX 24 48 0 -10
BITMAP
000000
000000
000000
000000
000000
000000
000000
000000
000000
000000
000000
000000
000000
000000
000000
000000
000000
000000
000000
000000
000000
000000
000000
000000
000000
000000
0000F0
0000F0
0003FC
0003FC
0003FC
0003FC
0000F0
0000F0
000000
000000
000000
000000
0F00F0
0F00F0
3FC3FC
3FC3FC
3FC3FC
3FC3FC
0F00F0
0F00F0
000000
000000
ENDCHAR
STARTCHAR BRAILLE PATTERN DOTS-1678
ENCODING 10465
SWIDTH 1000 0
DWIDTH 24 0
BBX 24 48 0 -10
BITMAP
000000
000000
0F0000
0F0000
3FC000
3FC000
3FC000
3FC000
0F0000
0F0000
000000
000000
000000
000000
000000
000000
000000
000000
000000
000000
000000
000000
000000
000000
000000
000000
0000F0
0000F0
0003FC
0003FC
0003FC
0003FC
0000F0
0000F0
000000
000000
000000
000000
0F00F0
0F00F0
3FC3FC
3FC3FC
3FC3FC
3FC3FC
0F00F0
0F00F0
000000
000000
ENDCHAR
STARTCHAR BRAILLE PATTERN DOTS-2678
ENCODING 10466
SWIDTH 1000 0
DWIDTH 24 0
BBX 24 48 0 -10
BITMAP
000000
000000
000000
000000
000000
000000
000000
000000
000000
000000
000000
000000
000000
000000
0F0000
0F0000
3FC000
3FC000
3FC000
3FC000
0F0000
0F0000
000000
000000
000000
000000
0000F0
0000F0
0003FC
0003FC
0003FC
0003FC
0000F0
0000F0
000000
000000
000000
000000
0F00F0
0F00F0
3FC3FC
3FC3FC
3FC3FC
3FC3FC
0F00F0
0F00F0
000000
000000
ENDCHAR
STARTCHAR BRAILLE PATTERN DOTS-12678
ENCODING 10467
SWIDTH 1000 0
DWIDTH 24 0
BBX 24 48 0 -10
BITMAP
000000
000000
0F0000
0F0000
3FC000
3FC000
3FC000
3FC000
0F0000
0F0000
000000
000000
000000
000000
0F0000
0F0000
3FC000
3FC000
3FC000
3FC000
0F0000
0F0000
000000
000000
000000
000000
0000F0
0000F0
0003FC
0003FC
0003FC
0003FC
0000F0
0000F0
000000
000000
000000
000000
0F00F0
0F00F0
3FC3FC
3FC3FC
3FC3FC
3FC3FC
0F00F0
0F00F0
000000
000000
ENDCHAR
STARTCHAR BRAILLE PATTERN DOTS-3678
ENCODING 10468
SWIDTH 1000 0
DWIDTH 24 0
BBX 24 48 0 -10
BITMAP
000000
000000
000000
000000
000000
000000
000000
000000
000000
000000
000000
000000
000000
000000
000000
000000
000000
000000
000000
000000
000000
000000
000000
000000
000000
000000
0F00F0
0F00F0
3FC3FC
3FC3FC
3FC3FC
3FC3FC
0F00F0
0F00F0
000000
000000
000000
000000
0F00F0
0F00F0
3FC3FC
3FC3FC
3FC3FC
3FC3FC
0F00F0
0F00F0
000000
000000
ENDCHAR
STARTCHAR BRAILLE PATTERN DOTS-13678
ENCODING 10469
SWIDTH 1000 0
DWIDTH 24 0
BBX 24 48 0 -10
BITMAP
000000
000000
0F0000
0F0000
3FC000
3FC000
3FC000
3FC000
0F0000
0F0000
000000
000000
000000
000000
000000
000000
000000
000000
000000
000000
000000
000000
000000
000000
000000
000000
0F00F0
0F00F0
3FC3FC
3FC3FC
3FC3FC
3FC3FC
0F00F0
0F00F0
000000
000000
000000
000000
0F00F0
0F00F0
3FC3FC
3FC3FC
3FC3FC
3FC3FC
0F00F0
0F00F0
000000
000000
ENDCHAR
STARTCHAR BRAILLE PATTERN DOTS-23678
ENCODING 10470
SWIDTH 1000 0
DWIDTH 24 0
BBX 24 48 0 -10
BITMAP
000000
000000
000000
000000
000000
000000
000000
000000
000000
000000
000000
000000
000000
000000
0F0000
0F0000
3FC000
3FC000
3FC000
3FC000
0F0000
0F0000
000000
000000
000000
000000
0F00F0
0F00F0
3FC3FC
3FC3FC
3FC3FC
3FC3FC
0F00F0
0F00F0
000000
000000
000000
000000
0F00F0
0F00F0
3FC3FC
3FC3FC
3FC3FC
3FC3FC
0F00F0
0F00F0
000000
000000
ENDCHAR
STARTCHAR BRAILLE PATTERN DOTS-123678
ENCODING 10471
SWIDTH 1000 0
DWIDTH 24 0
BBX 24 48 0 -10
BITMAP
000000
000000
0F0000
0F0000
3FC000
3FC000
3FC000
3FC000
0F0000
0F0000
000000
000000
000000
000000
0F0000
0F0000
3FC000
3FC000
3FC000
3FC000
0F0000
0F0000
000000
000000
000000
000000
0F00F0
0F00F0
3FC3FC
3FC3FC
3FC3FC
3FC3FC
0F00F0
0F00F0
000000
000000
000000
000000
0F00F0
0F00F0
3FC3FC
3FC3FC
3FC3FC
3FC3FC
0F00F0
0F00F0
000000
000000
ENDCHAR
STARTCHAR BRAILLE PATTERN DOTS-4678
ENCODING 10472
SWIDTH 1000 0
DWIDTH 24 0
BBX 24 48 0 -10
BITMAP
000000
000000
0000F0
0000F0
0003FC
0003FC
0003FC
0003FC
0000F0
0000F0
000000
000000
000000
000000
000000
000000
000000
000000
000000
000000
000000
000000
000000
000000
000000
000000
0000F0
0000F0
0003FC
0003FC
0003FC
0003FC
0000F0
0000F0
000000
000000
000000
000000
0F00F0
0F00F0
3FC3FC
3FC3FC
3FC3FC
3FC3FC
0F00F0
0F00F0
000000
000000
ENDCHAR
STARTCHAR BRAILLE PATTERN DOTS-14678
ENCODING 10473
SWIDTH 1000 0
DWIDTH 24 0
BBX 24 48 0 -10
BITMAP
000000
000000
0F00F0
0F00F0
3FC3FC
3FC3FC
3FC3FC
3FC3FC
0F00F0
0F00F0
000000
000000
000000
000000
000000
000000
000000
000000
000000
000000
000000
000000
000000
000000
000000
000000
0000F0
0000F0
0003FC
0003FC
0003FC
0003FC
0000F0
0000F0
000000
000000
000000
000000
0F00F0
0F00F0
3FC3FC
3FC3FC
3FC3FC
3FC3FC
0F00F0
0F00F0
000000
000000
ENDCHAR
STARTCHAR BRAILLE PATTERN DOTS-24678
ENCODING 10474
SWIDTH 1000 0
DWIDTH 24 0
BBX 24 48 0 -10
BITMAP
000000
000000
0000F0
0000F0
0003FC
0003FC
0003FC
0003FC
0000F0
0000F0
000000
000000
000000
000000
0F0000
0F0000
3FC000
3FC000
3FC000
3FC000
0F0000
0F0000
000000
000000
000000
000000
0000F0
0000F0
0003FC
0003FC
0003FC
0003FC
0000F0
0000F0
000000
000000
000000
000000
0F00F0
0F00F0
3FC3FC
3FC3FC
3FC3FC
3FC3FC
0F00F0
0F00F0
000000
000000
ENDCHAR
STARTCHAR BRAILLE PATTERN DOTS-124678
ENCODING 10475
SWIDTH 1000 0
DWIDTH 24 0
BBX 24 48 0 -10
BITMAP
000000
000000
0F00F0
0F00F0
3FC3FC
3FC3FC
3FC3FC
3FC3FC
0F00F0
0F00F0
000000
000000
000000
000000
0F0000
0F0000
3FC000
3FC000
3FC000
3FC000
0F0000
0F0000
000000
000000
000000
000000
0000F0
0000F0
0003FC
0003FC
0003FC
0003FC
0000F0
0000F0
000000
000000
000000
000000
0F00F0
0F00F0
3FC3FC
3FC3FC
3FC3FC
3FC3FC
0F00F0
0F00F0
000000
000000
ENDCHAR
STARTCHAR BRAILLE PATTERN DOTS-34678
ENCODING 10476
SWIDTH 1000 0
DWIDTH 24 0
BBX 24 48 0 -10
BITMAP
000000
000000
0000F0
0000F0
0003FC
0003FC
0003FC
0003FC
0000F0
0000F0
000000
000000
000000
000000
000000
000000
000000
000000
000000
000000
000000
000000
000000
000000
000000
000000
0F00F0
0F00F0
3FC3FC
3FC3FC
3FC3FC
3FC3FC
0F00F0
0F00F0
000000
000000
000000
000000
0F00F0
0F00F0
3FC3FC
3FC3FC
3FC3FC
3FC3FC
0F00F0
0F00F0
000000
000000
ENDCHAR
STARTCHAR BRAILLE PATTERN DOTS-134678
ENCODING 10477
SWIDTH 1000 0
DWIDTH 24 0
BBX 24 48 0 -10
BITMAP
000000
000000
0F00F0
0F00F0
3FC3FC
3FC3FC
3FC3FC
3FC3FC
0F00F0
0F00F0
000000
000000
000000
000000
000000
000000
000000
000000
000000
000000
000000
000000
000000
000000
000000
000000
0F00F0
0F00F0
3FC3FC
3FC3FC
3FC3FC
3FC3FC
0F00F0
0F00F0
000000
000000
000000
000000
0F00F0
0F00F0
3FC3FC
3FC3FC
3FC3FC
3FC3FC
0F00F0
0F00F0
000000
000000
ENDCHAR
STARTCHAR BRAILLE PATTERN DOTS-234678
ENCODING 10478
SWIDTH 1000 0
DWIDTH 24 0
BBX 24 48 0 -10
BITMAP
000000
000000
0000F0
0000F0
0003FC
0003FC
0003FC
0003FC
0000F0
0000F0
000000
000000
000000
000000
0F0000
0F0000
3FC000
3FC000
3FC000
3FC000
0F0000
0F0000
000000
000000
000000
000000
0F00F0
0F00F0
3FC3FC
3FC3FC
3FC3FC
3FC3FC
0F00F0
0F00F0
000000
000000
000000
000000
0F00F0
0F00F0
3FC3FC
3FC3FC
3FC3FC
3FC3FC
0F00F0
0F00F0
000000
000000
ENDCHAR
STARTCHAR BRAILLE PATTERN DOTS-1234678
ENCODING 10479
SWIDTH 1000 0
DWIDTH 24 0
BBX 24 48 0 -10
BITMAP
000000
000000
0F00F0
0F00F0
3FC3FC
3FC3FC
3FC3FC
3FC3FC
0F00F0
0F00F0
000000
000000
000000
000000
0F0000
0F0000
3FC000
3FC000
3FC000
3FC000
0F0000
0F0000
000000
000000
000000
000000
0F00F0
0F00F0
3FC3FC
3FC3FC
3FC3FC
3FC3FC
0F00F0
0F00F0
000000
000000
000000
000000
0F00F0
0F00F0
3FC3FC
3FC3FC
3FC3FC
3FC3FC
0F00F0
0F00F0
000000
000000
ENDCHAR
STARTCHAR BRAILLE PATTERN DOTS-5678
ENCODING 10480
SWIDTH 1000 0
DWIDTH 24 0
BBX 24 48 0 -10
BITMAP
000000
000000
000000
000000
000000
000000
000000
000000
000000
000000
000000
000000
000000
000000
0000F0
0000F0
0003FC
0003FC
0003FC
0003FC
0000F0
0000F0
000000
000000
000000
000000
0000F0
0000F0
0003FC
0003FC
0003FC
0003FC
0000F0
0000F0
000000
000000
000000
000000
0F00F0
0F00F0
3FC3FC
3FC3FC
3FC3FC
3FC3FC
0F00F0
0F00F0
000000
000000
ENDCHAR
STARTCHAR BRAILLE PATTERN DOTS-15678
ENCODING 10481
SWIDTH 1000 0
DWIDTH 24 0
BBX 24 48 0 -10
BITMAP
000000
000000
0F0000
0F0000
3FC000
3FC000
3FC000
3FC000
0F0000
0F0000
000000
000000
000000
000000
0000F0
0000F0
0003FC
0003FC
0003FC
0003FC
0000F0
0000F0
000000
000000
000000
000000
0000F0
0000F0
0003FC
0003FC
0003FC
0003FC
0000F0
0000F0
000000
000000
000000
000000
0F00F0
0F00F0
3FC3FC
3FC3FC
3FC3FC
3FC3FC
0F00F0
0F00F0
000000
000000
ENDCHAR
STARTCHAR BRAILLE PATTERN DOTS-25678
ENCODING 10482
SWIDTH 1000 0
DWIDTH 24 0
BBX 24 48 0 -10
BITMAP
000000
000000
000000
000000
000000
000000
000000
000000
000000
000000
000000
000000
000000
000000
0F00F0
0F00F0
3FC3FC
3FC3FC
3FC3FC
3FC3FC
0F00F0
0F00F0
000000
000000
000000
000000
0000F0
0000F0
0003FC
0003FC
0003FC
0003FC
0000F0
0000F0
000000
000000
000000
000000
0F00F0
0F00F0
3FC3FC
3FC3FC
3FC3FC
3FC3FC
0F00F0
0F00F0
000000
000000
ENDCHAR
STARTCHAR BRAILLE PATTERN DOTS-125678
ENCODING 10483
SWIDTH 1000 0
DWIDTH 24 0
BBX 24 48 0 -10
BITMAP
000000
000000
0F0000
0F0000
3FC000
3FC000
3FC000
3FC000
0F0000
0F0000
000000
000000
000000
000000
0F00F0
0F00F0
3FC3FC
3FC3FC
3FC3FC
3FC3FC
0F00F0
0F00F0
000000
000000
000000
000000
0000F0
0000F0
0003FC
0003FC
0003FC
0003FC
0000F0
0000F0
000000
000000
000000
000000
0F00F0
0F00F0
3FC3FC
3FC3FC
3FC3FC
3FC3FC
0F00F0
0F00F0
000000
000000
ENDCHAR
STARTCHAR BRAILLE PATTERN DOTS-35678
ENCODING 10484
SWIDTH 1000 0
DWIDTH 24 0
BBX 24 48 0 -10
BITMAP
000000
000000
000000
000000
000000
000000
000000
000000
000000
000000
000000
000000
000000
000000
0000F0
0000F0
0003FC
0003FC
0003FC
0003FC
0000F0
0000F0
000000
000000
000000
000000
0F00F0
0F00F0
3FC3FC
3FC3FC
3FC3FC
3FC3FC
0F00F0
0F00F0
000000
000000
000000
000000
0F00F0
0F00F0
3FC3FC
3FC3FC
3FC3FC
3FC3FC
0F00F0
0F00F0
000000
000000
ENDCHAR
STARTCHAR BRAILLE PATTERN DOTS-135678
ENCODING 10485
SWIDTH 1000 0
DWIDTH 24 0
BBX 24 48 0 -10
BITMAP
000000
000000
0F0000
0F0000
3FC000
3FC000
3FC000
3FC000
0F0000
0F0000
000000
000000
000000
000000
0000F0
0000F0
0003FC
0003FC
0003FC
0003FC
0000F0
0000F0
000000
000000
000000
000000
0F00F0
0F00F0
3FC3FC
3FC3FC
3FC3FC
3FC3FC
0F00F0
0F00F0
000000
000000
000000
000000
0F00F0
0F00F0
3FC3FC
3FC3FC
3FC3FC
3FC3FC
0F00F0
0F00F0
000000
000000
ENDCHAR
STARTCHAR BRAILLE PATTERN DOTS-235678
ENCODING 10486
SWIDTH 1000 0
DWIDTH 24 0
BBX 24 48 0 -10
BITMAP
000000
000000
000000
000000
000000
000000
000000
000000
000000
000000
000000
000000
000000
000000
0F00F0
0F00F0
3FC3FC
3FC3FC
3FC3FC
3FC3FC
0F00F0
0F00F0
000000
000000
000000
000000
0F00F0
0F00F0
3FC3FC
3FC3FC
3FC3FC
3FC3FC
0F00F0
0F00F0
000000
000000
000000
000000
0F00F0
0F00F0
3FC3FC
3FC3FC
3FC3FC
3FC3FC
0F00F0
0F00F0
000000
000000
ENDCHAR
STARTCHAR BRAILLE PATTERN DOTS-1235678
ENCODING 10487
SWIDTH 1000 0
DWIDTH 24 0
BBX 24 48 0 -10
BITMAP
000000
000000
0F0000
0F0000
3FC000
3FC000
3FC000
3FC000
0F0000
0F0000
000000
000000
000000
000000
0F00F0
0F00F0
3FC3FC
3FC3FC
3FC3FC
3FC3FC
0F00F0
0F00F0
000000
000000
000000
000000
0F00F0
0F00F0
3FC3FC
3FC3FC
3FC3FC
3FC3FC
0F00F0
0F00F0
000000
000000
000000
000000
0F00F0
0F00F0
3FC3FC
3FC3FC
3FC3FC
3FC3FC
0F00F0
0F00F0
000000
000000
ENDCHAR
STARTCHAR BRAILLE PATTERN DOTS-45678
ENCODING 10488
SWIDTH 1000 0
DWIDTH 24 0
BBX 24 48 0 -10
BITMAP
000000
000000
0000F0
0000F0
0003FC
0003FC
0003FC
0003FC
0000F0
0000F0
000000
000000
000000
000000
0000F0
0000F0
0003FC
0003FC
0003FC
0003FC
0000F0
0000F0
000000
000000
000000
000000
0000F0
0000F0
0003FC
0003FC
0003FC
0003FC
0000F0
0000F0
000000
000000
000000
000000
0F00F0
0F00F0
3FC3FC
3FC3FC
3FC3FC
3FC3FC
0F00F0
0F00F0
000000
000000
ENDCHAR
STARTCHAR BRAILLE PATTERN DOTS-145678
ENCODING 10489
SWIDTH 1000 0
DWIDTH 24 0
BBX 24 48 0 -10
BITMAP
000000
000000
0F00F0
0F00F0
3FC3FC
3FC3FC
3FC3FC
3FC3FC
0F00F0
0F00F0
000000
000000
000000
000000
0000F0
0000F0
0003FC
0003FC
0003FC
0003FC
0000F0
0000F0
000000
000000
000000
000000
0000F0
0000F0
0003FC
0003FC
0003FC
0003FC
0000F0
0000F0
000000
000000
000000
000000
0F00F0
0F00F0
3FC3FC
3FC3FC
3FC3FC
3FC3FC
0F00F0
0F00F0
000000
000000
ENDCHAR
STARTCHAR BRAILLE PATTERN DOTS-245678
ENCODING 10490
SWIDTH 1000 0
DWIDTH 24 0
BBX 24 48 0 -10
BITMAP
000000
000000
0000F0
0000F0
0003FC
0003FC
0003FC
0003FC
0000F0
0000F0
000000
000000
000000
000000
0F00F0
0F00F0
3FC3FC
3FC3FC
3FC3FC
3FC3FC
0F00F0
0F00F0
000000
000000
000000
000000
0000F0
0000F0
0003FC
0003FC
0003FC
0003FC
0000F0
0000F0
000000
000000
000000
000000
0F00F0
0F00F0
3FC3FC
3FC3FC
3FC3FC
3FC3FC
0F00F0
0F00F0
000000
000000
ENDCHAR
STARTCHAR BRAILLE PATTERN DOTS-1245678
ENCODING 10491
SWIDTH 1000 0
DWIDTH 24 0
BBX 24 48 0 -10
BITMAP
000000
000000
0F00F0
0F00F0
3FC3FC
3FC3FC
3FC3FC
3FC3FC
0F00F0
0F00F0
000000
000000
000000
000000
0F00F0
0F00F0
3FC3FC
3FC3FC
3FC3FC
3FC3FC
0F00F0
0F00F0
000000
000000
000000
000000
0000F0
0000F0
0003FC
0003FC
0003FC
0003FC
0000F0
0000F0
000000
000000
000000
000000
0F00F0
0F00F0
3FC3FC
3FC3FC
3FC3FC
3FC3FC
0F00F0
0F00F0
000000
000000
ENDCHAR
STARTCHAR BRAILLE PATTERN DOTS-345678
ENCODING 10492
SWIDTH 1000 0
DWIDTH 24 0
BBX 24 48 0 -10
BITMAP
000000
000000
0000F0
0000F0
0003FC
0003FC
0003FC
0003FC
0000F0
0000F0
000000
000000
000000
000000
0000F0
0000F0
0003FC
0003FC
0003FC
0003FC
0000F0
0000F0
000000
000000
000000
000000
0F00F0
0F00F0
3FC3FC
3FC3FC
3FC3FC
3FC3FC
0F00F0
0F00F0
000000
000000
000000
000000
0F00F0
0F00F0
3FC3FC
3FC3FC
3FC3FC
3FC3FC
0F00F0
0F00F0
000000
000000
ENDCHAR
STARTCHAR BRAILLE PATTERN DOTS-1345678
ENCODING 10493
SWIDTH 1000 0
DWIDTH 24 0
BBX 24 48 0 -10
BITMAP
000000
000000
0F00F0
0F00F0
3FC3FC
3FC3FC
3FC3FC
3FC3FC
0F00F0
0F00F0
000000
000000
000000
000000
0000F0
0000F0
0003FC
0003FC
0003FC
0003FC
0000F0
0000F0
000000
000000
000000
000000
0F00F0
0F00F0
3FC3FC
3FC3FC
3FC3FC
3FC3FC
0F00F0
0F00F0
000000
000000
000000
000000
0F00F0
0F00F0
3FC3FC
3FC3FC
3FC3FC
3FC3FC
0F00F0
0F00F0
000000
000000
ENDCHAR
STARTCHAR BRAILLE PATTERN DOTS-2345678
ENCODING 10494
SWIDTH 1000 0
DWIDTH 24 0
BBX 24 48 0 -10
BITMAP
000000
000000
0000F0
0000F0
0003FC
0003FC
0003FC
0003FC
0000F0
0000F0
000000
000000
000000
000000
0F00F0
0F00F0
3FC3FC
3FC3FC
3FC3FC
3FC3FC
0F00F0
0F00F0
000000
000000
000000
000000
0F00F0
0F00F0
3FC3FC
3FC3FC
3FC3FC
3FC3FC
0F00F0
0F00F0
000000
000000
000000
000000
0F00F0
0F00F0
3FC3FC
3FC3FC
3FC3FC
3FC3FC
0F00F0
0F00F0
000000
000000
ENDCHAR
STARTCHAR BRAILLE PATTERN DOTS-12345678
ENCODING 10495
SWIDTH 1000 0
DWIDTH 24 0
BBX 24 48 0 -10
BITMAP
000000
000000
0F00F0
0F00F0
3FC3FC
3FC3FC
3FC3FC
3FC3FC
0F00F0
0F00F0
000000
000000
000000
000000
0F00F0
0F00F0
3FC3FC
3FC3FC
3FC3FC
3FC3FC
0F00F0
0F00F0
000000
000000
000000
000000
0F00F0
0F00F0
3FC3FC
3FC3FC
3FC3FC
3FC3FC
0F00F0
0F00F0
000000
000000
000000
000000
0F00F0
0F00F0
3FC3FC
3FC3FC
3FC3FC
3FC3FC
0F00F0
0F00F0
000000
000000
ENDCHAR
STARTCHAR char57504
ENCODING 57504
SWIDTH 1000 0
DWIDTH 24 0
BBX 24 48 0 -10
BITMAP
000000
000000
000000
000000
000000
000000
3C0000
3C0000
3C0000
3C0000
3C03C0
3C03C0
3C0FF0
3C0FF0
3C3FFC
3C3FFC
3C03C0
3C03C0
3C03C0
3C03C0
3C03C0
3C03C0
3C0F00
3C0F00
303C00
303C00
00F000
00F000
03C000
03C000
0F0000
0F0000
3C0000
3C0000
3C0000
3C0000
3C0000
3C0000
3C0000
3C0000
3C0000
3C0000
000000
000000
000000
000000
000000
000000
ENDCHAR
STARTCHAR char57505
ENCODING 57505
SWIDTH 1000 0
DWIDTH 24 0
BBX 24 48 0 -10
BITMAP
000000
000000
000000
000000
000000
000000
000000
000000
3C0000
3C0000
3C0000
3C0000
3C0000
3C0000
3C0000
3C0000
3C0000
3C0000
3C0000
3C0000
3C0000
3C0000
0FFC00
0FFC00
000000
000000
003C3C
003C3C
003C3C
003C3C
003F3C
003F3C
003F3C
003F3C
003CFC
003CFC
003CFC
003CFC
003C3C
003C3C
000000
000000
000000
000000
000000
000000
000000
000000
ENDCHAR
STARTCHAR char57506
ENCODING 57506
SWIDTH 1000 0
DWIDTH 24 0
BBX 24 48 0 -10
BITMAP
000000
000000
000000
000000
000000
000000
000000
000000
00FF00
00FF00
03FFC0
03FFC0
03C3C0
03C3C0
03C3C0
03C3C0
03C3C0
03C3C0
03C3C0
03C3C0
3FFFFC
3FFFFC
3FFFFC
3FFFFC
3FFFFC
3FFFFC
3FC3FC
3FC3FC
3F00FC
3F00FC
3F00FC
3F00FC
3FC3FC
3FC3FC
3FFFFC
3FFFFC
3FFFFC
3FFFFC
3FFFFC
3FFFFC
000000
000000
000000
000000
000000
000000
000000
000000
ENDCHAR
STARTCHAR char57520
ENCODING 57520
SWIDTH 1000 0
DWIDTH 24 0
BBX 24 48 0 -10
BITMAP
C00000
C00000
F00000
F00000
FC0000
FC0000
FF0000
FF0000
FFC000
FFC000
FFF000
FFF000
FFFC00
FFFC00
FFFF00
FFFF00
FFFFC0
FFFFC0
FFFFF0
FFFFF0
FFFFFC
FFFFFC
FFFFFF
FFFFFF
FFFFFF
FFFFFF
FFFFFC
FFFFFC
FFFFF0
FFFFF0
FFFFC0
FFFFC0
FFFF00
FFFF00
FFFC00
FFFC00
FFF000
FFF000
FFC000
FFC000
FF0000
FF0000
FC0000
FC0000
F00000
F00000
C00000
C00000
ENDCHAR
STARTCHAR char57521
ENCODING 57521
SWIDTH 1000 0
DWIDTH 24 0
BBX 24 48 0 -10
BITMAP
C00000
C00000
F00000
F00000
3C0000
3C0000
0F0000
0F0000
03C000
03C000
00F000
00F000
003C00
003C00
000F00
000F00
0003C0
0003C0
0000F0
0000F0
00003C
00003C
00000F
00000F
00000F
00000F
00003C
00003C
0000F0
0000F0
0003C0
0003C0
000F00
000F00
003C00
003C00
00F000
00F000
03C000
03C000
0F0000
0F0000
3C0000
3C0000
F00000
F00000
C00000
C00000
ENDCHAR
STARTCHAR char57522
ENCODING 57522
SWIDTH 1000 0
DWIDTH 24 0
BBX 24 48 0 -10
BITMAP
000003
000003
00000F
00000F
00003F
00003F
0000FF
0000FF
0003FF
0003FF
000FFF
000FFF
003FFF
003FFF
00FFFF
00FFFF
03FFFF
03FFFF
0FFFFF
0FFFFF
3FFFFF
3FFFFF
FFFFFF
FFFFFF
FFFFFF
FFFFFF
3FFFFF
3FFFFF
0FFFFF
0FFFFF
03FFFF
03FFFF
00FFFF
00FFFF
003FFF
003FFF
000FFF
000FFF
0003FF
0003FF
0000FF
0000FF
00003F
00003F
00000F
00000F
000003
000003
ENDCHAR
STARTCHAR char57523
ENCODING 57523
SWIDTH 1000 0
DWIDTH 24 0
BBX 24 48 0 -10
BITMAP
000003
000003
00000F
00000F
00003C
00003C
0000F0
0000F0
0003C0
0003C0
000F00
000F00
003C00
003C00
00F000
00F000
03C000
03C000
0F0000
0F0000
3C0000
3C0000
F00000
F00000
F00000
F00000
3C0000
3C0000
0F0000
0F0000
03C000
03C000
00F000
00F000
003C00
003C00
000F00
000F00
0003C0
0003C0
0000F0
0000F0
00003C
00003C
00000F
00000F
000003
000003
ENDCHAR
ENDFONT
